guardrail_type,current_object,guardrail_name,current_definition,current_enabled_or_valid,current_object_disposition,target_objects,required_action,verification_gate,implementation_status
CONSTRAINT,ai_call_log,ai_call_log_pkey,PRIMARY KEY (id),True,SPLIT_REDACT,ai_call,REIMPLEMENT_OR_REPLACE_AFTER_SEMANTIC_EQUIVALENCE_REVIEW,VALIDATION_AND_FK_ACTION_TEST,DESIGN_MAPPED_NOT_EXECUTED
CONSTRAINT,ai_daily_correction,ai_daily_correction_pkey,PRIMARY KEY (id),True,MERGE,ops_production_plan_line | ai_call,REIMPLEMENT_OR_REPLACE_AFTER_SEMANTIC_EQUIVALENCE_REVIEW,VALIDATION_AND_FK_ACTION_TEST,DESIGN_MAPPED_NOT_EXECUTED
CONSTRAINT,ai_daily_correction,ai_daily_correction_date_key,UNIQUE (date),True,MERGE,ops_production_plan_line | ai_call,REIMPLEMENT_OR_REPLACE_AFTER_SEMANTIC_EQUIVALENCE_REVIEW,VALIDATION_AND_FK_ACTION_TEST,DESIGN_MAPPED_NOT_EXECUTED
CONSTRAINT,app_audit_log,app_audit_log_action_check,CHECK (btrim(action) <> ''::text),True,MIGRATE,app_audit_event,REIMPLEMENT_OR_REPLACE_AFTER_SEMANTIC_EQUIVALENCE_REVIEW,VALIDATION_AND_FK_ACTION_TEST,DESIGN_MAPPED_NOT_EXECUTED
CONSTRAINT,app_audit_log,app_audit_log_object_type_check,CHECK (btrim(object_type) <> ''::text),True,MIGRATE,app_audit_event,REIMPLEMENT_OR_REPLACE_AFTER_SEMANTIC_EQUIVALENCE_REVIEW,VALIDATION_AND_FK_ACTION_TEST,DESIGN_MAPPED_NOT_EXECUTED
CONSTRAINT,app_audit_log,app_audit_log_result_check,"CHECK (result = ANY (ARRAY['success'::text, 'denied'::text, 'failed'::text, 'attempted'::text]))",True,MIGRATE,app_audit_event,REIMPLEMENT_OR_REPLACE_AFTER_SEMANTIC_EQUIVALENCE_REVIEW,VALIDATION_AND_FK_ACTION_TEST,DESIGN_MAPPED_NOT_EXECUTED
CONSTRAINT,app_audit_log,app_audit_log_user_id_fkey,FOREIGN KEY (user_id) REFERENCES app_user(id) ON DELETE SET NULL,True,MIGRATE,app_audit_event,REIMPLEMENT_OR_REPLACE_AFTER_SEMANTIC_EQUIVALENCE_REVIEW,VALIDATION_AND_FK_ACTION_TEST,DESIGN_MAPPED_NOT_EXECUTED
CONSTRAINT,app_audit_log,app_audit_log_pkey,PRIMARY KEY (id),True,MIGRATE,app_audit_event,REIMPLEMENT_OR_REPLACE_AFTER_SEMANTIC_EQUIVALENCE_REVIEW,VALIDATION_AND_FK_ACTION_TEST,DESIGN_MAPPED_NOT_EXECUTED
CONSTRAINT,app_role,app_role_code_check,CHECK (code ~ '^[a-z][a-z0-9_.-]*$'::text),True,MIGRATE,app_role,REIMPLEMENT_OR_REPLACE_AFTER_SEMANTIC_EQUIVALENCE_REVIEW,VALIDATION_AND_FK_ACTION_TEST,DESIGN_MAPPED_NOT_EXECUTED
CONSTRAINT,app_role,app_role_name_check,CHECK (btrim(name) <> ''::text),True,MIGRATE,app_role,REIMPLEMENT_OR_REPLACE_AFTER_SEMANTIC_EQUIVALENCE_REVIEW,VALIDATION_AND_FK_ACTION_TEST,DESIGN_MAPPED_NOT_EXECUTED
CONSTRAINT,app_role,app_role_permissions_known,"CHECK (permissions <@ ARRAY['finance.read'::text, 'finance.import'::text, 'cost_card.read'::text, 'cost_card.write'::text, 'cost_card.publish'::text, 'cost_item.price.write'::text, 'admin.users'::text, 'audit.read'::text])",True,MIGRATE,app_role,REIMPLEMENT_OR_REPLACE_AFTER_SEMANTIC_EQUIVALENCE_REVIEW,VALIDATION_AND_FK_ACTION_TEST,DESIGN_MAPPED_NOT_EXECUTED
CONSTRAINT,app_role,app_role_pkey,PRIMARY KEY (id),True,MIGRATE,app_role,REIMPLEMENT_OR_REPLACE_AFTER_SEMANTIC_EQUIVALENCE_REVIEW,VALIDATION_AND_FK_ACTION_TEST,DESIGN_MAPPED_NOT_EXECUTED
CONSTRAINT,app_role,app_role_code_key,UNIQUE (code),True,MIGRATE,app_role,REIMPLEMENT_OR_REPLACE_AFTER_SEMANTIC_EQUIVALENCE_REVIEW,VALIDATION_AND_FK_ACTION_TEST,DESIGN_MAPPED_NOT_EXECUTED
CONSTRAINT,app_session,app_session_expiry_check,CHECK (expires_at > created_at),True,REISSUE_NOT_MIGRATE,app_session,REIMPLEMENT_OR_REPLACE_AFTER_SEMANTIC_EQUIVALENCE_REVIEW,VALIDATION_AND_FK_ACTION_TEST,DESIGN_MAPPED_NOT_EXECUTED
CONSTRAINT,app_session,app_session_token_hash_check,CHECK (token_hash ~ '^[0-9a-f]{64}$'::text),True,REISSUE_NOT_MIGRATE,app_session,REIMPLEMENT_OR_REPLACE_AFTER_SEMANTIC_EQUIVALENCE_REVIEW,VALIDATION_AND_FK_ACTION_TEST,DESIGN_MAPPED_NOT_EXECUTED
CONSTRAINT,app_session,app_session_user_id_fkey,FOREIGN KEY (user_id) REFERENCES app_user(id) ON DELETE CASCADE,True,REISSUE_NOT_MIGRATE,app_session,REIMPLEMENT_OR_REPLACE_AFTER_SEMANTIC_EQUIVALENCE_REVIEW,VALIDATION_AND_FK_ACTION_TEST,DESIGN_MAPPED_NOT_EXECUTED
CONSTRAINT,app_session,app_session_pkey,PRIMARY KEY (id),True,REISSUE_NOT_MIGRATE,app_session,REIMPLEMENT_OR_REPLACE_AFTER_SEMANTIC_EQUIVALENCE_REVIEW,VALIDATION_AND_FK_ACTION_TEST,DESIGN_MAPPED_NOT_EXECUTED
CONSTRAINT,app_session,app_session_token_hash_key,UNIQUE (token_hash),True,REISSUE_NOT_MIGRATE,app_session,REIMPLEMENT_OR_REPLACE_AFTER_SEMANTIC_EQUIVALENCE_REVIEW,VALIDATION_AND_FK_ACTION_TEST,DESIGN_MAPPED_NOT_EXECUTED
CONSTRAINT,app_user,app_user_display_name_check,CHECK (btrim(display_name) <> ''::text),True,MIGRATE,app_user | app_user_role,REIMPLEMENT_OR_REPLACE_AFTER_SEMANTIC_EQUIVALENCE_REVIEW,VALIDATION_AND_FK_ACTION_TEST,DESIGN_MAPPED_NOT_EXECUTED
CONSTRAINT,app_user,app_user_failed_login_count_check,CHECK (failed_login_count >= 0),True,MIGRATE,app_user | app_user_role,REIMPLEMENT_OR_REPLACE_AFTER_SEMANTIC_EQUIVALENCE_REVIEW,VALIDATION_AND_FK_ACTION_TEST,DESIGN_MAPPED_NOT_EXECUTED
CONSTRAINT,app_user,app_user_password_hash_check,CHECK (btrim(password_hash) <> ''::text),True,MIGRATE,app_user | app_user_role,REIMPLEMENT_OR_REPLACE_AFTER_SEMANTIC_EQUIVALENCE_REVIEW,VALIDATION_AND_FK_ACTION_TEST,DESIGN_MAPPED_NOT_EXECUTED
CONSTRAINT,app_user,app_user_username_check,CHECK (btrim(username) <> ''::text),True,MIGRATE,app_user | app_user_role,REIMPLEMENT_OR_REPLACE_AFTER_SEMANTIC_EQUIVALENCE_REVIEW,VALIDATION_AND_FK_ACTION_TEST,DESIGN_MAPPED_NOT_EXECUTED
CONSTRAINT,app_user,app_user_role_code_fkey,FOREIGN KEY (role_code) REFERENCES app_role(code) ON UPDATE CASCADE ON DELETE RESTRICT,True,MIGRATE,app_user | app_user_role,REIMPLEMENT_OR_REPLACE_AFTER_SEMANTIC_EQUIVALENCE_REVIEW,VALIDATION_AND_FK_ACTION_TEST,DESIGN_MAPPED_NOT_EXECUTED
CONSTRAINT,app_user,app_user_pkey,PRIMARY KEY (id),True,MIGRATE,app_user | app_user_role,REIMPLEMENT_OR_REPLACE_AFTER_SEMANTIC_EQUIVALENCE_REVIEW,VALIDATION_AND_FK_ACTION_TEST,DESIGN_MAPPED_NOT_EXECUTED
CONSTRAINT,app_user_store_scope,app_user_store_scope_assigned_by_fkey,FOREIGN KEY (assigned_by) REFERENCES app_user(id) ON DELETE SET NULL,True,MIGRATE_REKEY,app_user_role | app_user_location_scope,REIMPLEMENT_OR_REPLACE_AFTER_SEMANTIC_EQUIVALENCE_REVIEW,VALIDATION_AND_FK_ACTION_TEST,DESIGN_MAPPED_NOT_EXECUTED
CONSTRAINT,app_user_store_scope,app_user_store_scope_store_fkey,FOREIGN KEY (store) REFERENCES finance_store(store) ON UPDATE CASCADE ON DELETE RESTRICT,True,MIGRATE_REKEY,app_user_role | app_user_location_scope,REIMPLEMENT_OR_REPLACE_AFTER_SEMANTIC_EQUIVALENCE_REVIEW,VALIDATION_AND_FK_ACTION_TEST,DESIGN_MAPPED_NOT_EXECUTED
CONSTRAINT,app_user_store_scope,app_user_store_scope_user_id_fkey,FOREIGN KEY (user_id) REFERENCES app_user(id) ON DELETE CASCADE,True,MIGRATE_REKEY,app_user_role | app_user_location_scope,REIMPLEMENT_OR_REPLACE_AFTER_SEMANTIC_EQUIVALENCE_REVIEW,VALIDATION_AND_FK_ACTION_TEST,DESIGN_MAPPED_NOT_EXECUTED
CONSTRAINT,app_user_store_scope,app_user_store_scope_pkey,"PRIMARY KEY (user_id, store)",True,MIGRATE_REKEY,app_user_role | app_user_location_scope,REIMPLEMENT_OR_REPLACE_AFTER_SEMANTIC_EQUIVALENCE_REVIEW,VALIDATION_AND_FK_ACTION_TEST,DESIGN_MAPPED_NOT_EXECUTED
CONSTRAINT,applications,applications_contact_status_check,"CHECK (contact_status = ANY (ARRAY['ready'::text, 'needs_manual'::text]))",True,MIGRATE_REKEY,hr_person | hr_application | hr_employment_source_identity,REIMPLEMENT_OR_REPLACE_AFTER_SEMANTIC_EQUIVALENCE_REVIEW,VALIDATION_AND_FK_ACTION_TEST,DESIGN_MAPPED_NOT_EXECUTED
CONSTRAINT,applications,applications_role_area_check,"CHECK (role_area = ANY (ARRAY['FOH'::text, 'BOH'::text]))",True,MIGRATE_REKEY,hr_person | hr_application | hr_employment_source_identity,REIMPLEMENT_OR_REPLACE_AFTER_SEMANTIC_EQUIVALENCE_REVIEW,VALIDATION_AND_FK_ACTION_TEST,DESIGN_MAPPED_NOT_EXECUTED
CONSTRAINT,applications,applications_employee_id_fkey,FOREIGN KEY (employee_id) REFERENCES employees(id),True,MIGRATE_REKEY,hr_person | hr_application | hr_employment_source_identity,REIMPLEMENT_OR_REPLACE_AFTER_SEMANTIC_EQUIVALENCE_REVIEW,VALIDATION_AND_FK_ACTION_TEST,DESIGN_MAPPED_NOT_EXECUTED
CONSTRAINT,applications,applications_job_opening_id_fkey,FOREIGN KEY (job_opening_id) REFERENCES job_openings(id),True,MIGRATE_REKEY,hr_person | hr_application | hr_employment_source_identity,REIMPLEMENT_OR_REPLACE_AFTER_SEMANTIC_EQUIVALENCE_REVIEW,VALIDATION_AND_FK_ACTION_TEST,DESIGN_MAPPED_NOT_EXECUTED
CONSTRAINT,applications,applications_store_id_fkey,FOREIGN KEY (store_id) REFERENCES ops_store(store_code),True,MIGRATE_REKEY,hr_person | hr_application | hr_employment_source_identity,REIMPLEMENT_OR_REPLACE_AFTER_SEMANTIC_EQUIVALENCE_REVIEW,VALIDATION_AND_FK_ACTION_TEST,DESIGN_MAPPED_NOT_EXECUTED
CONSTRAINT,applications,applications_pkey,PRIMARY KEY (id),True,MIGRATE_REKEY,hr_person | hr_application | hr_employment_source_identity,REIMPLEMENT_OR_REPLACE_AFTER_SEMANTIC_EQUIVALENCE_REVIEW,VALIDATION_AND_FK_ACTION_TEST,DESIGN_MAPPED_NOT_EXECUTED
CONSTRAINT,appointments,appointments_kind_check,"CHECK (kind = ANY (ARRAY['interview'::text, 'trial'::text]))",True,MIGRATE,hr_appointment,REIMPLEMENT_OR_REPLACE_AFTER_SEMANTIC_EQUIVALENCE_REVIEW,VALIDATION_AND_FK_ACTION_TEST,DESIGN_MAPPED_NOT_EXECUTED
CONSTRAINT,appointments,appointments_role_area_check,"CHECK (role_area = ANY (ARRAY['FOH'::text, 'BOH'::text]))",True,MIGRATE,hr_appointment,REIMPLEMENT_OR_REPLACE_AFTER_SEMANTIC_EQUIVALENCE_REVIEW,VALIDATION_AND_FK_ACTION_TEST,DESIGN_MAPPED_NOT_EXECUTED
CONSTRAINT,appointments,appointments_trial_duration_check,"CHECK (trial_duration = ANY (ARRAY['1小时'::text, '4小时'::text]))",True,MIGRATE,hr_appointment,REIMPLEMENT_OR_REPLACE_AFTER_SEMANTIC_EQUIVALENCE_REVIEW,VALIDATION_AND_FK_ACTION_TEST,DESIGN_MAPPED_NOT_EXECUTED
CONSTRAINT,appointments,appointments_application_id_fkey,FOREIGN KEY (application_id) REFERENCES applications(id),True,MIGRATE,hr_appointment,REIMPLEMENT_OR_REPLACE_AFTER_SEMANTIC_EQUIVALENCE_REVIEW,VALIDATION_AND_FK_ACTION_TEST,DESIGN_MAPPED_NOT_EXECUTED
CONSTRAINT,appointments,appointments_confirmed_by_user_id_fkey,FOREIGN KEY (confirmed_by_user_id) REFERENCES staff(user_id),True,MIGRATE,hr_appointment,REIMPLEMENT_OR_REPLACE_AFTER_SEMANTIC_EQUIVALENCE_REVIEW,VALIDATION_AND_FK_ACTION_TEST,DESIGN_MAPPED_NOT_EXECUTED
CONSTRAINT,appointments,appointments_store_id_fkey,FOREIGN KEY (store_id) REFERENCES ops_store(store_code),True,MIGRATE,hr_appointment,REIMPLEMENT_OR_REPLACE_AFTER_SEMANTIC_EQUIVALENCE_REVIEW,VALIDATION_AND_FK_ACTION_TEST,DESIGN_MAPPED_NOT_EXECUTED
CONSTRAINT,appointments,appointments_pkey,PRIMARY KEY (id),True,MIGRATE,hr_appointment,REIMPLEMENT_OR_REPLACE_AFTER_SEMANTIC_EQUIVALENCE_REVIEW,VALIDATION_AND_FK_ACTION_TEST,DESIGN_MAPPED_NOT_EXECUTED
CONSTRAINT,business_rule,business_rule_pkey,PRIMARY KEY (id),True,CLASSIFY_VERSION,ops_business_rule | v_ops_holiday_factor,REIMPLEMENT_OR_REPLACE_AFTER_SEMANTIC_EQUIVALENCE_REVIEW,VALIDATION_AND_FK_ACTION_TEST,DESIGN_MAPPED_NOT_EXECUTED
CONSTRAINT,business_rule,uk_rule_key,UNIQUE (rule_key),True,CLASSIFY_VERSION,ops_business_rule | v_ops_holiday_factor,REIMPLEMENT_OR_REPLACE_AFTER_SEMANTIC_EQUIVALENCE_REVIEW,VALIDATION_AND_FK_ACTION_TEST,DESIGN_MAPPED_NOT_EXECUTED
CONSTRAINT,candidate_conversations,candidate_conversations_state_check,"CHECK (state = ANY (ARRAY['INTAKE'::text, 'AWAITING_INTERVIEW_CONFIRM'::text, 'INTERVIEW_SCHEDULED'::text, 'AWAITING_TRIAL_CONFIRM'::text, 'TRIAL_SCHEDULED'::text, 'POST_TRIAL'::text, 'DONE'::text, 'OPTED_OUT'::text]))",True,SPLIT,msg_conversation | msg_conversation_state | hr_application,REIMPLEMENT_OR_REPLACE_AFTER_SEMANTIC_EQUIVALENCE_REVIEW,VALIDATION_AND_FK_ACTION_TEST,DESIGN_MAPPED_NOT_EXECUTED
CONSTRAINT,candidate_conversations,candidate_conversations_application_id_fkey,FOREIGN KEY (application_id) REFERENCES applications(id),True,SPLIT,msg_conversation | msg_conversation_state | hr_application,REIMPLEMENT_OR_REPLACE_AFTER_SEMANTIC_EQUIVALENCE_REVIEW,VALIDATION_AND_FK_ACTION_TEST,DESIGN_MAPPED_NOT_EXECUTED
CONSTRAINT,candidate_conversations,candidate_conversations_store_id_fkey,FOREIGN KEY (store_id) REFERENCES ops_store(store_code),True,SPLIT,msg_conversation | msg_conversation_state | hr_application,REIMPLEMENT_OR_REPLACE_AFTER_SEMANTIC_EQUIVALENCE_REVIEW,VALIDATION_AND_FK_ACTION_TEST,DESIGN_MAPPED_NOT_EXECUTED
CONSTRAINT,candidate_conversations,candidate_conversations_pkey,PRIMARY KEY (id),True,SPLIT,msg_conversation | msg_conversation_state | hr_application,REIMPLEMENT_OR_REPLACE_AFTER_SEMANTIC_EQUIVALENCE_REVIEW,VALIDATION_AND_FK_ACTION_TEST,DESIGN_MAPPED_NOT_EXECUTED
CONSTRAINT,candidate_conversations,candidate_conversations_store_id_phone_key,"UNIQUE (store_id, phone)",True,SPLIT,msg_conversation | msg_conversation_state | hr_application,REIMPLEMENT_OR_REPLACE_AFTER_SEMANTIC_EQUIVALENCE_REVIEW,VALIDATION_AND_FK_ACTION_TEST,DESIGN_MAPPED_NOT_EXECUTED
CONSTRAINT,chat_history,chat_history_role_check,"CHECK (role = ANY (ARRAY['user'::text, 'assistant'::text]))",True,RETENTION_FILTER,msg_conversation | msg_message,REIMPLEMENT_OR_REPLACE_AFTER_SEMANTIC_EQUIVALENCE_REVIEW,VALIDATION_AND_FK_ACTION_TEST,DESIGN_MAPPED_NOT_EXECUTED
CONSTRAINT,chat_history,chat_history_pkey,PRIMARY KEY (id),True,RETENTION_FILTER,msg_conversation | msg_message,REIMPLEMENT_OR_REPLACE_AFTER_SEMANTIC_EQUIVALENCE_REVIEW,VALIDATION_AND_FK_ACTION_TEST,DESIGN_MAPPED_NOT_EXECUTED
CONSTRAINT,context_event,context_event_pkey,PRIMARY KEY (id),True,CLASSIFY_SPLIT,ops_calendar_event | ops_operational_event,REIMPLEMENT_OR_REPLACE_AFTER_SEMANTIC_EQUIVALENCE_REVIEW,VALIDATION_AND_FK_ACTION_TEST,DESIGN_MAPPED_NOT_EXECUTED
CONSTRAINT,cost_card_item,cost_card_item_base_unit_check,CHECK (btrim(base_unit) <> ''::text),True,TYPE_SPLIT,ops_product | ops_product_alias | scm_material | scm_material_source_identity,REIMPLEMENT_OR_REPLACE_AFTER_SEMANTIC_EQUIVALENCE_REVIEW,VALIDATION_AND_FK_ACTION_TEST,DESIGN_MAPPED_NOT_EXECUTED
CONSTRAINT,cost_card_item,cost_card_item_item_type_check,"CHECK (item_type = ANY (ARRAY['product'::text, 'semi_finished'::text, 'ingredient'::text, 'packaging'::text]))",True,TYPE_SPLIT,ops_product | ops_product_alias | scm_material | scm_material_source_identity,REIMPLEMENT_OR_REPLACE_AFTER_SEMANTIC_EQUIVALENCE_REVIEW,VALIDATION_AND_FK_ACTION_TEST,DESIGN_MAPPED_NOT_EXECUTED
CONSTRAINT,cost_card_item,cost_card_item_name_check,CHECK (btrim(name) <> ''::text),True,TYPE_SPLIT,ops_product | ops_product_alias | scm_material | scm_material_source_identity,REIMPLEMENT_OR_REPLACE_AFTER_SEMANTIC_EQUIVALENCE_REVIEW,VALIDATION_AND_FK_ACTION_TEST,DESIGN_MAPPED_NOT_EXECUTED
CONSTRAINT,cost_card_item,cost_card_item_status_check,"CHECK (status = ANY (ARRAY['active'::text, 'inactive'::text, 'archived'::text]))",True,TYPE_SPLIT,ops_product | ops_product_alias | scm_material | scm_material_source_identity,REIMPLEMENT_OR_REPLACE_AFTER_SEMANTIC_EQUIVALENCE_REVIEW,VALIDATION_AND_FK_ACTION_TEST,DESIGN_MAPPED_NOT_EXECUTED
CONSTRAINT,cost_card_item,cost_card_item_pkey,PRIMARY KEY (id),True,TYPE_SPLIT,ops_product | ops_product_alias | scm_material | scm_material_source_identity,REIMPLEMENT_OR_REPLACE_AFTER_SEMANTIC_EQUIVALENCE_REVIEW,VALIDATION_AND_FK_ACTION_TEST,DESIGN_MAPPED_NOT_EXECUTED
CONSTRAINT,cost_card_item_name_lock,cost_card_item_name_lock_name_key_check,CHECK (name_key = lower(btrim(name_key)) AND name_key <> ''::text),True,RETIRE,NONE,ARCHIVE_AND_PROVE_NO_RUNTIME_DEPENDENCY,VALIDATION_AND_FK_ACTION_TEST,DESIGN_MAPPED_NOT_EXECUTED
CONSTRAINT,cost_card_item_name_lock,cost_card_item_name_lock_revision_check,CHECK (revision >= 0),True,RETIRE,NONE,ARCHIVE_AND_PROVE_NO_RUNTIME_DEPENDENCY,VALIDATION_AND_FK_ACTION_TEST,DESIGN_MAPPED_NOT_EXECUTED
CONSTRAINT,cost_card_item_name_lock,cost_card_item_name_lock_pkey,PRIMARY KEY (name_key),True,RETIRE,NONE,ARCHIVE_AND_PROVE_NO_RUNTIME_DEPENDENCY,VALIDATION_AND_FK_ACTION_TEST,DESIGN_MAPPED_NOT_EXECUTED
CONSTRAINT,cost_card_item_price,cost_card_item_price_currency_check,CHECK (currency::text ~ '^[A-Z]{3}$'::text),True,MIGRATE_REKEY,scm_supplier_price_observation | cost_card_material_price,REIMPLEMENT_OR_REPLACE_AFTER_SEMANTIC_EQUIVALENCE_REVIEW,VALIDATION_AND_FK_ACTION_TEST,DESIGN_MAPPED_NOT_EXECUTED
CONSTRAINT,cost_card_item_price,cost_card_item_price_price_unit_check,CHECK (btrim(price_unit) <> ''::text),True,MIGRATE_REKEY,scm_supplier_price_observation | cost_card_material_price,REIMPLEMENT_OR_REPLACE_AFTER_SEMANTIC_EQUIVALENCE_REVIEW,VALIDATION_AND_FK_ACTION_TEST,DESIGN_MAPPED_NOT_EXECUTED
CONSTRAINT,cost_card_item_price,cost_card_item_price_quantity_check,CHECK (price_quantity > 0::numeric),True,MIGRATE_REKEY,scm_supplier_price_observation | cost_card_material_price,REIMPLEMENT_OR_REPLACE_AFTER_SEMANTIC_EQUIVALENCE_REVIEW,VALIDATION_AND_FK_ACTION_TEST,DESIGN_MAPPED_NOT_EXECUTED
CONSTRAINT,cost_card_item_price,cost_card_item_price_range_check,CHECK (effective_to IS NULL OR effective_to >= effective_from),True,MIGRATE_REKEY,scm_supplier_price_observation | cost_card_material_price,REIMPLEMENT_OR_REPLACE_AFTER_SEMANTIC_EQUIVALENCE_REVIEW,VALIDATION_AND_FK_ACTION_TEST,DESIGN_MAPPED_NOT_EXECUTED
CONSTRAINT,cost_card_item_price,cost_card_item_price_source_check,CHECK (btrim(source) <> ''::text),True,MIGRATE_REKEY,scm_supplier_price_observation | cost_card_material_price,REIMPLEMENT_OR_REPLACE_AFTER_SEMANTIC_EQUIVALENCE_REVIEW,VALIDATION_AND_FK_ACTION_TEST,DESIGN_MAPPED_NOT_EXECUTED
CONSTRAINT,cost_card_item_price,cost_card_item_price_unit_price_check,CHECK (unit_price >= 0::numeric),True,MIGRATE_REKEY,scm_supplier_price_observation | cost_card_material_price,REIMPLEMENT_OR_REPLACE_AFTER_SEMANTIC_EQUIVALENCE_REVIEW,VALIDATION_AND_FK_ACTION_TEST,DESIGN_MAPPED_NOT_EXECUTED
CONSTRAINT,cost_card_item_price,cost_card_item_price_verification_state_check,"CHECK (verification_state = ANY (ARRAY['verified'::text, 'pending_verification'::text, 'legacy_unverified'::text]))",True,MIGRATE_REKEY,scm_supplier_price_observation | cost_card_material_price,REIMPLEMENT_OR_REPLACE_AFTER_SEMANTIC_EQUIVALENCE_REVIEW,VALIDATION_AND_FK_ACTION_TEST,DESIGN_MAPPED_NOT_EXECUTED
CONSTRAINT,cost_card_item_price,cost_card_item_price_created_by_fkey,FOREIGN KEY (created_by) REFERENCES app_user(id) ON DELETE SET NULL,True,MIGRATE_REKEY,scm_supplier_price_observation | cost_card_material_price,REIMPLEMENT_OR_REPLACE_AFTER_SEMANTIC_EQUIVALENCE_REVIEW,VALIDATION_AND_FK_ACTION_TEST,DESIGN_MAPPED_NOT_EXECUTED
CONSTRAINT,cost_card_item_price,cost_card_item_price_item_id_fkey,FOREIGN KEY (item_id) REFERENCES cost_card_item(id),True,MIGRATE_REKEY,scm_supplier_price_observation | cost_card_material_price,REIMPLEMENT_OR_REPLACE_AFTER_SEMANTIC_EQUIVALENCE_REVIEW,VALIDATION_AND_FK_ACTION_TEST,DESIGN_MAPPED_NOT_EXECUTED
CONSTRAINT,cost_card_item_price,cost_card_item_price_pkey,PRIMARY KEY (id),True,MIGRATE_REKEY,scm_supplier_price_observation | cost_card_material_price,REIMPLEMENT_OR_REPLACE_AFTER_SEMANTIC_EQUIVALENCE_REVIEW,VALIDATION_AND_FK_ACTION_TEST,DESIGN_MAPPED_NOT_EXECUTED
CONSTRAINT,cost_card_product_link,cost_card_product_link_item_id_fkey,FOREIGN KEY (item_id) REFERENCES cost_card_item(id) ON DELETE RESTRICT,True,REMODEL,pos_product_mapping | pos_product_mapping_review | cost_card_recipe_version,REIMPLEMENT_OR_REPLACE_AFTER_SEMANTIC_EQUIVALENCE_REVIEW,VALIDATION_AND_FK_ACTION_TEST,DESIGN_MAPPED_NOT_EXECUTED
CONSTRAINT,cost_card_product_link,cost_card_product_link_pkey,PRIMARY KEY (pos_item_id),True,REMODEL,pos_product_mapping | pos_product_mapping_review | cost_card_recipe_version,REIMPLEMENT_OR_REPLACE_AFTER_SEMANTIC_EQUIVALENCE_REVIEW,VALIDATION_AND_FK_ACTION_TEST,DESIGN_MAPPED_NOT_EXECUTED
CONSTRAINT,cost_card_recipe,cost_card_recipe_batch_unit_check,CHECK (btrim(batch_unit) <> ''::text),True,VERSION_IN_PLACE,cost_card_recipe_version,REIMPLEMENT_OR_REPLACE_AFTER_SEMANTIC_EQUIVALENCE_REVIEW,VALIDATION_AND_FK_ACTION_TEST,DESIGN_MAPPED_NOT_EXECUTED
CONSTRAINT,cost_card_recipe,cost_card_recipe_batch_yield_check,CHECK (batch_yield > 0::numeric),True,VERSION_IN_PLACE,cost_card_recipe_version,REIMPLEMENT_OR_REPLACE_AFTER_SEMANTIC_EQUIVALENCE_REVIEW,VALIDATION_AND_FK_ACTION_TEST,DESIGN_MAPPED_NOT_EXECUTED
CONSTRAINT,cost_card_recipe,cost_card_recipe_effective_range_check,CHECK (effective_to IS NULL OR effective_from IS NULL OR effective_to >= effective_from),True,VERSION_IN_PLACE,cost_card_recipe_version,REIMPLEMENT_OR_REPLACE_AFTER_SEMANTIC_EQUIVALENCE_REVIEW,VALIDATION_AND_FK_ACTION_TEST,DESIGN_MAPPED_NOT_EXECUTED
CONSTRAINT,cost_card_recipe,cost_card_recipe_publish_date_check,CHECK (status <> 'published'::text OR effective_from IS NOT NULL),True,VERSION_IN_PLACE,cost_card_recipe_version,REIMPLEMENT_OR_REPLACE_AFTER_SEMANTIC_EQUIVALENCE_REVIEW,VALIDATION_AND_FK_ACTION_TEST,DESIGN_MAPPED_NOT_EXECUTED
CONSTRAINT,cost_card_recipe,cost_card_recipe_row_version_check,CHECK (row_version > 0),True,VERSION_IN_PLACE,cost_card_recipe_version,REIMPLEMENT_OR_REPLACE_AFTER_SEMANTIC_EQUIVALENCE_REVIEW,VALIDATION_AND_FK_ACTION_TEST,DESIGN_MAPPED_NOT_EXECUTED
CONSTRAINT,cost_card_recipe,cost_card_recipe_sale_price_check,CHECK (sale_price IS NULL OR sale_price >= 0::numeric),True,VERSION_IN_PLACE,cost_card_recipe_version,REIMPLEMENT_OR_REPLACE_AFTER_SEMANTIC_EQUIVALENCE_REVIEW,VALIDATION_AND_FK_ACTION_TEST,DESIGN_MAPPED_NOT_EXECUTED
CONSTRAINT,cost_card_recipe,cost_card_recipe_status_check,"CHECK (status = ANY (ARRAY['draft'::text, 'published'::text, 'archived'::text]))",True,VERSION_IN_PLACE,cost_card_recipe_version,REIMPLEMENT_OR_REPLACE_AFTER_SEMANTIC_EQUIVALENCE_REVIEW,VALIDATION_AND_FK_ACTION_TEST,DESIGN_MAPPED_NOT_EXECUTED
CONSTRAINT,cost_card_recipe,cost_card_recipe_version_check,CHECK (version > 0),True,VERSION_IN_PLACE,cost_card_recipe_version,REIMPLEMENT_OR_REPLACE_AFTER_SEMANTIC_EQUIVALENCE_REVIEW,VALIDATION_AND_FK_ACTION_TEST,DESIGN_MAPPED_NOT_EXECUTED
CONSTRAINT,cost_card_recipe,cost_card_recipe_created_by_fkey,FOREIGN KEY (created_by) REFERENCES app_user(id) ON DELETE SET NULL,True,VERSION_IN_PLACE,cost_card_recipe_version,REIMPLEMENT_OR_REPLACE_AFTER_SEMANTIC_EQUIVALENCE_REVIEW,VALIDATION_AND_FK_ACTION_TEST,DESIGN_MAPPED_NOT_EXECUTED
CONSTRAINT,cost_card_recipe,cost_card_recipe_item_id_fkey,FOREIGN KEY (item_id) REFERENCES cost_card_item(id),True,VERSION_IN_PLACE,cost_card_recipe_version,REIMPLEMENT_OR_REPLACE_AFTER_SEMANTIC_EQUIVALENCE_REVIEW,VALIDATION_AND_FK_ACTION_TEST,DESIGN_MAPPED_NOT_EXECUTED
CONSTRAINT,cost_card_recipe,cost_card_recipe_published_by_fkey,FOREIGN KEY (published_by) REFERENCES app_user(id) ON DELETE SET NULL,True,VERSION_IN_PLACE,cost_card_recipe_version,REIMPLEMENT_OR_REPLACE_AFTER_SEMANTIC_EQUIVALENCE_REVIEW,VALIDATION_AND_FK_ACTION_TEST,DESIGN_MAPPED_NOT_EXECUTED
CONSTRAINT,cost_card_recipe,cost_card_recipe_pkey,PRIMARY KEY (id),True,VERSION_IN_PLACE,cost_card_recipe_version,REIMPLEMENT_OR_REPLACE_AFTER_SEMANTIC_EQUIVALENCE_REVIEW,VALIDATION_AND_FK_ACTION_TEST,DESIGN_MAPPED_NOT_EXECUTED
CONSTRAINT,cost_card_recipe,cost_card_recipe_item_id_version_key,"UNIQUE (item_id, version)",True,VERSION_IN_PLACE,cost_card_recipe_version,REIMPLEMENT_OR_REPLACE_AFTER_SEMANTIC_EQUIVALENCE_REVIEW,VALIDATION_AND_FK_ACTION_TEST,DESIGN_MAPPED_NOT_EXECUTED
CONSTRAINT,cost_card_recipe_item,cost_card_recipe_item_loss_rate_check,CHECK (loss_rate >= 0::numeric AND loss_rate < 1::numeric),True,MIGRATE_REKEY,cost_card_recipe_component,REIMPLEMENT_OR_REPLACE_AFTER_SEMANTIC_EQUIVALENCE_REVIEW,VALIDATION_AND_FK_ACTION_TEST,DESIGN_MAPPED_NOT_EXECUTED
CONSTRAINT,cost_card_recipe_item,cost_card_recipe_item_net_yield_check,CHECK (net_yield > 0::numeric AND net_yield <= 1::numeric),True,MIGRATE_REKEY,cost_card_recipe_component,REIMPLEMENT_OR_REPLACE_AFTER_SEMANTIC_EQUIVALENCE_REVIEW,VALIDATION_AND_FK_ACTION_TEST,DESIGN_MAPPED_NOT_EXECUTED
CONSTRAINT,cost_card_recipe_item,cost_card_recipe_item_quantity_check,CHECK (quantity > 0::numeric),True,MIGRATE_REKEY,cost_card_recipe_component,REIMPLEMENT_OR_REPLACE_AFTER_SEMANTIC_EQUIVALENCE_REVIEW,VALIDATION_AND_FK_ACTION_TEST,DESIGN_MAPPED_NOT_EXECUTED
CONSTRAINT,cost_card_recipe_item,cost_card_recipe_item_seq_check,CHECK (seq > 0),True,MIGRATE_REKEY,cost_card_recipe_component,REIMPLEMENT_OR_REPLACE_AFTER_SEMANTIC_EQUIVALENCE_REVIEW,VALIDATION_AND_FK_ACTION_TEST,DESIGN_MAPPED_NOT_EXECUTED
CONSTRAINT,cost_card_recipe_item,cost_card_recipe_item_unit_check,CHECK (btrim(unit) <> ''::text),True,MIGRATE_REKEY,cost_card_recipe_component,REIMPLEMENT_OR_REPLACE_AFTER_SEMANTIC_EQUIVALENCE_REVIEW,VALIDATION_AND_FK_ACTION_TEST,DESIGN_MAPPED_NOT_EXECUTED
CONSTRAINT,cost_card_recipe_item,cost_card_recipe_item_component_item_id_fkey,FOREIGN KEY (component_item_id) REFERENCES cost_card_item(id),True,MIGRATE_REKEY,cost_card_recipe_component,REIMPLEMENT_OR_REPLACE_AFTER_SEMANTIC_EQUIVALENCE_REVIEW,VALIDATION_AND_FK_ACTION_TEST,DESIGN_MAPPED_NOT_EXECUTED
CONSTRAINT,cost_card_recipe_item,cost_card_recipe_item_recipe_id_fkey,FOREIGN KEY (recipe_id) REFERENCES cost_card_recipe(id) ON DELETE CASCADE,True,MIGRATE_REKEY,cost_card_recipe_component,REIMPLEMENT_OR_REPLACE_AFTER_SEMANTIC_EQUIVALENCE_REVIEW,VALIDATION_AND_FK_ACTION_TEST,DESIGN_MAPPED_NOT_EXECUTED
CONSTRAINT,cost_card_recipe_item,cost_card_recipe_item_pkey,PRIMARY KEY (id),True,MIGRATE_REKEY,cost_card_recipe_component,REIMPLEMENT_OR_REPLACE_AFTER_SEMANTIC_EQUIVALENCE_REVIEW,VALIDATION_AND_FK_ACTION_TEST,DESIGN_MAPPED_NOT_EXECUTED
CONSTRAINT,cost_card_recipe_item,cost_card_recipe_item_recipe_id_seq_key,"UNIQUE (recipe_id, seq)",True,MIGRATE_REKEY,cost_card_recipe_component,REIMPLEMENT_OR_REPLACE_AFTER_SEMANTIC_EQUIVALENCE_REVIEW,VALIDATION_AND_FK_ACTION_TEST,DESIGN_MAPPED_NOT_EXECUTED
CONSTRAINT,daily_breakdown,daily_breakdown_dim_type_chk,"CHECK (dim_type = ANY (ARRAY['payment'::text, 'dining'::text]))",True,MIGRATE,pos_daily_breakdown | v_pos_daily_breakdown_current,REIMPLEMENT_OR_REPLACE_AFTER_SEMANTIC_EQUIVALENCE_REVIEW,VALIDATION_AND_FK_ACTION_TEST,DESIGN_MAPPED_NOT_EXECUTED
CONSTRAINT,daily_breakdown,daily_breakdown_pkey,"PRIMARY KEY (date, dim_type, dim_value)",True,MIGRATE,pos_daily_breakdown | v_pos_daily_breakdown_current,REIMPLEMENT_OR_REPLACE_AFTER_SEMANTIC_EQUIVALENCE_REVIEW,VALIDATION_AND_FK_ACTION_TEST,DESIGN_MAPPED_NOT_EXECUTED
CONSTRAINT,daily_push_log,daily_push_log_pkey,PRIMARY KEY (id),True,MERGE_QUEUE_NATURAL_KEY,msg_outbound_message,REIMPLEMENT_OR_REPLACE_AFTER_SEMANTIC_EQUIVALENCE_REVIEW,VALIDATION_AND_FK_ACTION_TEST,DESIGN_MAPPED_NOT_EXECUTED
CONSTRAINT,daily_push_log,daily_push_log_kind_recipient_date_key,"UNIQUE (kind, recipient, date)",True,MERGE_QUEUE_NATURAL_KEY,msg_outbound_message,REIMPLEMENT_OR_REPLACE_AFTER_SEMANTIC_EQUIVALENCE_REVIEW,VALIDATION_AND_FK_ACTION_TEST,DESIGN_MAPPED_NOT_EXECUTED
CONSTRAINT,daily_revenue,uk_daily_revenue_date,UNIQUE (date),True,SPLIT_BY_WRITER,pos_sales_day | finance_sales_daily,REIMPLEMENT_OR_REPLACE_AFTER_SEMANTIC_EQUIVALENCE_REVIEW,VALIDATION_AND_FK_ACTION_TEST,DESIGN_MAPPED_NOT_EXECUTED
CONSTRAINT,daily_revenue,uk_daily_revenue_date_store,"UNIQUE (date, store)",True,SPLIT_BY_WRITER,pos_sales_day | finance_sales_daily,REIMPLEMENT_OR_REPLACE_AFTER_SEMANTIC_EQUIVALENCE_REVIEW,VALIDATION_AND_FK_ACTION_TEST,DESIGN_MAPPED_NOT_EXECUTED
CONSTRAINT,daily_review,daily_review_pkey,PRIMARY KEY (id),True,MIGRATE,ops_daily_review | ops_review_action,REIMPLEMENT_OR_REPLACE_AFTER_SEMANTIC_EQUIVALENCE_REVIEW,VALIDATION_AND_FK_ACTION_TEST,DESIGN_MAPPED_NOT_EXECUTED
CONSTRAINT,daily_review,uk_review_date,UNIQUE (date),True,MIGRATE,ops_daily_review | ops_review_action,REIMPLEMENT_OR_REPLACE_AFTER_SEMANTIC_EQUIVALENCE_REVIEW,VALIDATION_AND_FK_ACTION_TEST,DESIGN_MAPPED_NOT_EXECUTED
CONSTRAINT,employee_events,employee_events_employee_id_fkey,FOREIGN KEY (employee_id) REFERENCES employees(id) ON DELETE CASCADE,True,MIGRATE_REKEY,hr_employee_event,REIMPLEMENT_OR_REPLACE_AFTER_SEMANTIC_EQUIVALENCE_REVIEW,VALIDATION_AND_FK_ACTION_TEST,DESIGN_MAPPED_NOT_EXECUTED
CONSTRAINT,employee_events,employee_events_pkey,PRIMARY KEY (id),True,MIGRATE_REKEY,hr_employee_event,REIMPLEMENT_OR_REPLACE_AFTER_SEMANTIC_EQUIVALENCE_REVIEW,VALIDATION_AND_FK_ACTION_TEST,DESIGN_MAPPED_NOT_EXECUTED
CONSTRAINT,employees,employees_store_fk,FOREIGN KEY (store_id) REFERENCES ops_store(store_code),True,SPLIT_IDENTITY,hr_person | hr_person_contact | hr_application | hr_application_stage_event | hr_employment | hr_employee_event | hr_employment_source_identity | hr_employment_mapping_review,REIMPLEMENT_OR_REPLACE_AFTER_SEMANTIC_EQUIVALENCE_REVIEW,VALIDATION_AND_FK_ACTION_TEST,DESIGN_MAPPED_NOT_EXECUTED
CONSTRAINT,employees,employees_pkey,PRIMARY KEY (id),True,SPLIT_IDENTITY,hr_person | hr_person_contact | hr_application | hr_application_stage_event | hr_employment | hr_employee_event | hr_employment_source_identity | hr_employment_mapping_review,REIMPLEMENT_OR_REPLACE_AFTER_SEMANTIC_EQUIVALENCE_REVIEW,VALIDATION_AND_FK_ACTION_TEST,DESIGN_MAPPED_NOT_EXECUTED
CONSTRAINT,fact_hbti_response,ck_fact_hbti_answers_complete,"CHECK (jsonb_typeof(answers) = 'object'::text AND answers ?& ARRAY['q1'::text, 'q2'::text, 'q3'::text, 'q4'::text, 'q5'::text, 'q6'::text, 'q7'::text, 'q8'::text, 'q9'::text, 'q10'::text, 'q11'::text, 'q12'::text, 'q13'::text])",True,NORMALIZE,mkt_campaign_version | mkt_campaign_member | mkt_survey_question | mkt_survey_response | mkt_survey_answer | mkt_survey_result,REIMPLEMENT_OR_REPLACE_AFTER_SEMANTIC_EQUIVALENCE_REVIEW,VALIDATION_AND_FK_ACTION_TEST,DESIGN_MAPPED_NOT_EXECUTED
CONSTRAINT,fact_hbti_response,pk_fact_hbti_response,"PRIMARY KEY (store, member_id, campaign_version, attempt_id)",True,NORMALIZE,mkt_campaign_version | mkt_campaign_member | mkt_survey_question | mkt_survey_response | mkt_survey_answer | mkt_survey_result,REIMPLEMENT_OR_REPLACE_AFTER_SEMANTIC_EQUIVALENCE_REVIEW,VALIDATION_AND_FK_ACTION_TEST,DESIGN_MAPPED_NOT_EXECUTED
CONSTRAINT,fact_shift,ck_fact_shift_area,"CHECK (area = ANY (ARRAY['后厨'::text, '前场'::text]))",True,REMODEL,app_job_run | ops_shift_plan_version | ops_role | ops_station | ops_shift_requirement | ops_shift_assignment | hr_employment_mapping_review,REIMPLEMENT_OR_REPLACE_AFTER_SEMANTIC_EQUIVALENCE_REVIEW,VALIDATION_AND_FK_ACTION_TEST,DESIGN_MAPPED_NOT_EXECUTED
CONSTRAINT,fact_shift,ck_fact_shift_hours,CHECK (duration_h IS NULL OR duration_h <= 16::numeric),True,REMODEL,app_job_run | ops_shift_plan_version | ops_role | ops_station | ops_shift_requirement | ops_shift_assignment | hr_employment_mapping_review,REIMPLEMENT_OR_REPLACE_AFTER_SEMANTIC_EQUIVALENCE_REVIEW,VALIDATION_AND_FK_ACTION_TEST,DESIGN_MAPPED_NOT_EXECUTED
CONSTRAINT,fact_shift,ck_fact_shift_off,CHECK (post = 'OFF'::text AND duration_h IS NULL AND on_time IS NULL AND off_time IS NULL OR post <> 'OFF'::text AND duration_h IS NOT NULL AND duration_h > 0::numeric),True,REMODEL,app_job_run | ops_shift_plan_version | ops_role | ops_station | ops_shift_requirement | ops_shift_assignment | hr_employment_mapping_review,REIMPLEMENT_OR_REPLACE_AFTER_SEMANTIC_EQUIVALENCE_REVIEW,VALIDATION_AND_FK_ACTION_TEST,DESIGN_MAPPED_NOT_EXECUTED
CONSTRAINT,fact_shift,fk_fact_shift_store,FOREIGN KEY (store_id) REFERENCES ops_store(store_code) ON UPDATE CASCADE ON DELETE RESTRICT,True,REMODEL,app_job_run | ops_shift_plan_version | ops_role | ops_station | ops_shift_requirement | ops_shift_assignment | hr_employment_mapping_review,REIMPLEMENT_OR_REPLACE_AFTER_SEMANTIC_EQUIVALENCE_REVIEW,VALIDATION_AND_FK_ACTION_TEST,DESIGN_MAPPED_NOT_EXECUTED
CONSTRAINT,fact_shift,pk_fact_shift,"PRIMARY KEY (work_date, store_id, staff_name)",True,REMODEL,app_job_run | ops_shift_plan_version | ops_role | ops_station | ops_shift_requirement | ops_shift_assignment | hr_employment_mapping_review,REIMPLEMENT_OR_REPLACE_AFTER_SEMANTIC_EQUIVALENCE_REVIEW,VALIDATION_AND_FK_ACTION_TEST,DESIGN_MAPPED_NOT_EXECUTED
CONSTRAINT,finance_cashflow,finance_cashflow_pkey,"PRIMARY KEY (month, store, item)",True,MIGRATE,finance_import_batch | finance_cashflow_line,REIMPLEMENT_OR_REPLACE_AFTER_SEMANTIC_EQUIVALENCE_REVIEW,VALIDATION_AND_FK_ACTION_TEST,DESIGN_MAPPED_NOT_EXECUTED
CONSTRAINT,finance_expense,finance_expense_pkey,PRIMARY KEY (id),True,MERGE_TYPED,finance_import_batch | finance_monthly_cost_line,REIMPLEMENT_OR_REPLACE_AFTER_SEMANTIC_EQUIVALENCE_REVIEW,VALIDATION_AND_FK_ACTION_TEST,DESIGN_MAPPED_NOT_EXECUTED
CONSTRAINT,finance_expense_raw,finance_expense_raw_pkey,PRIMARY KEY (id),True,MERGE_TYPED,finance_import_batch | finance_monthly_cost_line,REIMPLEMENT_OR_REPLACE_AFTER_SEMANTIC_EQUIVALENCE_REVIEW,VALIDATION_AND_FK_ACTION_TEST,DESIGN_MAPPED_NOT_EXECUTED
CONSTRAINT,finance_item_sales,finance_item_sales_pkey,PRIMARY KEY (id),True,MIGRATE_REKEY,finance_item_sales_monthly,REIMPLEMENT_OR_REPLACE_AFTER_SEMANTIC_EQUIVALENCE_REVIEW,VALIDATION_AND_FK_ACTION_TEST,DESIGN_MAPPED_NOT_EXECUTED
CONSTRAINT,finance_labor,finance_labor_pkey,"PRIMARY KEY (month, store)",True,ARCHIVE_COMPAT,finance_monthly_cost_line,REIMPLEMENT_OR_REPLACE_AFTER_SEMANTIC_EQUIVALENCE_REVIEW,VALIDATION_AND_FK_ACTION_TEST,DESIGN_MAPPED_NOT_EXECUTED
CONSTRAINT,finance_labor_detail,ck_finance_labor_detail_org_required,CHECK (category <> '国内工资分摊'::text OR btrim(org) <> ''::text),True,MERGE_TYPED,finance_import_batch | finance_monthly_cost_line,REIMPLEMENT_OR_REPLACE_AFTER_SEMANTIC_EQUIVALENCE_REVIEW,VALIDATION_AND_FK_ACTION_TEST,DESIGN_MAPPED_NOT_EXECUTED
CONSTRAINT,finance_labor_detail,finance_labor_detail_pkey,"PRIMARY KEY (month, store, category, item, org)",True,MERGE_TYPED,finance_import_batch | finance_monthly_cost_line,REIMPLEMENT_OR_REPLACE_AFTER_SEMANTIC_EQUIVALENCE_REVIEW,VALIDATION_AND_FK_ACTION_TEST,DESIGN_MAPPED_NOT_EXECUTED
CONSTRAINT,finance_material,finance_material_pkey,PRIMARY KEY (id),True,MERGE_TYPED,finance_import_batch | finance_monthly_cost_line,REIMPLEMENT_OR_REPLACE_AFTER_SEMANTIC_EQUIVALENCE_REVIEW,VALIDATION_AND_FK_ACTION_TEST,DESIGN_MAPPED_NOT_EXECUTED
CONSTRAINT,finance_order_base,finance_order_base_pkey,"PRIMARY KEY (month, store)",True,MERGE_METRIC,finance_monthly_metric,REIMPLEMENT_OR_REPLACE_AFTER_SEMANTIC_EQUIVALENCE_REVIEW,VALIDATION_AND_FK_ACTION_TEST,DESIGN_MAPPED_NOT_EXECUTED
CONSTRAINT,finance_orders,finance_orders_pkey,PRIMARY KEY (id),True,MIGRATE,finance_order_logistics_line,REIMPLEMENT_OR_REPLACE_AFTER_SEMANTIC_EQUIVALENCE_REVIEW,VALIDATION_AND_FK_ACTION_TEST,DESIGN_MAPPED_NOT_EXECUTED
CONSTRAINT,finance_period_map,finance_period_map_period_check,"CHECK (period = ANY (ARRAY['销售费用'::text, '管理费用'::text, '财务费用'::text, '研发费用'::text]))",True,VERSION,finance_period_category_map,REIMPLEMENT_OR_REPLACE_AFTER_SEMANTIC_EQUIVALENCE_REVIEW,VALIDATION_AND_FK_ACTION_TEST,DESIGN_MAPPED_NOT_EXECUTED
CONSTRAINT,finance_period_map,finance_period_map_pkey,"PRIMARY KEY (major, sub)",True,VERSION,finance_period_category_map,REIMPLEMENT_OR_REPLACE_AFTER_SEMANTIC_EQUIVALENCE_REVIEW,VALIDATION_AND_FK_ACTION_TEST,DESIGN_MAPPED_NOT_EXECUTED
CONSTRAINT,finance_pl_metrics,finance_pl_metrics_pkey,"PRIMARY KEY (month, store, metric)",True,MIGRATE,finance_monthly_metric,REIMPLEMENT_OR_REPLACE_AFTER_SEMANTIC_EQUIVALENCE_REVIEW,VALIDATION_AND_FK_ACTION_TEST,DESIGN_MAPPED_NOT_EXECUTED
CONSTRAINT,finance_revenue_daily,finance_revenue_daily_source_check,CHECK (import_source = 'finance_template'::text),True,MIGRATE,finance_import_batch | finance_sales_daily,REIMPLEMENT_OR_REPLACE_AFTER_SEMANTIC_EQUIVALENCE_REVIEW,VALIDATION_AND_FK_ACTION_TEST,DESIGN_MAPPED_NOT_EXECUTED
CONSTRAINT,finance_revenue_daily,finance_revenue_daily_store_check,CHECK (btrim(store) <> ''::text),True,MIGRATE,finance_import_batch | finance_sales_daily,REIMPLEMENT_OR_REPLACE_AFTER_SEMANTIC_EQUIVALENCE_REVIEW,VALIDATION_AND_FK_ACTION_TEST,DESIGN_MAPPED_NOT_EXECUTED
CONSTRAINT,finance_revenue_daily,finance_revenue_daily_date_store_key,"UNIQUE (date, store)",True,MIGRATE,finance_import_batch | finance_sales_daily,REIMPLEMENT_OR_REPLACE_AFTER_SEMANTIC_EQUIVALENCE_REVIEW,VALIDATION_AND_FK_ACTION_TEST,DESIGN_MAPPED_NOT_EXECUTED
CONSTRAINT,finance_stock,finance_stock_pkey,PRIMARY KEY (id),True,MIGRATE_REKEY,finance_inventory_snapshot_line,REIMPLEMENT_OR_REPLACE_AFTER_SEMANTIC_EQUIVALENCE_REVIEW,VALIDATION_AND_FK_ACTION_TEST,DESIGN_MAPPED_NOT_EXECUTED
CONSTRAINT,finance_stock_flow,finance_stock_flow_pkey,PRIMARY KEY (id),True,MIGRATE_REKEY,finance_inventory_flow_line,REIMPLEMENT_OR_REPLACE_AFTER_SEMANTIC_EQUIVALENCE_REVIEW,VALIDATION_AND_FK_ACTION_TEST,DESIGN_MAPPED_NOT_EXECUTED
CONSTRAINT,finance_store,finance_store_active_from_month_format_ck,CHECK (active_from_month IS NULL OR active_from_month ~ '^\d{4}-(0[1-9]|1[0-2])$'::text),True,MERGE_IDENTITY,ops_location | ops_location_source_identity,REIMPLEMENT_OR_REPLACE_AFTER_SEMANTIC_EQUIVALENCE_REVIEW,VALIDATION_AND_FK_ACTION_TEST,DESIGN_MAPPED_NOT_EXECUTED
CONSTRAINT,finance_store,finance_store_active_month_range_ck,CHECK (active_from_month IS NULL OR active_to_month IS NULL OR active_to_month >= active_from_month),True,MERGE_IDENTITY,ops_location | ops_location_source_identity,REIMPLEMENT_OR_REPLACE_AFTER_SEMANTIC_EQUIVALENCE_REVIEW,VALIDATION_AND_FK_ACTION_TEST,DESIGN_MAPPED_NOT_EXECUTED
CONSTRAINT,finance_store,finance_store_active_to_month_format_ck,CHECK (active_to_month IS NULL OR active_to_month ~ '^\d{4}-(0[1-9]|1[0-2])$'::text),True,MERGE_IDENTITY,ops_location | ops_location_source_identity,REIMPLEMENT_OR_REPLACE_AFTER_SEMANTIC_EQUIVALENCE_REVIEW,VALIDATION_AND_FK_ACTION_TEST,DESIGN_MAPPED_NOT_EXECUTED
CONSTRAINT,finance_store,finance_store_display_name_check,CHECK (btrim(display_name) <> ''::text),True,MERGE_IDENTITY,ops_location | ops_location_source_identity,REIMPLEMENT_OR_REPLACE_AFTER_SEMANTIC_EQUIVALENCE_REVIEW,VALIDATION_AND_FK_ACTION_TEST,DESIGN_MAPPED_NOT_EXECUTED
CONSTRAINT,finance_store,finance_store_store_check,CHECK (btrim(store) <> ''::text),True,MERGE_IDENTITY,ops_location | ops_location_source_identity,REIMPLEMENT_OR_REPLACE_AFTER_SEMANTIC_EQUIVALENCE_REVIEW,VALIDATION_AND_FK_ACTION_TEST,DESIGN_MAPPED_NOT_EXECUTED
CONSTRAINT,finance_store,finance_store_pkey,PRIMARY KEY (store),True,MERGE_IDENTITY,ops_location | ops_location_source_identity,REIMPLEMENT_OR_REPLACE_AFTER_SEMANTIC_EQUIVALENCE_REVIEW,VALIDATION_AND_FK_ACTION_TEST,DESIGN_MAPPED_NOT_EXECUTED
CONSTRAINT,finance_supplier_orders,finance_supplier_orders_pkey,PRIMARY KEY (id),True,MIGRATE_REKEY,finance_supplier_purchase_monthly,REIMPLEMENT_OR_REPLACE_AFTER_SEMANTIC_EQUIVALENCE_REVIEW,VALIDATION_AND_FK_ACTION_TEST,DESIGN_MAPPED_NOT_EXECUTED
CONSTRAINT,finance_targets,finance_targets_pkey,"PRIMARY KEY (month, store, item)",True,VERSION,finance_target,REIMPLEMENT_OR_REPLACE_AFTER_SEMANTIC_EQUIVALENCE_REVIEW,VALIDATION_AND_FK_ACTION_TEST,DESIGN_MAPPED_NOT_EXECUTED
CONSTRAINT,forecast_snapshot,forecast_snapshot_pkey,PRIMARY KEY (id),True,REMODEL,ops_forecast_run | ops_forecast_line | ops_production_plan_version | ops_production_plan_line,REIMPLEMENT_OR_REPLACE_AFTER_SEMANTIC_EQUIVALENCE_REVIEW,VALIDATION_AND_FK_ACTION_TEST,DESIGN_MAPPED_NOT_EXECUTED
CONSTRAINT,forecast_snapshot,forecast_snapshot_date_product_name_key,"UNIQUE (date, product_name)",True,REMODEL,ops_forecast_run | ops_forecast_line | ops_production_plan_version | ops_production_plan_line,REIMPLEMENT_OR_REPLACE_AFTER_SEMANTIC_EQUIVALENCE_REVIEW,VALIDATION_AND_FK_ACTION_TEST,DESIGN_MAPPED_NOT_EXECUTED
CONSTRAINT,hbti_auth_token,ck_hbti_auth_token_shape,CHECK (kind = 'challenge'::text AND state IS NOT NULL AND attempts IS NOT NULL OR kind = 'session'::text AND state IS NULL AND attempts IS NULL),True,REISSUE_NOT_MIGRATE,app_one_time_token,REIMPLEMENT_OR_REPLACE_AFTER_SEMANTIC_EQUIVALENCE_REVIEW,VALIDATION_AND_FK_ACTION_TEST,DESIGN_MAPPED_NOT_EXECUTED
CONSTRAINT,hbti_auth_token,hbti_auth_token_attempts_check,CHECK (attempts IS NULL OR attempts >= 0 AND attempts <= 5),True,REISSUE_NOT_MIGRATE,app_one_time_token,REIMPLEMENT_OR_REPLACE_AFTER_SEMANTIC_EQUIVALENCE_REVIEW,VALIDATION_AND_FK_ACTION_TEST,DESIGN_MAPPED_NOT_EXECUTED
CONSTRAINT,hbti_auth_token,hbti_auth_token_kind_check,"CHECK (kind = ANY (ARRAY['challenge'::text, 'session'::text]))",True,REISSUE_NOT_MIGRATE,app_one_time_token,REIMPLEMENT_OR_REPLACE_AFTER_SEMANTIC_EQUIVALENCE_REVIEW,VALIDATION_AND_FK_ACTION_TEST,DESIGN_MAPPED_NOT_EXECUTED
CONSTRAINT,hbti_auth_token,hbti_auth_token_state_check,"CHECK (state IS NULL OR (state = ANY (ARRAY['pending'::text, 'verifying'::text, 'consumed'::text])))",True,REISSUE_NOT_MIGRATE,app_one_time_token,REIMPLEMENT_OR_REPLACE_AFTER_SEMANTIC_EQUIVALENCE_REVIEW,VALIDATION_AND_FK_ACTION_TEST,DESIGN_MAPPED_NOT_EXECUTED
CONSTRAINT,hbti_auth_token,hbti_auth_token_token_hash_check,CHECK (token_hash ~ '^[a-f0-9]{64}$'::text),True,REISSUE_NOT_MIGRATE,app_one_time_token,REIMPLEMENT_OR_REPLACE_AFTER_SEMANTIC_EQUIVALENCE_REVIEW,VALIDATION_AND_FK_ACTION_TEST,DESIGN_MAPPED_NOT_EXECUTED
CONSTRAINT,hbti_auth_token,hbti_auth_token_pkey,PRIMARY KEY (token_hash),True,REISSUE_NOT_MIGRATE,app_one_time_token,REIMPLEMENT_OR_REPLACE_AFTER_SEMANTIC_EQUIVALENCE_REVIEW,VALIDATION_AND_FK_ACTION_TEST,DESIGN_MAPPED_NOT_EXECUTED
CONSTRAINT,hbti_gift_stock,hbti_gift_stock_initial_stock_check,CHECK (initial_stock >= 0),True,MIGRATE_REKEY,mkt_reward | mkt_reward_stock | mkt_reward_claim | v_mkt_reward_stock_reconciliation,REIMPLEMENT_OR_REPLACE_AFTER_SEMANTIC_EQUIVALENCE_REVIEW,VALIDATION_AND_FK_ACTION_TEST,DESIGN_MAPPED_NOT_EXECUTED
CONSTRAINT,hbti_gift_stock,hbti_gift_stock_issued_count_check,CHECK (issued_count >= 0),True,MIGRATE_REKEY,mkt_reward | mkt_reward_stock | mkt_reward_claim | v_mkt_reward_stock_reconciliation,REIMPLEMENT_OR_REPLACE_AFTER_SEMANTIC_EQUIVALENCE_REVIEW,VALIDATION_AND_FK_ACTION_TEST,DESIGN_MAPPED_NOT_EXECUTED
CONSTRAINT,hbti_gift_stock,hbti_gift_stock_not_oversold,CHECK (issued_count <= initial_stock),True,MIGRATE_REKEY,mkt_reward | mkt_reward_stock | mkt_reward_claim | v_mkt_reward_stock_reconciliation,REIMPLEMENT_OR_REPLACE_AFTER_SEMANTIC_EQUIVALENCE_REVIEW,VALIDATION_AND_FK_ACTION_TEST,DESIGN_MAPPED_NOT_EXECUTED
CONSTRAINT,hbti_gift_stock,hbti_gift_stock_pkey,PRIMARY KEY (template_name),True,MIGRATE_REKEY,mkt_reward | mkt_reward_stock | mkt_reward_claim | v_mkt_reward_stock_reconciliation,REIMPLEMENT_OR_REPLACE_AFTER_SEMANTIC_EQUIVALENCE_REVIEW,VALIDATION_AND_FK_ACTION_TEST,DESIGN_MAPPED_NOT_EXECUTED
CONSTRAINT,hbti_rate_limit,hbti_rate_limit_count_check,CHECK (count >= 0),True,EXPIRE_NOT_MIGRATE,app_rate_limit_event,REIMPLEMENT_OR_REPLACE_AFTER_SEMANTIC_EQUIVALENCE_REVIEW,VALIDATION_AND_FK_ACTION_TEST,DESIGN_MAPPED_NOT_EXECUTED
CONSTRAINT,hbti_rate_limit,hbti_rate_limit_pkey,PRIMARY KEY (bucket),True,EXPIRE_NOT_MIGRATE,app_rate_limit_event,REIMPLEMENT_OR_REPLACE_AFTER_SEMANTIC_EQUIVALENCE_REVIEW,VALIDATION_AND_FK_ACTION_TEST,DESIGN_MAPPED_NOT_EXECUTED
CONSTRAINT,holiday,holiday_pkey,PRIMARY KEY (id),True,SPLIT_EVIDENCE,app_job_run | ops_calendar_event | v_ops_holiday_factor,REIMPLEMENT_OR_REPLACE_AFTER_SEMANTIC_EQUIVALENCE_REVIEW,VALIDATION_AND_FK_ACTION_TEST,DESIGN_MAPPED_NOT_EXECUTED
CONSTRAINT,holiday,uk_holiday_date,UNIQUE (date),True,SPLIT_EVIDENCE,app_job_run | ops_calendar_event | v_ops_holiday_factor,REIMPLEMENT_OR_REPLACE_AFTER_SEMANTIC_EQUIVALENCE_REVIEW,VALIDATION_AND_FK_ACTION_TEST,DESIGN_MAPPED_NOT_EXECUTED
CONSTRAINT,hourly_sales_summary,hourly_sales_summary_pkey,PRIMARY KEY (id),True,MIGRATE,pos_sales_hour | v_pos_sales_hour_current,REIMPLEMENT_OR_REPLACE_AFTER_SEMANTIC_EQUIVALENCE_REVIEW,VALIDATION_AND_FK_ACTION_TEST,DESIGN_MAPPED_NOT_EXECUTED
CONSTRAINT,hourly_sales_summary,hourly_sales_summary_date_hour_key,"UNIQUE (date, hour)",True,MIGRATE,pos_sales_hour | v_pos_sales_hour_current,REIMPLEMENT_OR_REPLACE_AFTER_SEMANTIC_EQUIVALENCE_REVIEW,VALIDATION_AND_FK_ACTION_TEST,DESIGN_MAPPED_NOT_EXECUTED
CONSTRAINT,item_hourly_sales,item_hourly_sales_pkey,PRIMARY KEY (id),True,MIGRATE_SOURCE_FIRST,pos_ingest_batch | pos_product_listing | pos_item_sales_hour,REIMPLEMENT_OR_REPLACE_AFTER_SEMANTIC_EQUIVALENCE_REVIEW,VALIDATION_AND_FK_ACTION_TEST,DESIGN_MAPPED_NOT_EXECUTED
CONSTRAINT,item_hourly_sales,item_hourly_sales_date_hour_item_name_key,"UNIQUE (date, hour, item_name)",True,MIGRATE_SOURCE_FIRST,pos_ingest_batch | pos_product_listing | pos_item_sales_hour,REIMPLEMENT_OR_REPLACE_AFTER_SEMANTIC_EQUIVALENCE_REVIEW,VALIDATION_AND_FK_ACTION_TEST,DESIGN_MAPPED_NOT_EXECUTED
CONSTRAINT,item_last_sale,item_last_sale_pkey,"PRIMARY KEY (date, item_name)",True,RETIRE_DERIVED,ops_stockout_event,REIMPLEMENT_OR_REPLACE_AFTER_SEMANTIC_EQUIVALENCE_REVIEW,VALIDATION_AND_FK_ACTION_TEST,DESIGN_MAPPED_NOT_EXECUTED
CONSTRAINT,item_waste,item_waste_pkey,PRIMARY KEY (id),True,MIGRATE,pos_item_waste | v_pos_item_waste_current | v_pos_item_waste_mapped,REIMPLEMENT_OR_REPLACE_AFTER_SEMANTIC_EQUIVALENCE_REVIEW,VALIDATION_AND_FK_ACTION_TEST,DESIGN_MAPPED_NOT_EXECUTED
CONSTRAINT,item_waste,item_waste_date_item_name_waste_reason_key,"UNIQUE (date, item_name, waste_reason)",True,MIGRATE,pos_item_waste | v_pos_item_waste_current | v_pos_item_waste_mapped,REIMPLEMENT_OR_REPLACE_AFTER_SEMANTIC_EQUIVALENCE_REVIEW,VALIDATION_AND_FK_ACTION_TEST,DESIGN_MAPPED_NOT_EXECUTED
CONSTRAINT,job_openings,job_openings_role_area_check,"CHECK (role_area = ANY (ARRAY['FOH'::text, 'BOH'::text]))",True,MIGRATE,hr_job_requisition,REIMPLEMENT_OR_REPLACE_AFTER_SEMANTIC_EQUIVALENCE_REVIEW,VALIDATION_AND_FK_ACTION_TEST,DESIGN_MAPPED_NOT_EXECUTED
CONSTRAINT,job_openings,job_openings_source_check,"CHECK (source = ANY (ARRAY['jobstreet'::text, 'qr_poster'::text]))",True,MIGRATE,hr_job_requisition,REIMPLEMENT_OR_REPLACE_AFTER_SEMANTIC_EQUIVALENCE_REVIEW,VALIDATION_AND_FK_ACTION_TEST,DESIGN_MAPPED_NOT_EXECUTED
CONSTRAINT,job_openings,job_openings_store_id_fkey,FOREIGN KEY (store_id) REFERENCES ops_store(store_code),True,MIGRATE,hr_job_requisition,REIMPLEMENT_OR_REPLACE_AFTER_SEMANTIC_EQUIVALENCE_REVIEW,VALIDATION_AND_FK_ACTION_TEST,DESIGN_MAPPED_NOT_EXECUTED
CONSTRAINT,job_openings,job_openings_pkey,PRIMARY KEY (id),True,MIGRATE,hr_job_requisition,REIMPLEMENT_OR_REPLACE_AFTER_SEMANTIC_EQUIVALENCE_REVIEW,VALIDATION_AND_FK_ACTION_TEST,DESIGN_MAPPED_NOT_EXECUTED
CONSTRAINT,offers,offers_salary_source_check,"CHECK (salary_source = ANY (ARRAY['lark'::text, 'manual'::text]))",True,VERSION,hr_offer,REIMPLEMENT_OR_REPLACE_AFTER_SEMANTIC_EQUIVALENCE_REVIEW,VALIDATION_AND_FK_ACTION_TEST,DESIGN_MAPPED_NOT_EXECUTED
CONSTRAINT,offers,offers_status_check,"CHECK (status = ANY (ARRAY['draft'::text, 'approved'::text, 'sent'::text, 'accepted'::text, 'declined'::text]))",True,VERSION,hr_offer,REIMPLEMENT_OR_REPLACE_AFTER_SEMANTIC_EQUIVALENCE_REVIEW,VALIDATION_AND_FK_ACTION_TEST,DESIGN_MAPPED_NOT_EXECUTED
CONSTRAINT,offers,offers_application_id_fkey,FOREIGN KEY (application_id) REFERENCES applications(id),True,VERSION,hr_offer,REIMPLEMENT_OR_REPLACE_AFTER_SEMANTIC_EQUIVALENCE_REVIEW,VALIDATION_AND_FK_ACTION_TEST,DESIGN_MAPPED_NOT_EXECUTED
CONSTRAINT,offers,offers_approved_by_user_id_fkey,FOREIGN KEY (approved_by_user_id) REFERENCES staff(user_id),True,VERSION,hr_offer,REIMPLEMENT_OR_REPLACE_AFTER_SEMANTIC_EQUIVALENCE_REVIEW,VALIDATION_AND_FK_ACTION_TEST,DESIGN_MAPPED_NOT_EXECUTED
CONSTRAINT,offers,offers_store_id_fkey,FOREIGN KEY (store_id) REFERENCES ops_store(store_code),True,VERSION,hr_offer,REIMPLEMENT_OR_REPLACE_AFTER_SEMANTIC_EQUIVALENCE_REVIEW,VALIDATION_AND_FK_ACTION_TEST,DESIGN_MAPPED_NOT_EXECUTED
CONSTRAINT,offers,offers_pkey,PRIMARY KEY (id),True,VERSION,hr_offer,REIMPLEMENT_OR_REPLACE_AFTER_SEMANTIC_EQUIVALENCE_REVIEW,VALIDATION_AND_FK_ACTION_TEST,DESIGN_MAPPED_NOT_EXECUTED
CONSTRAINT,ops_audit_log,audit_log_status_check,"CHECK (status = ANY (ARRAY['queued'::text, 'running'::text, 'success'::text, 'error'::text]))",True,CLASSIFY_SPLIT,app_job_run | app_audit_event,REIMPLEMENT_OR_REPLACE_AFTER_SEMANTIC_EQUIVALENCE_REVIEW,VALIDATION_AND_FK_ACTION_TEST,DESIGN_MAPPED_NOT_EXECUTED
CONSTRAINT,ops_audit_log,audit_log_pkey,PRIMARY KEY (run_id),True,CLASSIFY_SPLIT,app_job_run | app_audit_event,REIMPLEMENT_OR_REPLACE_AFTER_SEMANTIC_EQUIVALENCE_REVIEW,VALIDATION_AND_FK_ACTION_TEST,DESIGN_MAPPED_NOT_EXECUTED
CONSTRAINT,ops_store,ops_store_head_chef_user_id_fkey,FOREIGN KEY (head_chef_user_id) REFERENCES staff(user_id),True,MERGE_IDENTITY,ops_location | ops_location_source_identity | ops_business_rule | app_user | app_user_role | app_user_location_scope,REIMPLEMENT_OR_REPLACE_AFTER_SEMANTIC_EQUIVALENCE_REVIEW,VALIDATION_AND_FK_ACTION_TEST,DESIGN_MAPPED_NOT_EXECUTED
CONSTRAINT,ops_store,ops_store_manager_user_id_fkey,FOREIGN KEY (manager_user_id) REFERENCES staff(user_id),True,MERGE_IDENTITY,ops_location | ops_location_source_identity | ops_business_rule | app_user | app_user_role | app_user_location_scope,REIMPLEMENT_OR_REPLACE_AFTER_SEMANTIC_EQUIVALENCE_REVIEW,VALIDATION_AND_FK_ACTION_TEST,DESIGN_MAPPED_NOT_EXECUTED
CONSTRAINT,ops_store,stores_pkey,PRIMARY KEY (store_code),True,MERGE_IDENTITY,ops_location | ops_location_source_identity | ops_business_rule | app_user | app_user_role | app_user_location_scope,REIMPLEMENT_OR_REPLACE_AFTER_SEMANTIC_EQUIVALENCE_REVIEW,VALIDATION_AND_FK_ACTION_TEST,DESIGN_MAPPED_NOT_EXECUTED
CONSTRAINT,out_of_stock_record,out_of_stock_record_pkey,PRIMARY KEY (id),True,MIGRATE,ops_stockout_event,REIMPLEMENT_OR_REPLACE_AFTER_SEMANTIC_EQUIVALENCE_REVIEW,VALIDATION_AND_FK_ACTION_TEST,DESIGN_MAPPED_NOT_EXECUTED
CONSTRAINT,pos_member,ck_pos_member_hbti_attempt_shape,CHECK (hbti_status = 'processing'::text AND hbti_attempt_id IS NOT NULL OR hbti_status IS DISTINCT FROM 'processing'::text AND hbti_attempt_id IS NULL),True,SPLIT_PRIVACY,pos_member | pos_member_contact | pos_member_card | pos_member_balance_snapshot | v_pos_member_state_current | mkt_campaign_member | mkt_survey_response | mkt_survey_result | mkt_reward_claim,REIMPLEMENT_OR_REPLACE_AFTER_SEMANTIC_EQUIVALENCE_REVIEW,VALIDATION_AND_FK_ACTION_TEST,DESIGN_MAPPED_NOT_EXECUTED
CONSTRAINT,pos_member,ck_pos_member_hbti_campaign_version,"CHECK (hbti_campaign_version IS NULL OR hbti_campaign_version ~ '^[A-Za-z0-9][A-Za-z0-9._-]{0,63}$'::text)",True,SPLIT_PRIVACY,pos_member | pos_member_contact | pos_member_card | pos_member_balance_snapshot | v_pos_member_state_current | mkt_campaign_member | mkt_survey_response | mkt_survey_result | mkt_reward_claim,REIMPLEMENT_OR_REPLACE_AFTER_SEMANTIC_EQUIVALENCE_REVIEW,VALIDATION_AND_FK_ACTION_TEST,DESIGN_MAPPED_NOT_EXECUTED
CONSTRAINT,pos_member,ck_pos_member_hbti_category,"CHECK (hbti_category IS NULL OR (hbti_category = ANY (ARRAY['drink'::text, 'dessert'::text, 'bakery'::text])))",True,SPLIT_PRIVACY,pos_member | pos_member_contact | pos_member_card | pos_member_balance_snapshot | v_pos_member_state_current | mkt_campaign_member | mkt_survey_response | mkt_survey_result | mkt_reward_claim,REIMPLEMENT_OR_REPLACE_AFTER_SEMANTIC_EQUIVALENCE_REVIEW,VALIDATION_AND_FK_ACTION_TEST,DESIGN_MAPPED_NOT_EXECUTED
CONSTRAINT,pos_member,ck_pos_member_hbti_code,CHECK (hbti_code IS NULL OR hbti_code ~ '^[IH][LS][BD][AT]$'::text),True,SPLIT_PRIVACY,pos_member | pos_member_contact | pos_member_card | pos_member_balance_snapshot | v_pos_member_state_current | mkt_campaign_member | mkt_survey_response | mkt_survey_result | mkt_reward_claim,REIMPLEMENT_OR_REPLACE_AFTER_SEMANTIC_EQUIVALENCE_REVIEW,VALIDATION_AND_FK_ACTION_TEST,DESIGN_MAPPED_NOT_EXECUTED
CONSTRAINT,pos_member,ck_pos_member_hbti_member_hash,CHECK (hbti_member_hash IS NULL OR hbti_member_hash ~ '^[a-f0-9]{64}$'::text),True,SPLIT_PRIVACY,pos_member | pos_member_contact | pos_member_card | pos_member_balance_snapshot | v_pos_member_state_current | mkt_campaign_member | mkt_survey_response | mkt_survey_result | mkt_reward_claim,REIMPLEMENT_OR_REPLACE_AFTER_SEMANTIC_EQUIVALENCE_REVIEW,VALIDATION_AND_FK_ACTION_TEST,DESIGN_MAPPED_NOT_EXECUTED
CONSTRAINT,pos_member,ck_pos_member_hbti_metadata,CHECK ((hbti_color IS NULL OR btrim(hbti_color) = hbti_color AND length(hbti_color) >= 1 AND length(hbti_color) <= 32) AND (hbti_gender IS NULL OR btrim(hbti_gender) = hbti_gender AND length(hbti_gender) >= 1 AND length(hbti_gender) <= 32) AND (hbti_age IS NULL OR btrim(hbti_age) = hbti_age AND length(hbti_age) >= 1 AND length(hbti_age) <= 32)),True,SPLIT_PRIVACY,pos_member | pos_member_contact | pos_member_card | pos_member_balance_snapshot | v_pos_member_state_current | mkt_campaign_member | mkt_survey_response | mkt_survey_result | mkt_reward_claim,REIMPLEMENT_OR_REPLACE_AFTER_SEMANTIC_EQUIVALENCE_REVIEW,VALIDATION_AND_FK_ACTION_TEST,DESIGN_MAPPED_NOT_EXECUTED
CONSTRAINT,pos_member,ck_pos_member_hbti_profile_complete,CHECK (hbti_campaign_version IS NULL AND hbti_code IS NULL AND hbti_visit_time IS NULL AND hbti_category IS NULL AND hbti_color IS NULL AND hbti_completed_at IS NULL AND hbti_gender IS NULL AND hbti_age IS NULL OR hbti_campaign_version IS NOT NULL AND hbti_code IS NOT NULL AND hbti_visit_time IS NOT NULL AND hbti_category IS NOT NULL AND hbti_color IS NOT NULL AND hbti_completed_at IS NOT NULL),True,SPLIT_PRIVACY,pos_member | pos_member_contact | pos_member_card | pos_member_balance_snapshot | v_pos_member_state_current | mkt_campaign_member | mkt_survey_response | mkt_survey_result | mkt_reward_claim,REIMPLEMENT_OR_REPLACE_AFTER_SEMANTIC_EQUIVALENCE_REVIEW,VALIDATION_AND_FK_ACTION_TEST,DESIGN_MAPPED_NOT_EXECUTED
CONSTRAINT,pos_member,ck_pos_member_hbti_record_shape,CHECK (hbti_status IS NULL AND hbti_record IS NULL OR hbti_status IS NOT NULL AND hbti_record IS NOT NULL AND (hbti_record ->> 'status'::text) = hbti_status),True,SPLIT_PRIVACY,pos_member | pos_member_contact | pos_member_card | pos_member_balance_snapshot | v_pos_member_state_current | mkt_campaign_member | mkt_survey_response | mkt_survey_result | mkt_reward_claim,REIMPLEMENT_OR_REPLACE_AFTER_SEMANTIC_EQUIVALENCE_REVIEW,VALIDATION_AND_FK_ACTION_TEST,DESIGN_MAPPED_NOT_EXECUTED
CONSTRAINT,pos_member,ck_pos_member_hbti_status,"CHECK (hbti_status IS NULL OR (hbti_status = ANY (ARRAY['processing'::text, 'issued'::text, 'review'::text, 'unrewarded'::text])))",True,SPLIT_PRIVACY,pos_member | pos_member_contact | pos_member_card | pos_member_balance_snapshot | v_pos_member_state_current | mkt_campaign_member | mkt_survey_response | mkt_survey_result | mkt_reward_claim,REIMPLEMENT_OR_REPLACE_AFTER_SEMANTIC_EQUIVALENCE_REVIEW,VALIDATION_AND_FK_ACTION_TEST,DESIGN_MAPPED_NOT_EXECUTED
CONSTRAINT,pos_member,ck_pos_member_hbti_visit_time,"CHECK (hbti_visit_time IS NULL OR (hbti_visit_time = ANY (ARRAY['morning'::text, 'night'::text])))",True,SPLIT_PRIVACY,pos_member | pos_member_contact | pos_member_card | pos_member_balance_snapshot | v_pos_member_state_current | mkt_campaign_member | mkt_survey_response | mkt_survey_result | mkt_reward_claim,REIMPLEMENT_OR_REPLACE_AFTER_SEMANTIC_EQUIVALENCE_REVIEW,VALIDATION_AND_FK_ACTION_TEST,DESIGN_MAPPED_NOT_EXECUTED
CONSTRAINT,pos_member,ck_pos_member_phone_country_code,"CHECK (phone_country_code ~ '^[1-9][0-9]{0,3}$'::text)",True,SPLIT_PRIVACY,pos_member | pos_member_contact | pos_member_card | pos_member_balance_snapshot | v_pos_member_state_current | mkt_campaign_member | mkt_survey_response | mkt_survey_result | mkt_reward_claim,REIMPLEMENT_OR_REPLACE_AFTER_SEMANTIC_EQUIVALENCE_REVIEW,VALIDATION_AND_FK_ACTION_TEST,DESIGN_MAPPED_NOT_EXECUTED
CONSTRAINT,pos_member,ck_pos_member_phone_national,"CHECK (phone_national ~ '^[1-9][0-9]{5,14}$'::text)",True,SPLIT_PRIVACY,pos_member | pos_member_contact | pos_member_card | pos_member_balance_snapshot | v_pos_member_state_current | mkt_campaign_member | mkt_survey_response | mkt_survey_result | mkt_reward_claim,REIMPLEMENT_OR_REPLACE_AFTER_SEMANTIC_EQUIVALENCE_REVIEW,VALIDATION_AND_FK_ACTION_TEST,DESIGN_MAPPED_NOT_EXECUTED
CONSTRAINT,pos_member,uk_pos_member_store_member,"UNIQUE (store, member_id)",True,SPLIT_PRIVACY,pos_member | pos_member_contact | pos_member_card | pos_member_balance_snapshot | v_pos_member_state_current | mkt_campaign_member | mkt_survey_response | mkt_survey_result | mkt_reward_claim,REIMPLEMENT_OR_REPLACE_AFTER_SEMANTIC_EQUIVALENCE_REVIEW,VALIDATION_AND_FK_ACTION_TEST,DESIGN_MAPPED_NOT_EXECUTED
CONSTRAINT,pos_member_card_txn,ck_pos_member_card_txn_label,"CHECK (txn_type_label = ANY (ARRAY['topup'::text, 'consume'::text, 'topup_refund'::text, 'consume_refund'::text, 'adjust_increase'::text, 'adjust_decrease'::text, 'unknown'::text]))",True,MIGRATE_LOSSLESS,pos_member_card_transaction,REIMPLEMENT_OR_REPLACE_AFTER_SEMANTIC_EQUIVALENCE_REVIEW,VALIDATION_AND_FK_ACTION_TEST,DESIGN_MAPPED_NOT_EXECUTED
CONSTRAINT,pos_member_card_txn,uk_pos_member_card_txn,"UNIQUE (store, txn_id)",True,MIGRATE_LOSSLESS,pos_member_card_transaction,REIMPLEMENT_OR_REPLACE_AFTER_SEMANTIC_EQUIVALENCE_REVIEW,VALIDATION_AND_FK_ACTION_TEST,DESIGN_MAPPED_NOT_EXECUTED
CONSTRAINT,pos_member_daily,ck_pos_member_daily_adjust_split,CHECK (topup_adjust_amount IS NULL OR adjust_correction IS NULL OR adjust_net IS NULL OR abs(topup_adjust_amount + adjust_correction - adjust_net) <= 0.01),True,SPLIT,pos_member_daily_metric | v_pos_member_daily_summary,REIMPLEMENT_OR_REPLACE_AFTER_SEMANTIC_EQUIVALENCE_REVIEW,VALIDATION_AND_FK_ACTION_TEST,DESIGN_MAPPED_NOT_EXECUTED
CONSTRAINT,pos_member_daily,uk_pos_member_daily,"UNIQUE (date, store)",True,SPLIT,pos_member_daily_metric | v_pos_member_daily_summary,REIMPLEMENT_OR_REPLACE_AFTER_SEMANTIC_EQUIVALENCE_REVIEW,VALIDATION_AND_FK_ACTION_TEST,DESIGN_MAPPED_NOT_EXECUTED
CONSTRAINT,pos_member_order_item,ck_pmoi_member_id,"CHECK (member_id IS NULL OR member_id ~ '^[0-9]{1,32}$'::text)",True,MIGRATE_LATEST_SNAPSHOT,pos_order | pos_order_item | v_pos_member_order_item,REIMPLEMENT_OR_REPLACE_AFTER_SEMANTIC_EQUIVALENCE_REVIEW,VALIDATION_AND_FK_ACTION_TEST,DESIGN_MAPPED_NOT_EXECUTED
CONSTRAINT,pos_member_order_item,ck_pmoi_qty,CHECK (qty > 0::numeric),True,MIGRATE_LATEST_SNAPSHOT,pos_order | pos_order_item | v_pos_member_order_item,REIMPLEMENT_OR_REPLACE_AFTER_SEMANTIC_EQUIVALENCE_REVIEW,VALIDATION_AND_FK_ACTION_TEST,DESIGN_MAPPED_NOT_EXECUTED
CONSTRAINT,pos_member_order_item,pos_member_order_item_pkey,"PRIMARY KEY (order_id, item_key)",True,MIGRATE_LATEST_SNAPSHOT,pos_order | pos_order_item | v_pos_member_order_item,REIMPLEMENT_OR_REPLACE_AFTER_SEMANTIC_EQUIVALENCE_REVIEW,VALIDATION_AND_FK_ACTION_TEST,DESIGN_MAPPED_NOT_EXECUTED
CONSTRAINT,pos_product,ck_pos_product_card_shape,CHECK (has_cost_card = false OR res_cost_card_id IS NOT NULL),True,MIGRATE_SOURCE,pos_product_listing | pos_product_mapping | ops_product,REIMPLEMENT_OR_REPLACE_AFTER_SEMANTIC_EQUIVALENCE_REVIEW,VALIDATION_AND_FK_ACTION_TEST,DESIGN_MAPPED_NOT_EXECUTED
CONSTRAINT,pos_product,pos_product_item_key_check,CHECK (item_key ~ '^[0-9]+-[0-9]+-[0-9A-Za-z-]+$'::text),True,MIGRATE_SOURCE,pos_product_listing | pos_product_mapping | ops_product,REIMPLEMENT_OR_REPLACE_AFTER_SEMANTIC_EQUIVALENCE_REVIEW,VALIDATION_AND_FK_ACTION_TEST,DESIGN_MAPPED_NOT_EXECUTED
CONSTRAINT,pos_product,pos_product_name_en_check,CHECK (btrim(name_en) = name_en AND name_en <> ''::text),True,MIGRATE_SOURCE,pos_product_listing | pos_product_mapping | ops_product,REIMPLEMENT_OR_REPLACE_AFTER_SEMANTIC_EQUIVALENCE_REVIEW,VALIDATION_AND_FK_ACTION_TEST,DESIGN_MAPPED_NOT_EXECUTED
CONSTRAINT,pos_product,pos_product_res_theoretical_cost_check,CHECK (res_theoretical_cost IS NULL OR res_theoretical_cost >= 0::numeric),True,MIGRATE_SOURCE,pos_product_listing | pos_product_mapping | ops_product,REIMPLEMENT_OR_REPLACE_AFTER_SEMANTIC_EQUIVALENCE_REVIEW,VALIDATION_AND_FK_ACTION_TEST,DESIGN_MAPPED_NOT_EXECUTED
CONSTRAINT,pos_product,pos_product_res_total_cost_check,CHECK (res_total_cost IS NULL OR res_total_cost >= 0::numeric),True,MIGRATE_SOURCE,pos_product_listing | pos_product_mapping | ops_product,REIMPLEMENT_OR_REPLACE_AFTER_SEMANTIC_EQUIVALENCE_REVIEW,VALIDATION_AND_FK_ACTION_TEST,DESIGN_MAPPED_NOT_EXECUTED
CONSTRAINT,pos_product,pos_product_sales_price_check,CHECK (sales_price IS NULL OR sales_price >= 0::numeric),True,MIGRATE_SOURCE,pos_product_listing | pos_product_mapping | ops_product,REIMPLEMENT_OR_REPLACE_AFTER_SEMANTIC_EQUIVALENCE_REVIEW,VALIDATION_AND_FK_ACTION_TEST,DESIGN_MAPPED_NOT_EXECUTED
CONSTRAINT,pos_product,pos_product_pkey,PRIMARY KEY (item_key),True,MIGRATE_SOURCE,pos_product_listing | pos_product_mapping | ops_product,REIMPLEMENT_OR_REPLACE_AFTER_SEMANTIC_EQUIVALENCE_REVIEW,VALIDATION_AND_FK_ACTION_TEST,DESIGN_MAPPED_NOT_EXECUTED
CONSTRAINT,product,fk_product_item_key,FOREIGN KEY (item_key) REFERENCES pos_product(item_key) ON DELETE SET NULL,True,MIGRATE_MASTER,ops_product | ops_business_rule | v_pos_item_sales_day | v_ops_timeslot_sales_baseline,REIMPLEMENT_OR_REPLACE_AFTER_SEMANTIC_EQUIVALENCE_REVIEW,VALIDATION_AND_FK_ACTION_TEST,DESIGN_MAPPED_NOT_EXECUTED
CONSTRAINT,product,product_pkey,PRIMARY KEY (id),True,MIGRATE_MASTER,ops_product | ops_business_rule | v_pos_item_sales_day | v_ops_timeslot_sales_baseline,REIMPLEMENT_OR_REPLACE_AFTER_SEMANTIC_EQUIVALENCE_REVIEW,VALIDATION_AND_FK_ACTION_TEST,DESIGN_MAPPED_NOT_EXECUTED
CONSTRAINT,product,uk_product_name,UNIQUE (name),True,MIGRATE_MASTER,ops_product | ops_business_rule | v_pos_item_sales_day | v_ops_timeslot_sales_baseline,REIMPLEMENT_OR_REPLACE_AFTER_SEMANTIC_EQUIVALENCE_REVIEW,VALIDATION_AND_FK_ACTION_TEST,DESIGN_MAPPED_NOT_EXECUTED
CONSTRAINT,product_alias,fk_product_alias_item_key,FOREIGN KEY (item_key) REFERENCES pos_product(item_key) ON DELETE SET NULL,True,MIGRATE,ops_product_alias,REIMPLEMENT_OR_REPLACE_AFTER_SEMANTIC_EQUIVALENCE_REVIEW,VALIDATION_AND_FK_ACTION_TEST,DESIGN_MAPPED_NOT_EXECUTED
CONSTRAINT,product_alias,product_alias_pkey,PRIMARY KEY (id),True,MIGRATE,ops_product_alias,REIMPLEMENT_OR_REPLACE_AFTER_SEMANTIC_EQUIVALENCE_REVIEW,VALIDATION_AND_FK_ACTION_TEST,DESIGN_MAPPED_NOT_EXECUTED
CONSTRAINT,product_alias,uk_alias,UNIQUE (alias),True,MIGRATE,ops_product_alias,REIMPLEMENT_OR_REPLACE_AFTER_SEMANTIC_EQUIVALENCE_REVIEW,VALIDATION_AND_FK_ACTION_TEST,DESIGN_MAPPED_NOT_EXECUTED
CONSTRAINT,prompt_segment,prompt_segment_pkey,PRIMARY KEY (id),True,VERSION,ai_prompt_segment | ai_prompt_template_segment,REIMPLEMENT_OR_REPLACE_AFTER_SEMANTIC_EQUIVALENCE_REVIEW,VALIDATION_AND_FK_ACTION_TEST,DESIGN_MAPPED_NOT_EXECUTED
CONSTRAINT,prompt_segment,uk_segment_key,UNIQUE (segment_key),True,VERSION,ai_prompt_segment | ai_prompt_template_segment,REIMPLEMENT_OR_REPLACE_AFTER_SEMANTIC_EQUIVALENCE_REVIEW,VALIDATION_AND_FK_ACTION_TEST,DESIGN_MAPPED_NOT_EXECUTED
CONSTRAINT,prompt_template,prompt_template_pkey,PRIMARY KEY (id),True,VERSION,ai_prompt_template | ai_prompt_template_segment,REIMPLEMENT_OR_REPLACE_AFTER_SEMANTIC_EQUIVALENCE_REVIEW,VALIDATION_AND_FK_ACTION_TEST,DESIGN_MAPPED_NOT_EXECUTED
CONSTRAINT,prompt_template,uk_template_key,UNIQUE (template_key),True,VERSION,ai_prompt_template | ai_prompt_template_segment,REIMPLEMENT_OR_REPLACE_AFTER_SEMANTIC_EQUIVALENCE_REVIEW,VALIDATION_AND_FK_ACTION_TEST,DESIGN_MAPPED_NOT_EXECUTED
CONSTRAINT,schema_migrations,schema_migrations_pkey,PRIMARY KEY (version),True,REKEY,app_schema_migration,REIMPLEMENT_OR_REPLACE_AFTER_SEMANTIC_EQUIVALENCE_REVIEW,VALIDATION_AND_FK_ACTION_TEST,DESIGN_MAPPED_NOT_EXECUTED
CONSTRAINT,screening_rules,screening_rules_pkey,PRIMARY KEY (id),True,REVIEW_MIGRATE,hr_screening_rule,REIMPLEMENT_OR_REPLACE_AFTER_SEMANTIC_EQUIVALENCE_REVIEW,VALIDATION_AND_FK_ACTION_TEST,DESIGN_MAPPED_NOT_EXECUTED
CONSTRAINT,session_state,session_state_pkey,PRIMARY KEY (conversation_id),True,MIGRATE_ACTIVE_ONLY,msg_conversation | msg_conversation_state,REIMPLEMENT_OR_REPLACE_AFTER_SEMANTIC_EQUIVALENCE_REVIEW,VALIDATION_AND_FK_ACTION_TEST,DESIGN_MAPPED_NOT_EXECUTED
CONSTRAINT,staff,staff_pkey,PRIMARY KEY (user_id),True,SPLIT_IDENTITY,hr_person | hr_person_contact | hr_employment | hr_employment_source_identity | hr_employment_mapping_review | app_user | app_user_role | app_user_location_scope,REIMPLEMENT_OR_REPLACE_AFTER_SEMANTIC_EQUIVALENCE_REVIEW,VALIDATION_AND_FK_ACTION_TEST,DESIGN_MAPPED_NOT_EXECUTED
CONSTRAINT,staff,staff_lark_open_id_key,UNIQUE (lark_open_id),True,SPLIT_IDENTITY,hr_person | hr_person_contact | hr_employment | hr_employment_source_identity | hr_employment_mapping_review | app_user | app_user_role | app_user_location_scope,REIMPLEMENT_OR_REPLACE_AFTER_SEMANTIC_EQUIVALENCE_REVIEW,VALIDATION_AND_FK_ACTION_TEST,DESIGN_MAPPED_NOT_EXECUTED
CONSTRAINT,trials,trials_recommendation_check,"CHECK (recommendation = ANY (ARRAY['建议录用'::text, '有条件录用'::text, '延长试工'::text, '不建议录用'::text]))",True,MERGE_SPLIT,hr_appointment | hr_assessment | hr_assessment_score,REIMPLEMENT_OR_REPLACE_AFTER_SEMANTIC_EQUIVALENCE_REVIEW,VALIDATION_AND_FK_ACTION_TEST,DESIGN_MAPPED_NOT_EXECUTED
CONSTRAINT,trials,trials_appointment_id_fkey,FOREIGN KEY (appointment_id) REFERENCES appointments(id),True,MERGE_SPLIT,hr_appointment | hr_assessment | hr_assessment_score,REIMPLEMENT_OR_REPLACE_AFTER_SEMANTIC_EQUIVALENCE_REVIEW,VALIDATION_AND_FK_ACTION_TEST,DESIGN_MAPPED_NOT_EXECUTED
CONSTRAINT,trials,trials_decided_by_user_id_fkey,FOREIGN KEY (decided_by_user_id) REFERENCES staff(user_id),True,MERGE_SPLIT,hr_appointment | hr_assessment | hr_assessment_score,REIMPLEMENT_OR_REPLACE_AFTER_SEMANTIC_EQUIVALENCE_REVIEW,VALIDATION_AND_FK_ACTION_TEST,DESIGN_MAPPED_NOT_EXECUTED
CONSTRAINT,trials,trials_store_id_fkey,FOREIGN KEY (store_id) REFERENCES ops_store(store_code),True,MERGE_SPLIT,hr_appointment | hr_assessment | hr_assessment_score,REIMPLEMENT_OR_REPLACE_AFTER_SEMANTIC_EQUIVALENCE_REVIEW,VALIDATION_AND_FK_ACTION_TEST,DESIGN_MAPPED_NOT_EXECUTED
CONSTRAINT,trials,trials_pkey,PRIMARY KEY (id),True,MERGE_SPLIT,hr_appointment | hr_assessment | hr_assessment_score,REIMPLEMENT_OR_REPLACE_AFTER_SEMANTIC_EQUIVALENCE_REVIEW,VALIDATION_AND_FK_ACTION_TEST,DESIGN_MAPPED_NOT_EXECUTED
CONSTRAINT,wa_outbound_queue,wa_outbound_queue_status_check,"CHECK (status = ANY (ARRAY['queued'::text, 'sending'::text, 'sent'::text, 'failed'::text, 'skipped'::text]))",True,MIGRATE_ACTIVE_ONLY,msg_outbound_message,REIMPLEMENT_OR_REPLACE_AFTER_SEMANTIC_EQUIVALENCE_REVIEW,VALIDATION_AND_FK_ACTION_TEST,DESIGN_MAPPED_NOT_EXECUTED
CONSTRAINT,wa_outbound_queue,wa_outbound_queue_application_id_fkey,FOREIGN KEY (application_id) REFERENCES applications(id),True,MIGRATE_ACTIVE_ONLY,msg_outbound_message,REIMPLEMENT_OR_REPLACE_AFTER_SEMANTIC_EQUIVALENCE_REVIEW,VALIDATION_AND_FK_ACTION_TEST,DESIGN_MAPPED_NOT_EXECUTED
CONSTRAINT,wa_outbound_queue,wa_outbound_queue_store_id_fkey,FOREIGN KEY (store_id) REFERENCES ops_store(store_code),True,MIGRATE_ACTIVE_ONLY,msg_outbound_message,REIMPLEMENT_OR_REPLACE_AFTER_SEMANTIC_EQUIVALENCE_REVIEW,VALIDATION_AND_FK_ACTION_TEST,DESIGN_MAPPED_NOT_EXECUTED
CONSTRAINT,wa_outbound_queue,wa_outbound_queue_pkey,PRIMARY KEY (id),True,MIGRATE_ACTIVE_ONLY,msg_outbound_message,REIMPLEMENT_OR_REPLACE_AFTER_SEMANTIC_EQUIVALENCE_REVIEW,VALIDATION_AND_FK_ACTION_TEST,DESIGN_MAPPED_NOT_EXECUTED
CONSTRAINT,wa_outbound_queue,wa_outbound_queue_phone_key,UNIQUE (phone),True,MIGRATE_ACTIVE_ONLY,msg_outbound_message,REIMPLEMENT_OR_REPLACE_AFTER_SEMANTIC_EQUIVALENCE_REVIEW,VALIDATION_AND_FK_ACTION_TEST,DESIGN_MAPPED_NOT_EXECUTED
CONSTRAINT,wa_send_log,wa_send_log_pkey,PRIMARY KEY (id),True,MIGRATE_SUMMARY,msg_outbound_message | msg_delivery_attempt | msg_delivery_event,REIMPLEMENT_OR_REPLACE_AFTER_SEMANTIC_EQUIVALENCE_REVIEW,VALIDATION_AND_FK_ACTION_TEST,DESIGN_MAPPED_NOT_EXECUTED
INDEX,ai_call_log,ai_call_log_pkey,CREATE UNIQUE INDEX ai_call_log_pkey ON public.ai_call_log USING btree (id),True,SPLIT_REDACT,ai_call,REIMPLEMENT_OR_REPLACE_AFTER_SEMANTIC_EQUIVALENCE_REVIEW,EXPLAIN/INDEX_USAGE_AND_UNIQUENESS,DESIGN_MAPPED_NOT_EXECUTED
INDEX,ai_daily_correction,ai_daily_correction_date_key,CREATE UNIQUE INDEX ai_daily_correction_date_key ON public.ai_daily_correction USING btree (date),True,MERGE,ops_production_plan_line | ai_call,REIMPLEMENT_OR_REPLACE_AFTER_SEMANTIC_EQUIVALENCE_REVIEW,EXPLAIN/INDEX_USAGE_AND_UNIQUENESS,DESIGN_MAPPED_NOT_EXECUTED
INDEX,ai_daily_correction,ai_daily_correction_pkey,CREATE UNIQUE INDEX ai_daily_correction_pkey ON public.ai_daily_correction USING btree (id),True,MERGE,ops_production_plan_line | ai_call,REIMPLEMENT_OR_REPLACE_AFTER_SEMANTIC_EQUIVALENCE_REVIEW,EXPLAIN/INDEX_USAGE_AND_UNIQUENESS,DESIGN_MAPPED_NOT_EXECUTED
INDEX,app_audit_log,app_audit_log_actor_idx,"CREATE INDEX app_audit_log_actor_idx ON public.app_audit_log USING btree (user_id, created_at DESC)",True,MIGRATE,app_audit_event,REIMPLEMENT_OR_REPLACE_AFTER_SEMANTIC_EQUIVALENCE_REVIEW,EXPLAIN/INDEX_USAGE_AND_UNIQUENESS,DESIGN_MAPPED_NOT_EXECUTED
INDEX,app_audit_log,app_audit_log_finance_import_idx,"CREATE INDEX app_audit_log_finance_import_idx ON public.app_audit_log USING btree (created_at DESC, id DESC) WHERE (action = 'finance.import'::text)",True,MIGRATE,app_audit_event,REIMPLEMENT_OR_REPLACE_AFTER_SEMANTIC_EQUIVALENCE_REVIEW,EXPLAIN/INDEX_USAGE_AND_UNIQUENESS,DESIGN_MAPPED_NOT_EXECUTED
INDEX,app_audit_log,app_audit_log_object_idx,"CREATE INDEX app_audit_log_object_idx ON public.app_audit_log USING btree (object_type, object_id, created_at DESC)",True,MIGRATE,app_audit_event,REIMPLEMENT_OR_REPLACE_AFTER_SEMANTIC_EQUIVALENCE_REVIEW,EXPLAIN/INDEX_USAGE_AND_UNIQUENESS,DESIGN_MAPPED_NOT_EXECUTED
INDEX,app_audit_log,app_audit_log_pkey,CREATE UNIQUE INDEX app_audit_log_pkey ON public.app_audit_log USING btree (id),True,MIGRATE,app_audit_event,REIMPLEMENT_OR_REPLACE_AFTER_SEMANTIC_EQUIVALENCE_REVIEW,EXPLAIN/INDEX_USAGE_AND_UNIQUENESS,DESIGN_MAPPED_NOT_EXECUTED
INDEX,app_role,app_role_code_key,CREATE UNIQUE INDEX app_role_code_key ON public.app_role USING btree (code),True,MIGRATE,app_role,REIMPLEMENT_OR_REPLACE_AFTER_SEMANTIC_EQUIVALENCE_REVIEW,EXPLAIN/INDEX_USAGE_AND_UNIQUENESS,DESIGN_MAPPED_NOT_EXECUTED
INDEX,app_role,app_role_pkey,CREATE UNIQUE INDEX app_role_pkey ON public.app_role USING btree (id),True,MIGRATE,app_role,REIMPLEMENT_OR_REPLACE_AFTER_SEMANTIC_EQUIVALENCE_REVIEW,EXPLAIN/INDEX_USAGE_AND_UNIQUENESS,DESIGN_MAPPED_NOT_EXECUTED
INDEX,app_session,app_session_active_user_idx,"CREATE INDEX app_session_active_user_idx ON public.app_session USING btree (user_id, expires_at DESC) WHERE (revoked_at IS NULL)",True,REISSUE_NOT_MIGRATE,app_session,REIMPLEMENT_OR_REPLACE_AFTER_SEMANTIC_EQUIVALENCE_REVIEW,EXPLAIN/INDEX_USAGE_AND_UNIQUENESS,DESIGN_MAPPED_NOT_EXECUTED
INDEX,app_session,app_session_expiry_idx,CREATE INDEX app_session_expiry_idx ON public.app_session USING btree (expires_at) WHERE (revoked_at IS NULL),True,REISSUE_NOT_MIGRATE,app_session,REIMPLEMENT_OR_REPLACE_AFTER_SEMANTIC_EQUIVALENCE_REVIEW,EXPLAIN/INDEX_USAGE_AND_UNIQUENESS,DESIGN_MAPPED_NOT_EXECUTED
INDEX,app_session,app_session_pkey,CREATE UNIQUE INDEX app_session_pkey ON public.app_session USING btree (id),True,REISSUE_NOT_MIGRATE,app_session,REIMPLEMENT_OR_REPLACE_AFTER_SEMANTIC_EQUIVALENCE_REVIEW,EXPLAIN/INDEX_USAGE_AND_UNIQUENESS,DESIGN_MAPPED_NOT_EXECUTED
INDEX,app_session,app_session_token_hash_key,CREATE UNIQUE INDEX app_session_token_hash_key ON public.app_session USING btree (token_hash),True,REISSUE_NOT_MIGRATE,app_session,REIMPLEMENT_OR_REPLACE_AFTER_SEMANTIC_EQUIVALENCE_REVIEW,EXPLAIN/INDEX_USAGE_AND_UNIQUENESS,DESIGN_MAPPED_NOT_EXECUTED
INDEX,app_user,app_user_active_idx,"CREATE INDEX app_user_active_idx ON public.app_user USING btree (is_active, locked_until)",True,MIGRATE,app_user | app_user_role,REIMPLEMENT_OR_REPLACE_AFTER_SEMANTIC_EQUIVALENCE_REVIEW,EXPLAIN/INDEX_USAGE_AND_UNIQUENESS,DESIGN_MAPPED_NOT_EXECUTED
INDEX,app_user,app_user_email_uq,CREATE UNIQUE INDEX app_user_email_uq ON public.app_user USING btree (lower(btrim(email))) WHERE (email IS NOT NULL),True,MIGRATE,app_user | app_user_role,REIMPLEMENT_OR_REPLACE_AFTER_SEMANTIC_EQUIVALENCE_REVIEW,EXPLAIN/INDEX_USAGE_AND_UNIQUENESS,DESIGN_MAPPED_NOT_EXECUTED
INDEX,app_user,app_user_pkey,CREATE UNIQUE INDEX app_user_pkey ON public.app_user USING btree (id),True,MIGRATE,app_user | app_user_role,REIMPLEMENT_OR_REPLACE_AFTER_SEMANTIC_EQUIVALENCE_REVIEW,EXPLAIN/INDEX_USAGE_AND_UNIQUENESS,DESIGN_MAPPED_NOT_EXECUTED
INDEX,app_user,app_user_role_code_idx,CREATE INDEX app_user_role_code_idx ON public.app_user USING btree (role_code),True,MIGRATE,app_user | app_user_role,REIMPLEMENT_OR_REPLACE_AFTER_SEMANTIC_EQUIVALENCE_REVIEW,EXPLAIN/INDEX_USAGE_AND_UNIQUENESS,DESIGN_MAPPED_NOT_EXECUTED
INDEX,app_user,app_user_username_uq,CREATE UNIQUE INDEX app_user_username_uq ON public.app_user USING btree (lower(btrim(username))),True,MIGRATE,app_user | app_user_role,REIMPLEMENT_OR_REPLACE_AFTER_SEMANTIC_EQUIVALENCE_REVIEW,EXPLAIN/INDEX_USAGE_AND_UNIQUENESS,DESIGN_MAPPED_NOT_EXECUTED
INDEX,app_user_store_scope,app_user_store_scope_pkey,"CREATE UNIQUE INDEX app_user_store_scope_pkey ON public.app_user_store_scope USING btree (user_id, store)",True,MIGRATE_REKEY,app_user_role | app_user_location_scope,REIMPLEMENT_OR_REPLACE_AFTER_SEMANTIC_EQUIVALENCE_REVIEW,EXPLAIN/INDEX_USAGE_AND_UNIQUENESS,DESIGN_MAPPED_NOT_EXECUTED
INDEX,app_user_store_scope,app_user_store_scope_store_idx,"CREATE INDEX app_user_store_scope_store_idx ON public.app_user_store_scope USING btree (store, user_id)",True,MIGRATE_REKEY,app_user_role | app_user_location_scope,REIMPLEMENT_OR_REPLACE_AFTER_SEMANTIC_EQUIVALENCE_REVIEW,EXPLAIN/INDEX_USAGE_AND_UNIQUENESS,DESIGN_MAPPED_NOT_EXECUTED
INDEX,applications,applications_pkey,CREATE UNIQUE INDEX applications_pkey ON public.applications USING btree (id),True,MIGRATE_REKEY,hr_person | hr_application | hr_employment_source_identity,REIMPLEMENT_OR_REPLACE_AFTER_SEMANTIC_EQUIVALENCE_REVIEW,EXPLAIN/INDEX_USAGE_AND_UNIQUENESS,DESIGN_MAPPED_NOT_EXECUTED
INDEX,applications,idx_applications_store_opening_external,"CREATE UNIQUE INDEX idx_applications_store_opening_external ON public.applications USING btree (store_id, job_opening_id, external_applicant_id) WHERE (external_applicant_id IS NOT NULL)",True,MIGRATE_REKEY,hr_person | hr_application | hr_employment_source_identity,REIMPLEMENT_OR_REPLACE_AFTER_SEMANTIC_EQUIVALENCE_REVIEW,EXPLAIN/INDEX_USAGE_AND_UNIQUENESS,DESIGN_MAPPED_NOT_EXECUTED
INDEX,applications,idx_applications_store_phone,"CREATE UNIQUE INDEX idx_applications_store_phone ON public.applications USING btree (store_id, phone) WHERE (phone IS NOT NULL)",True,MIGRATE_REKEY,hr_person | hr_application | hr_employment_source_identity,REIMPLEMENT_OR_REPLACE_AFTER_SEMANTIC_EQUIVALENCE_REVIEW,EXPLAIN/INDEX_USAGE_AND_UNIQUENESS,DESIGN_MAPPED_NOT_EXECUTED
INDEX,applications,idx_applications_store_stage,"CREATE INDEX idx_applications_store_stage ON public.applications USING btree (store_id, stage)",True,MIGRATE_REKEY,hr_person | hr_application | hr_employment_source_identity,REIMPLEMENT_OR_REPLACE_AFTER_SEMANTIC_EQUIVALENCE_REVIEW,EXPLAIN/INDEX_USAGE_AND_UNIQUENESS,DESIGN_MAPPED_NOT_EXECUTED
INDEX,appointments,appointments_pkey,CREATE UNIQUE INDEX appointments_pkey ON public.appointments USING btree (id),True,MIGRATE,hr_appointment,REIMPLEMENT_OR_REPLACE_AFTER_SEMANTIC_EQUIVALENCE_REVIEW,EXPLAIN/INDEX_USAGE_AND_UNIQUENESS,DESIGN_MAPPED_NOT_EXECUTED
INDEX,appointments,idx_appointments_store_scheduled,"CREATE INDEX idx_appointments_store_scheduled ON public.appointments USING btree (store_id, scheduled_for)",True,MIGRATE,hr_appointment,REIMPLEMENT_OR_REPLACE_AFTER_SEMANTIC_EQUIVALENCE_REVIEW,EXPLAIN/INDEX_USAGE_AND_UNIQUENESS,DESIGN_MAPPED_NOT_EXECUTED
INDEX,business_rule,business_rule_pkey,CREATE UNIQUE INDEX business_rule_pkey ON public.business_rule USING btree (id),True,CLASSIFY_VERSION,ops_business_rule | v_ops_holiday_factor,REIMPLEMENT_OR_REPLACE_AFTER_SEMANTIC_EQUIVALENCE_REVIEW,EXPLAIN/INDEX_USAGE_AND_UNIQUENESS,DESIGN_MAPPED_NOT_EXECUTED
INDEX,business_rule,uk_rule_key,CREATE UNIQUE INDEX uk_rule_key ON public.business_rule USING btree (rule_key),True,CLASSIFY_VERSION,ops_business_rule | v_ops_holiday_factor,REIMPLEMENT_OR_REPLACE_AFTER_SEMANTIC_EQUIVALENCE_REVIEW,EXPLAIN/INDEX_USAGE_AND_UNIQUENESS,DESIGN_MAPPED_NOT_EXECUTED
INDEX,candidate_conversations,candidate_conversations_pkey,CREATE UNIQUE INDEX candidate_conversations_pkey ON public.candidate_conversations USING btree (id),True,SPLIT,msg_conversation | msg_conversation_state | hr_application,REIMPLEMENT_OR_REPLACE_AFTER_SEMANTIC_EQUIVALENCE_REVIEW,EXPLAIN/INDEX_USAGE_AND_UNIQUENESS,DESIGN_MAPPED_NOT_EXECUTED
INDEX,candidate_conversations,candidate_conversations_store_id_phone_key,"CREATE UNIQUE INDEX candidate_conversations_store_id_phone_key ON public.candidate_conversations USING btree (store_id, phone)",True,SPLIT,msg_conversation | msg_conversation_state | hr_application,REIMPLEMENT_OR_REPLACE_AFTER_SEMANTIC_EQUIVALENCE_REVIEW,EXPLAIN/INDEX_USAGE_AND_UNIQUENESS,DESIGN_MAPPED_NOT_EXECUTED
INDEX,candidate_conversations,idx_candidate_conversations_application,CREATE INDEX idx_candidate_conversations_application ON public.candidate_conversations USING btree (application_id),True,SPLIT,msg_conversation | msg_conversation_state | hr_application,REIMPLEMENT_OR_REPLACE_AFTER_SEMANTIC_EQUIVALENCE_REVIEW,EXPLAIN/INDEX_USAGE_AND_UNIQUENESS,DESIGN_MAPPED_NOT_EXECUTED
INDEX,chat_history,chat_history_pkey,CREATE UNIQUE INDEX chat_history_pkey ON public.chat_history USING btree (id),True,RETENTION_FILTER,msg_conversation | msg_message,REIMPLEMENT_OR_REPLACE_AFTER_SEMANTIC_EQUIVALENCE_REVIEW,EXPLAIN/INDEX_USAGE_AND_UNIQUENESS,DESIGN_MAPPED_NOT_EXECUTED
INDEX,chat_history,idx_chat_history_conversation,"CREATE INDEX idx_chat_history_conversation ON public.chat_history USING btree (conversation_id, created_at)",True,RETENTION_FILTER,msg_conversation | msg_message,REIMPLEMENT_OR_REPLACE_AFTER_SEMANTIC_EQUIVALENCE_REVIEW,EXPLAIN/INDEX_USAGE_AND_UNIQUENESS,DESIGN_MAPPED_NOT_EXECUTED
INDEX,context_event,context_event_pkey,CREATE UNIQUE INDEX context_event_pkey ON public.context_event USING btree (id),True,CLASSIFY_SPLIT,ops_calendar_event | ops_operational_event,REIMPLEMENT_OR_REPLACE_AFTER_SEMANTIC_EQUIVALENCE_REVIEW,EXPLAIN/INDEX_USAGE_AND_UNIQUENESS,DESIGN_MAPPED_NOT_EXECUTED
INDEX,context_event,idx_ce_date,CREATE INDEX idx_ce_date ON public.context_event USING btree (date),True,CLASSIFY_SPLIT,ops_calendar_event | ops_operational_event,REIMPLEMENT_OR_REPLACE_AFTER_SEMANTIC_EQUIVALENCE_REVIEW,EXPLAIN/INDEX_USAGE_AND_UNIQUENESS,DESIGN_MAPPED_NOT_EXECUTED
INDEX,cost_card_item,cost_card_item_name_type_uq,"CREATE UNIQUE INDEX cost_card_item_name_type_uq ON public.cost_card_item USING btree (lower(btrim(name)), item_type)",True,TYPE_SPLIT,ops_product | ops_product_alias | scm_material | scm_material_source_identity,REIMPLEMENT_OR_REPLACE_AFTER_SEMANTIC_EQUIVALENCE_REVIEW,EXPLAIN/INDEX_USAGE_AND_UNIQUENESS,DESIGN_MAPPED_NOT_EXECUTED
INDEX,cost_card_item,cost_card_item_pkey,CREATE UNIQUE INDEX cost_card_item_pkey ON public.cost_card_item USING btree (id),True,TYPE_SPLIT,ops_product | ops_product_alias | scm_material | scm_material_source_identity,REIMPLEMENT_OR_REPLACE_AFTER_SEMANTIC_EQUIVALENCE_REVIEW,EXPLAIN/INDEX_USAGE_AND_UNIQUENESS,DESIGN_MAPPED_NOT_EXECUTED
INDEX,cost_card_item,cost_card_item_source_ref_uq,CREATE UNIQUE INDEX cost_card_item_source_ref_uq ON public.cost_card_item USING btree (source_ref) WHERE (source_ref IS NOT NULL),True,TYPE_SPLIT,ops_product | ops_product_alias | scm_material | scm_material_source_identity,REIMPLEMENT_OR_REPLACE_AFTER_SEMANTIC_EQUIVALENCE_REVIEW,EXPLAIN/INDEX_USAGE_AND_UNIQUENESS,DESIGN_MAPPED_NOT_EXECUTED
INDEX,cost_card_item,cost_card_item_status_type_idx,"CREATE INDEX cost_card_item_status_type_idx ON public.cost_card_item USING btree (status, item_type, name)",True,TYPE_SPLIT,ops_product | ops_product_alias | scm_material | scm_material_source_identity,REIMPLEMENT_OR_REPLACE_AFTER_SEMANTIC_EQUIVALENCE_REVIEW,EXPLAIN/INDEX_USAGE_AND_UNIQUENESS,DESIGN_MAPPED_NOT_EXECUTED
INDEX,cost_card_item_name_lock,cost_card_item_name_lock_pkey,CREATE UNIQUE INDEX cost_card_item_name_lock_pkey ON public.cost_card_item_name_lock USING btree (name_key),True,RETIRE,NONE,ARCHIVE_AND_PROVE_NO_RUNTIME_DEPENDENCY,EXPLAIN/INDEX_USAGE_AND_UNIQUENESS,DESIGN_MAPPED_NOT_EXECUTED
INDEX,cost_card_item_price,cost_card_item_price_current_idx,"CREATE INDEX cost_card_item_price_current_idx ON public.cost_card_item_price USING btree (item_id, effective_from DESC, created_at DESC)",True,MIGRATE_REKEY,scm_supplier_price_observation | cost_card_material_price,REIMPLEMENT_OR_REPLACE_AFTER_SEMANTIC_EQUIVALENCE_REVIEW,EXPLAIN/INDEX_USAGE_AND_UNIQUENESS,DESIGN_MAPPED_NOT_EXECUTED
INDEX,cost_card_item_price,cost_card_item_price_pkey,CREATE UNIQUE INDEX cost_card_item_price_pkey ON public.cost_card_item_price USING btree (id),True,MIGRATE_REKEY,scm_supplier_price_observation | cost_card_material_price,REIMPLEMENT_OR_REPLACE_AFTER_SEMANTIC_EQUIVALENCE_REVIEW,EXPLAIN/INDEX_USAGE_AND_UNIQUENESS,DESIGN_MAPPED_NOT_EXECUTED
INDEX,cost_card_product_link,cost_card_product_link_item_idx,CREATE INDEX cost_card_product_link_item_idx ON public.cost_card_product_link USING btree (item_id),True,REMODEL,pos_product_mapping | pos_product_mapping_review | cost_card_recipe_version,REIMPLEMENT_OR_REPLACE_AFTER_SEMANTIC_EQUIVALENCE_REVIEW,EXPLAIN/INDEX_USAGE_AND_UNIQUENESS,DESIGN_MAPPED_NOT_EXECUTED
INDEX,cost_card_product_link,cost_card_product_link_pkey,CREATE UNIQUE INDEX cost_card_product_link_pkey ON public.cost_card_product_link USING btree (pos_item_id),True,REMODEL,pos_product_mapping | pos_product_mapping_review | cost_card_recipe_version,REIMPLEMENT_OR_REPLACE_AFTER_SEMANTIC_EQUIVALENCE_REVIEW,EXPLAIN/INDEX_USAGE_AND_UNIQUENESS,DESIGN_MAPPED_NOT_EXECUTED
INDEX,cost_card_recipe,cost_card_recipe_item_id_version_key,"CREATE UNIQUE INDEX cost_card_recipe_item_id_version_key ON public.cost_card_recipe USING btree (item_id, version)",True,VERSION_IN_PLACE,cost_card_recipe_version,REIMPLEMENT_OR_REPLACE_AFTER_SEMANTIC_EQUIVALENCE_REVIEW,EXPLAIN/INDEX_USAGE_AND_UNIQUENESS,DESIGN_MAPPED_NOT_EXECUTED
INDEX,cost_card_recipe,cost_card_recipe_item_status_idx,"CREATE INDEX cost_card_recipe_item_status_idx ON public.cost_card_recipe USING btree (item_id, status, effective_from DESC, version DESC)",True,VERSION_IN_PLACE,cost_card_recipe_version,REIMPLEMENT_OR_REPLACE_AFTER_SEMANTIC_EQUIVALENCE_REVIEW,EXPLAIN/INDEX_USAGE_AND_UNIQUENESS,DESIGN_MAPPED_NOT_EXECUTED
INDEX,cost_card_recipe,cost_card_recipe_pkey,CREATE UNIQUE INDEX cost_card_recipe_pkey ON public.cost_card_recipe USING btree (id),True,VERSION_IN_PLACE,cost_card_recipe_version,REIMPLEMENT_OR_REPLACE_AFTER_SEMANTIC_EQUIVALENCE_REVIEW,EXPLAIN/INDEX_USAGE_AND_UNIQUENESS,DESIGN_MAPPED_NOT_EXECUTED
INDEX,cost_card_recipe_item,cost_card_recipe_item_component_idx,"CREATE INDEX cost_card_recipe_item_component_idx ON public.cost_card_recipe_item USING btree (component_item_id, recipe_id)",True,MIGRATE_REKEY,cost_card_recipe_component,REIMPLEMENT_OR_REPLACE_AFTER_SEMANTIC_EQUIVALENCE_REVIEW,EXPLAIN/INDEX_USAGE_AND_UNIQUENESS,DESIGN_MAPPED_NOT_EXECUTED
INDEX,cost_card_recipe_item,cost_card_recipe_item_pkey,CREATE UNIQUE INDEX cost_card_recipe_item_pkey ON public.cost_card_recipe_item USING btree (id),True,MIGRATE_REKEY,cost_card_recipe_component,REIMPLEMENT_OR_REPLACE_AFTER_SEMANTIC_EQUIVALENCE_REVIEW,EXPLAIN/INDEX_USAGE_AND_UNIQUENESS,DESIGN_MAPPED_NOT_EXECUTED
INDEX,cost_card_recipe_item,cost_card_recipe_item_recipe_id_seq_key,"CREATE UNIQUE INDEX cost_card_recipe_item_recipe_id_seq_key ON public.cost_card_recipe_item USING btree (recipe_id, seq)",True,MIGRATE_REKEY,cost_card_recipe_component,REIMPLEMENT_OR_REPLACE_AFTER_SEMANTIC_EQUIVALENCE_REVIEW,EXPLAIN/INDEX_USAGE_AND_UNIQUENESS,DESIGN_MAPPED_NOT_EXECUTED
INDEX,daily_breakdown,daily_breakdown_pkey,"CREATE UNIQUE INDEX daily_breakdown_pkey ON public.daily_breakdown USING btree (date, dim_type, dim_value)",True,MIGRATE,pos_daily_breakdown | v_pos_daily_breakdown_current,REIMPLEMENT_OR_REPLACE_AFTER_SEMANTIC_EQUIVALENCE_REVIEW,EXPLAIN/INDEX_USAGE_AND_UNIQUENESS,DESIGN_MAPPED_NOT_EXECUTED
INDEX,daily_push_log,daily_push_log_kind_recipient_date_key,"CREATE UNIQUE INDEX daily_push_log_kind_recipient_date_key ON public.daily_push_log USING btree (kind, recipient, date)",True,MERGE_QUEUE_NATURAL_KEY,msg_outbound_message,REIMPLEMENT_OR_REPLACE_AFTER_SEMANTIC_EQUIVALENCE_REVIEW,EXPLAIN/INDEX_USAGE_AND_UNIQUENESS,DESIGN_MAPPED_NOT_EXECUTED
INDEX,daily_push_log,daily_push_log_pkey,CREATE UNIQUE INDEX daily_push_log_pkey ON public.daily_push_log USING btree (id),True,MERGE_QUEUE_NATURAL_KEY,msg_outbound_message,REIMPLEMENT_OR_REPLACE_AFTER_SEMANTIC_EQUIVALENCE_REVIEW,EXPLAIN/INDEX_USAGE_AND_UNIQUENESS,DESIGN_MAPPED_NOT_EXECUTED
INDEX,daily_revenue,daily_revenue_finance_template_slot_idx,"CREATE INDEX daily_revenue_finance_template_slot_idx ON public.daily_revenue USING btree (store, ""substring""((date)::text, 1, 7), date) WHERE (import_source = 'finance_template'::text)",True,SPLIT_BY_WRITER,pos_sales_day | finance_sales_daily,REIMPLEMENT_OR_REPLACE_AFTER_SEMANTIC_EQUIVALENCE_REVIEW,EXPLAIN/INDEX_USAGE_AND_UNIQUENESS,DESIGN_MAPPED_NOT_EXECUTED
INDEX,daily_revenue,daily_revenue_store_date_idx,"CREATE INDEX daily_revenue_store_date_idx ON public.daily_revenue USING btree (store, date)",True,SPLIT_BY_WRITER,pos_sales_day | finance_sales_daily,REIMPLEMENT_OR_REPLACE_AFTER_SEMANTIC_EQUIVALENCE_REVIEW,EXPLAIN/INDEX_USAGE_AND_UNIQUENESS,DESIGN_MAPPED_NOT_EXECUTED
INDEX,daily_revenue,uk_daily_revenue_date,CREATE UNIQUE INDEX uk_daily_revenue_date ON public.daily_revenue USING btree (date),True,SPLIT_BY_WRITER,pos_sales_day | finance_sales_daily,REIMPLEMENT_OR_REPLACE_AFTER_SEMANTIC_EQUIVALENCE_REVIEW,EXPLAIN/INDEX_USAGE_AND_UNIQUENESS,DESIGN_MAPPED_NOT_EXECUTED
INDEX,daily_revenue,uk_daily_revenue_date_store,"CREATE UNIQUE INDEX uk_daily_revenue_date_store ON public.daily_revenue USING btree (date, store)",True,SPLIT_BY_WRITER,pos_sales_day | finance_sales_daily,REIMPLEMENT_OR_REPLACE_AFTER_SEMANTIC_EQUIVALENCE_REVIEW,EXPLAIN/INDEX_USAGE_AND_UNIQUENESS,DESIGN_MAPPED_NOT_EXECUTED
INDEX,daily_review,daily_review_pkey,CREATE UNIQUE INDEX daily_review_pkey ON public.daily_review USING btree (id),True,MIGRATE,ops_daily_review | ops_review_action,REIMPLEMENT_OR_REPLACE_AFTER_SEMANTIC_EQUIVALENCE_REVIEW,EXPLAIN/INDEX_USAGE_AND_UNIQUENESS,DESIGN_MAPPED_NOT_EXECUTED
INDEX,daily_review,uk_review_date,CREATE UNIQUE INDEX uk_review_date ON public.daily_review USING btree (date),True,MIGRATE,ops_daily_review | ops_review_action,REIMPLEMENT_OR_REPLACE_AFTER_SEMANTIC_EQUIVALENCE_REVIEW,EXPLAIN/INDEX_USAGE_AND_UNIQUENESS,DESIGN_MAPPED_NOT_EXECUTED
INDEX,employee_events,employee_events_pkey,CREATE UNIQUE INDEX employee_events_pkey ON public.employee_events USING btree (id),True,MIGRATE_REKEY,hr_employee_event,REIMPLEMENT_OR_REPLACE_AFTER_SEMANTIC_EQUIVALENCE_REVIEW,EXPLAIN/INDEX_USAGE_AND_UNIQUENESS,DESIGN_MAPPED_NOT_EXECUTED
INDEX,employee_events,idx_employee_events_employee_created,"CREATE INDEX idx_employee_events_employee_created ON public.employee_events USING btree (employee_id, created_at DESC)",True,MIGRATE_REKEY,hr_employee_event,REIMPLEMENT_OR_REPLACE_AFTER_SEMANTIC_EQUIVALENCE_REVIEW,EXPLAIN/INDEX_USAGE_AND_UNIQUENESS,DESIGN_MAPPED_NOT_EXECUTED
INDEX,employee_events,idx_employee_events_type_created,"CREATE INDEX idx_employee_events_type_created ON public.employee_events USING btree (event_type, created_at DESC)",True,MIGRATE_REKEY,hr_employee_event,REIMPLEMENT_OR_REPLACE_AFTER_SEMANTIC_EQUIVALENCE_REVIEW,EXPLAIN/INDEX_USAGE_AND_UNIQUENESS,DESIGN_MAPPED_NOT_EXECUTED
INDEX,employee_events,idx_events_employee,CREATE INDEX idx_events_employee ON public.employee_events USING btree (employee_id),True,MIGRATE_REKEY,hr_employee_event,REIMPLEMENT_OR_REPLACE_AFTER_SEMANTIC_EQUIVALENCE_REVIEW,EXPLAIN/INDEX_USAGE_AND_UNIQUENESS,DESIGN_MAPPED_NOT_EXECUTED
INDEX,employee_events,idx_events_type,CREATE INDEX idx_events_type ON public.employee_events USING btree (event_type),True,MIGRATE_REKEY,hr_employee_event,REIMPLEMENT_OR_REPLACE_AFTER_SEMANTIC_EQUIVALENCE_REVIEW,EXPLAIN/INDEX_USAGE_AND_UNIQUENESS,DESIGN_MAPPED_NOT_EXECUTED
INDEX,employees,employees_pkey,CREATE UNIQUE INDEX employees_pkey ON public.employees USING btree (id),True,SPLIT_IDENTITY,hr_person | hr_person_contact | hr_application | hr_application_stage_event | hr_employment | hr_employee_event | hr_employment_source_identity | hr_employment_mapping_review,REIMPLEMENT_OR_REPLACE_AFTER_SEMANTIC_EQUIVALENCE_REVIEW,EXPLAIN/INDEX_USAGE_AND_UNIQUENESS,DESIGN_MAPPED_NOT_EXECUTED
INDEX,employees,idx_employees_name,CREATE INDEX idx_employees_name ON public.employees USING btree (name),True,SPLIT_IDENTITY,hr_person | hr_person_contact | hr_application | hr_application_stage_event | hr_employment | hr_employee_event | hr_employment_source_identity | hr_employment_mapping_review,REIMPLEMENT_OR_REPLACE_AFTER_SEMANTIC_EQUIVALENCE_REVIEW,EXPLAIN/INDEX_USAGE_AND_UNIQUENESS,DESIGN_MAPPED_NOT_EXECUTED
INDEX,employees,idx_employees_status,CREATE INDEX idx_employees_status ON public.employees USING btree (status),True,SPLIT_IDENTITY,hr_person | hr_person_contact | hr_application | hr_application_stage_event | hr_employment | hr_employee_event | hr_employment_source_identity | hr_employment_mapping_review,REIMPLEMENT_OR_REPLACE_AFTER_SEMANTIC_EQUIVALENCE_REVIEW,EXPLAIN/INDEX_USAGE_AND_UNIQUENESS,DESIGN_MAPPED_NOT_EXECUTED
INDEX,employees,idx_employees_status_created,"CREATE INDEX idx_employees_status_created ON public.employees USING btree (status, created_at DESC)",True,SPLIT_IDENTITY,hr_person | hr_person_contact | hr_application | hr_application_stage_event | hr_employment | hr_employee_event | hr_employment_source_identity | hr_employment_mapping_review,REIMPLEMENT_OR_REPLACE_AFTER_SEMANTIC_EQUIVALENCE_REVIEW,EXPLAIN/INDEX_USAGE_AND_UNIQUENESS,DESIGN_MAPPED_NOT_EXECUTED
INDEX,employees,idx_employees_store,CREATE INDEX idx_employees_store ON public.employees USING btree (store_id),True,SPLIT_IDENTITY,hr_person | hr_person_contact | hr_application | hr_application_stage_event | hr_employment | hr_employee_event | hr_employment_source_identity | hr_employment_mapping_review,REIMPLEMENT_OR_REPLACE_AFTER_SEMANTIC_EQUIVALENCE_REVIEW,EXPLAIN/INDEX_USAGE_AND_UNIQUENESS,DESIGN_MAPPED_NOT_EXECUTED
INDEX,employees,idx_employees_updated_at,CREATE INDEX idx_employees_updated_at ON public.employees USING btree (updated_at DESC),True,SPLIT_IDENTITY,hr_person | hr_person_contact | hr_application | hr_application_stage_event | hr_employment | hr_employee_event | hr_employment_source_identity | hr_employment_mapping_review,REIMPLEMENT_OR_REPLACE_AFTER_SEMANTIC_EQUIVALENCE_REVIEW,EXPLAIN/INDEX_USAGE_AND_UNIQUENESS,DESIGN_MAPPED_NOT_EXECUTED
INDEX,fact_hbti_response,fact_hbti_response_campaign_idx,"CREATE INDEX fact_hbti_response_campaign_idx ON public.fact_hbti_response USING btree (campaign_version, answered_at DESC)",True,NORMALIZE,mkt_campaign_version | mkt_campaign_member | mkt_survey_question | mkt_survey_response | mkt_survey_answer | mkt_survey_result,REIMPLEMENT_OR_REPLACE_AFTER_SEMANTIC_EQUIVALENCE_REVIEW,EXPLAIN/INDEX_USAGE_AND_UNIQUENESS,DESIGN_MAPPED_NOT_EXECUTED
INDEX,fact_hbti_response,fact_hbti_response_code_idx,CREATE INDEX fact_hbti_response_code_idx ON public.fact_hbti_response USING btree (hbti_code),True,NORMALIZE,mkt_campaign_version | mkt_campaign_member | mkt_survey_question | mkt_survey_response | mkt_survey_answer | mkt_survey_result,REIMPLEMENT_OR_REPLACE_AFTER_SEMANTIC_EQUIVALENCE_REVIEW,EXPLAIN/INDEX_USAGE_AND_UNIQUENESS,DESIGN_MAPPED_NOT_EXECUTED
INDEX,fact_hbti_response,pk_fact_hbti_response,"CREATE UNIQUE INDEX pk_fact_hbti_response ON public.fact_hbti_response USING btree (store, member_id, campaign_version, attempt_id)",True,NORMALIZE,mkt_campaign_version | mkt_campaign_member | mkt_survey_question | mkt_survey_response | mkt_survey_answer | mkt_survey_result,REIMPLEMENT_OR_REPLACE_AFTER_SEMANTIC_EQUIVALENCE_REVIEW,EXPLAIN/INDEX_USAGE_AND_UNIQUENESS,DESIGN_MAPPED_NOT_EXECUTED
INDEX,fact_shift,fact_shift_date_area_idx,"CREATE INDEX fact_shift_date_area_idx ON public.fact_shift USING btree (work_date DESC, area)",True,REMODEL,app_job_run | ops_shift_plan_version | ops_role | ops_station | ops_shift_requirement | ops_shift_assignment | hr_employment_mapping_review,REIMPLEMENT_OR_REPLACE_AFTER_SEMANTIC_EQUIVALENCE_REVIEW,EXPLAIN/INDEX_USAGE_AND_UNIQUENESS,DESIGN_MAPPED_NOT_EXECUTED
INDEX,fact_shift,fact_shift_post_idx,CREATE INDEX fact_shift_post_idx ON public.fact_shift USING btree (post) WHERE (post <> 'OFF'::text),True,REMODEL,app_job_run | ops_shift_plan_version | ops_role | ops_station | ops_shift_requirement | ops_shift_assignment | hr_employment_mapping_review,REIMPLEMENT_OR_REPLACE_AFTER_SEMANTIC_EQUIVALENCE_REVIEW,EXPLAIN/INDEX_USAGE_AND_UNIQUENESS,DESIGN_MAPPED_NOT_EXECUTED
INDEX,fact_shift,pk_fact_shift,"CREATE UNIQUE INDEX pk_fact_shift ON public.fact_shift USING btree (work_date, store_id, staff_name)",True,REMODEL,app_job_run | ops_shift_plan_version | ops_role | ops_station | ops_shift_requirement | ops_shift_assignment | hr_employment_mapping_review,REIMPLEMENT_OR_REPLACE_AFTER_SEMANTIC_EQUIVALENCE_REVIEW,EXPLAIN/INDEX_USAGE_AND_UNIQUENESS,DESIGN_MAPPED_NOT_EXECUTED
INDEX,finance_cashflow,finance_cashflow_pkey,"CREATE UNIQUE INDEX finance_cashflow_pkey ON public.finance_cashflow USING btree (month, store, item)",True,MIGRATE,finance_import_batch | finance_cashflow_line,REIMPLEMENT_OR_REPLACE_AFTER_SEMANTIC_EQUIVALENCE_REVIEW,EXPLAIN/INDEX_USAGE_AND_UNIQUENESS,DESIGN_MAPPED_NOT_EXECUTED
INDEX,finance_cashflow,finance_cashflow_store_month_idx,"CREATE INDEX finance_cashflow_store_month_idx ON public.finance_cashflow USING btree (store, month)",True,MIGRATE,finance_import_batch | finance_cashflow_line,REIMPLEMENT_OR_REPLACE_AFTER_SEMANTIC_EQUIVALENCE_REVIEW,EXPLAIN/INDEX_USAGE_AND_UNIQUENESS,DESIGN_MAPPED_NOT_EXECUTED
INDEX,finance_expense,finance_expense_month_store_idx,"CREATE INDEX finance_expense_month_store_idx ON public.finance_expense USING btree (month, store)",True,MERGE_TYPED,finance_import_batch | finance_monthly_cost_line,REIMPLEMENT_OR_REPLACE_AFTER_SEMANTIC_EQUIVALENCE_REVIEW,EXPLAIN/INDEX_USAGE_AND_UNIQUENESS,DESIGN_MAPPED_NOT_EXECUTED
INDEX,finance_expense,finance_expense_pkey,CREATE UNIQUE INDEX finance_expense_pkey ON public.finance_expense USING btree (id),True,MERGE_TYPED,finance_import_batch | finance_monthly_cost_line,REIMPLEMENT_OR_REPLACE_AFTER_SEMANTIC_EQUIVALENCE_REVIEW,EXPLAIN/INDEX_USAGE_AND_UNIQUENESS,DESIGN_MAPPED_NOT_EXECUTED
INDEX,finance_expense,finance_expense_store_month_idx,"CREATE INDEX finance_expense_store_month_idx ON public.finance_expense USING btree (store, month)",True,MERGE_TYPED,finance_import_batch | finance_monthly_cost_line,REIMPLEMENT_OR_REPLACE_AFTER_SEMANTIC_EQUIVALENCE_REVIEW,EXPLAIN/INDEX_USAGE_AND_UNIQUENESS,DESIGN_MAPPED_NOT_EXECUTED
INDEX,finance_expense_raw,finance_expense_raw_month_store_idx,"CREATE INDEX finance_expense_raw_month_store_idx ON public.finance_expense_raw USING btree (month, store)",True,MERGE_TYPED,finance_import_batch | finance_monthly_cost_line,REIMPLEMENT_OR_REPLACE_AFTER_SEMANTIC_EQUIVALENCE_REVIEW,EXPLAIN/INDEX_USAGE_AND_UNIQUENESS,DESIGN_MAPPED_NOT_EXECUTED
INDEX,finance_expense_raw,finance_expense_raw_pkey,CREATE UNIQUE INDEX finance_expense_raw_pkey ON public.finance_expense_raw USING btree (id),True,MERGE_TYPED,finance_import_batch | finance_monthly_cost_line,REIMPLEMENT_OR_REPLACE_AFTER_SEMANTIC_EQUIVALENCE_REVIEW,EXPLAIN/INDEX_USAGE_AND_UNIQUENESS,DESIGN_MAPPED_NOT_EXECUTED
INDEX,finance_expense_raw,finance_expense_raw_store_month_idx,"CREATE INDEX finance_expense_raw_store_month_idx ON public.finance_expense_raw USING btree (store, month)",True,MERGE_TYPED,finance_import_batch | finance_monthly_cost_line,REIMPLEMENT_OR_REPLACE_AFTER_SEMANTIC_EQUIVALENCE_REVIEW,EXPLAIN/INDEX_USAGE_AND_UNIQUENESS,DESIGN_MAPPED_NOT_EXECUTED
INDEX,finance_item_sales,finance_item_sales_month_store_idx,"CREATE INDEX finance_item_sales_month_store_idx ON public.finance_item_sales USING btree (month, store)",True,MIGRATE_REKEY,finance_item_sales_monthly,REIMPLEMENT_OR_REPLACE_AFTER_SEMANTIC_EQUIVALENCE_REVIEW,EXPLAIN/INDEX_USAGE_AND_UNIQUENESS,DESIGN_MAPPED_NOT_EXECUTED
INDEX,finance_item_sales,finance_item_sales_pkey,CREATE UNIQUE INDEX finance_item_sales_pkey ON public.finance_item_sales USING btree (id),True,MIGRATE_REKEY,finance_item_sales_monthly,REIMPLEMENT_OR_REPLACE_AFTER_SEMANTIC_EQUIVALENCE_REVIEW,EXPLAIN/INDEX_USAGE_AND_UNIQUENESS,DESIGN_MAPPED_NOT_EXECUTED
INDEX,finance_item_sales,finance_item_sales_store_month_idx,"CREATE INDEX finance_item_sales_store_month_idx ON public.finance_item_sales USING btree (store, month)",True,MIGRATE_REKEY,finance_item_sales_monthly,REIMPLEMENT_OR_REPLACE_AFTER_SEMANTIC_EQUIVALENCE_REVIEW,EXPLAIN/INDEX_USAGE_AND_UNIQUENESS,DESIGN_MAPPED_NOT_EXECUTED
INDEX,finance_labor,finance_labor_pkey,"CREATE UNIQUE INDEX finance_labor_pkey ON public.finance_labor USING btree (month, store)",True,ARCHIVE_COMPAT,finance_monthly_cost_line,REIMPLEMENT_OR_REPLACE_AFTER_SEMANTIC_EQUIVALENCE_REVIEW,EXPLAIN/INDEX_USAGE_AND_UNIQUENESS,DESIGN_MAPPED_NOT_EXECUTED
INDEX,finance_labor,finance_labor_store_month_idx,"CREATE INDEX finance_labor_store_month_idx ON public.finance_labor USING btree (store, month)",True,ARCHIVE_COMPAT,finance_monthly_cost_line,REIMPLEMENT_OR_REPLACE_AFTER_SEMANTIC_EQUIVALENCE_REVIEW,EXPLAIN/INDEX_USAGE_AND_UNIQUENESS,DESIGN_MAPPED_NOT_EXECUTED
INDEX,finance_labor_detail,finance_labor_detail_pkey,"CREATE UNIQUE INDEX finance_labor_detail_pkey ON public.finance_labor_detail USING btree (month, store, category, item, org)",True,MERGE_TYPED,finance_import_batch | finance_monthly_cost_line,REIMPLEMENT_OR_REPLACE_AFTER_SEMANTIC_EQUIVALENCE_REVIEW,EXPLAIN/INDEX_USAGE_AND_UNIQUENESS,DESIGN_MAPPED_NOT_EXECUTED
INDEX,finance_labor_detail,finance_labor_detail_store_month_idx,"CREATE INDEX finance_labor_detail_store_month_idx ON public.finance_labor_detail USING btree (store, month)",True,MERGE_TYPED,finance_import_batch | finance_monthly_cost_line,REIMPLEMENT_OR_REPLACE_AFTER_SEMANTIC_EQUIVALENCE_REVIEW,EXPLAIN/INDEX_USAGE_AND_UNIQUENESS,DESIGN_MAPPED_NOT_EXECUTED
INDEX,finance_material,finance_material_month_store_idx,"CREATE INDEX finance_material_month_store_idx ON public.finance_material USING btree (month, store)",True,MERGE_TYPED,finance_import_batch | finance_monthly_cost_line,REIMPLEMENT_OR_REPLACE_AFTER_SEMANTIC_EQUIVALENCE_REVIEW,EXPLAIN/INDEX_USAGE_AND_UNIQUENESS,DESIGN_MAPPED_NOT_EXECUTED
INDEX,finance_material,finance_material_pkey,CREATE UNIQUE INDEX finance_material_pkey ON public.finance_material USING btree (id),True,MERGE_TYPED,finance_import_batch | finance_monthly_cost_line,REIMPLEMENT_OR_REPLACE_AFTER_SEMANTIC_EQUIVALENCE_REVIEW,EXPLAIN/INDEX_USAGE_AND_UNIQUENESS,DESIGN_MAPPED_NOT_EXECUTED
INDEX,finance_material,finance_material_store_month_idx,"CREATE INDEX finance_material_store_month_idx ON public.finance_material USING btree (store, month)",True,MERGE_TYPED,finance_import_batch | finance_monthly_cost_line,REIMPLEMENT_OR_REPLACE_AFTER_SEMANTIC_EQUIVALENCE_REVIEW,EXPLAIN/INDEX_USAGE_AND_UNIQUENESS,DESIGN_MAPPED_NOT_EXECUTED
INDEX,finance_order_base,finance_order_base_pkey,"CREATE UNIQUE INDEX finance_order_base_pkey ON public.finance_order_base USING btree (month, store)",True,MERGE_METRIC,finance_monthly_metric,REIMPLEMENT_OR_REPLACE_AFTER_SEMANTIC_EQUIVALENCE_REVIEW,EXPLAIN/INDEX_USAGE_AND_UNIQUENESS,DESIGN_MAPPED_NOT_EXECUTED
INDEX,finance_order_base,finance_order_base_store_month_idx,"CREATE INDEX finance_order_base_store_month_idx ON public.finance_order_base USING btree (store, month)",True,MERGE_METRIC,finance_monthly_metric,REIMPLEMENT_OR_REPLACE_AFTER_SEMANTIC_EQUIVALENCE_REVIEW,EXPLAIN/INDEX_USAGE_AND_UNIQUENESS,DESIGN_MAPPED_NOT_EXECUTED
INDEX,finance_orders,finance_orders_pkey,CREATE UNIQUE INDEX finance_orders_pkey ON public.finance_orders USING btree (id),True,MIGRATE,finance_order_logistics_line,REIMPLEMENT_OR_REPLACE_AFTER_SEMANTIC_EQUIVALENCE_REVIEW,EXPLAIN/INDEX_USAGE_AND_UNIQUENESS,DESIGN_MAPPED_NOT_EXECUTED
INDEX,finance_orders,finance_orders_store_order_date_idx,"CREATE INDEX finance_orders_store_order_date_idx ON public.finance_orders USING btree (store, d_order)",True,MIGRATE,finance_order_logistics_line,REIMPLEMENT_OR_REPLACE_AFTER_SEMANTIC_EQUIVALENCE_REVIEW,EXPLAIN/INDEX_USAGE_AND_UNIQUENESS,DESIGN_MAPPED_NOT_EXECUTED
INDEX,finance_period_map,finance_period_map_pkey,"CREATE UNIQUE INDEX finance_period_map_pkey ON public.finance_period_map USING btree (major, sub)",True,VERSION,finance_period_category_map,REIMPLEMENT_OR_REPLACE_AFTER_SEMANTIC_EQUIVALENCE_REVIEW,EXPLAIN/INDEX_USAGE_AND_UNIQUENESS,DESIGN_MAPPED_NOT_EXECUTED
INDEX,finance_pl_metrics,finance_pl_metrics_pkey,"CREATE UNIQUE INDEX finance_pl_metrics_pkey ON public.finance_pl_metrics USING btree (month, store, metric)",True,MIGRATE,finance_monthly_metric,REIMPLEMENT_OR_REPLACE_AFTER_SEMANTIC_EQUIVALENCE_REVIEW,EXPLAIN/INDEX_USAGE_AND_UNIQUENESS,DESIGN_MAPPED_NOT_EXECUTED
INDEX,finance_pl_metrics,finance_pl_metrics_store_month_idx,"CREATE INDEX finance_pl_metrics_store_month_idx ON public.finance_pl_metrics USING btree (store, month)",True,MIGRATE,finance_monthly_metric,REIMPLEMENT_OR_REPLACE_AFTER_SEMANTIC_EQUIVALENCE_REVIEW,EXPLAIN/INDEX_USAGE_AND_UNIQUENESS,DESIGN_MAPPED_NOT_EXECUTED
INDEX,finance_revenue_daily,finance_revenue_daily_date_store_key,"CREATE UNIQUE INDEX finance_revenue_daily_date_store_key ON public.finance_revenue_daily USING btree (date, store)",True,MIGRATE,finance_import_batch | finance_sales_daily,REIMPLEMENT_OR_REPLACE_AFTER_SEMANTIC_EQUIVALENCE_REVIEW,EXPLAIN/INDEX_USAGE_AND_UNIQUENESS,DESIGN_MAPPED_NOT_EXECUTED
INDEX,finance_revenue_daily,finance_revenue_daily_store_date_idx,"CREATE INDEX finance_revenue_daily_store_date_idx ON public.finance_revenue_daily USING btree (store, date)",True,MIGRATE,finance_import_batch | finance_sales_daily,REIMPLEMENT_OR_REPLACE_AFTER_SEMANTIC_EQUIVALENCE_REVIEW,EXPLAIN/INDEX_USAGE_AND_UNIQUENESS,DESIGN_MAPPED_NOT_EXECUTED
INDEX,finance_stock,finance_stock_month_store_idx,"CREATE INDEX finance_stock_month_store_idx ON public.finance_stock USING btree (month, store)",True,MIGRATE_REKEY,finance_inventory_snapshot_line,REIMPLEMENT_OR_REPLACE_AFTER_SEMANTIC_EQUIVALENCE_REVIEW,EXPLAIN/INDEX_USAGE_AND_UNIQUENESS,DESIGN_MAPPED_NOT_EXECUTED
INDEX,finance_stock,finance_stock_pkey,CREATE UNIQUE INDEX finance_stock_pkey ON public.finance_stock USING btree (id),True,MIGRATE_REKEY,finance_inventory_snapshot_line,REIMPLEMENT_OR_REPLACE_AFTER_SEMANTIC_EQUIVALENCE_REVIEW,EXPLAIN/INDEX_USAGE_AND_UNIQUENESS,DESIGN_MAPPED_NOT_EXECUTED
INDEX,finance_stock,finance_stock_store_month_idx,"CREATE INDEX finance_stock_store_month_idx ON public.finance_stock USING btree (store, month)",True,MIGRATE_REKEY,finance_inventory_snapshot_line,REIMPLEMENT_OR_REPLACE_AFTER_SEMANTIC_EQUIVALENCE_REVIEW,EXPLAIN/INDEX_USAGE_AND_UNIQUENESS,DESIGN_MAPPED_NOT_EXECUTED
INDEX,finance_stock_flow,finance_stock_flow_month_store_idx,"CREATE INDEX finance_stock_flow_month_store_idx ON public.finance_stock_flow USING btree (month, store)",True,MIGRATE_REKEY,finance_inventory_flow_line,REIMPLEMENT_OR_REPLACE_AFTER_SEMANTIC_EQUIVALENCE_REVIEW,EXPLAIN/INDEX_USAGE_AND_UNIQUENESS,DESIGN_MAPPED_NOT_EXECUTED
INDEX,finance_stock_flow,finance_stock_flow_pkey,CREATE UNIQUE INDEX finance_stock_flow_pkey ON public.finance_stock_flow USING btree (id),True,MIGRATE_REKEY,finance_inventory_flow_line,REIMPLEMENT_OR_REPLACE_AFTER_SEMANTIC_EQUIVALENCE_REVIEW,EXPLAIN/INDEX_USAGE_AND_UNIQUENESS,DESIGN_MAPPED_NOT_EXECUTED
INDEX,finance_stock_flow,finance_stock_flow_store_month_idx,"CREATE INDEX finance_stock_flow_store_month_idx ON public.finance_stock_flow USING btree (store, month)",True,MIGRATE_REKEY,finance_inventory_flow_line,REIMPLEMENT_OR_REPLACE_AFTER_SEMANTIC_EQUIVALENCE_REVIEW,EXPLAIN/INDEX_USAGE_AND_UNIQUENESS,DESIGN_MAPPED_NOT_EXECUTED
INDEX,finance_store,finance_store_pkey,CREATE UNIQUE INDEX finance_store_pkey ON public.finance_store USING btree (store),True,MERGE_IDENTITY,ops_location | ops_location_source_identity,REIMPLEMENT_OR_REPLACE_AFTER_SEMANTIC_EQUIVALENCE_REVIEW,EXPLAIN/INDEX_USAGE_AND_UNIQUENESS,DESIGN_MAPPED_NOT_EXECUTED
INDEX,finance_supplier_orders,finance_supplier_orders_month_store_idx,"CREATE INDEX finance_supplier_orders_month_store_idx ON public.finance_supplier_orders USING btree (month, store)",True,MIGRATE_REKEY,finance_supplier_purchase_monthly,REIMPLEMENT_OR_REPLACE_AFTER_SEMANTIC_EQUIVALENCE_REVIEW,EXPLAIN/INDEX_USAGE_AND_UNIQUENESS,DESIGN_MAPPED_NOT_EXECUTED
INDEX,finance_supplier_orders,finance_supplier_orders_pkey,CREATE UNIQUE INDEX finance_supplier_orders_pkey ON public.finance_supplier_orders USING btree (id),True,MIGRATE_REKEY,finance_supplier_purchase_monthly,REIMPLEMENT_OR_REPLACE_AFTER_SEMANTIC_EQUIVALENCE_REVIEW,EXPLAIN/INDEX_USAGE_AND_UNIQUENESS,DESIGN_MAPPED_NOT_EXECUTED
INDEX,finance_supplier_orders,finance_supplier_orders_store_month_idx,"CREATE INDEX finance_supplier_orders_store_month_idx ON public.finance_supplier_orders USING btree (store, month)",True,MIGRATE_REKEY,finance_supplier_purchase_monthly,REIMPLEMENT_OR_REPLACE_AFTER_SEMANTIC_EQUIVALENCE_REVIEW,EXPLAIN/INDEX_USAGE_AND_UNIQUENESS,DESIGN_MAPPED_NOT_EXECUTED
INDEX,finance_targets,finance_targets_pkey,"CREATE UNIQUE INDEX finance_targets_pkey ON public.finance_targets USING btree (month, store, item)",True,VERSION,finance_target,REIMPLEMENT_OR_REPLACE_AFTER_SEMANTIC_EQUIVALENCE_REVIEW,EXPLAIN/INDEX_USAGE_AND_UNIQUENESS,DESIGN_MAPPED_NOT_EXECUTED
INDEX,finance_targets,finance_targets_store_month_idx,"CREATE INDEX finance_targets_store_month_idx ON public.finance_targets USING btree (store, month)",True,VERSION,finance_target,REIMPLEMENT_OR_REPLACE_AFTER_SEMANTIC_EQUIVALENCE_REVIEW,EXPLAIN/INDEX_USAGE_AND_UNIQUENESS,DESIGN_MAPPED_NOT_EXECUTED
INDEX,forecast_snapshot,forecast_snapshot_date_product_name_key,"CREATE UNIQUE INDEX forecast_snapshot_date_product_name_key ON public.forecast_snapshot USING btree (date, product_name)",True,REMODEL,ops_forecast_run | ops_forecast_line | ops_production_plan_version | ops_production_plan_line,REIMPLEMENT_OR_REPLACE_AFTER_SEMANTIC_EQUIVALENCE_REVIEW,EXPLAIN/INDEX_USAGE_AND_UNIQUENESS,DESIGN_MAPPED_NOT_EXECUTED
INDEX,forecast_snapshot,forecast_snapshot_pkey,CREATE UNIQUE INDEX forecast_snapshot_pkey ON public.forecast_snapshot USING btree (id),True,REMODEL,ops_forecast_run | ops_forecast_line | ops_production_plan_version | ops_production_plan_line,REIMPLEMENT_OR_REPLACE_AFTER_SEMANTIC_EQUIVALENCE_REVIEW,EXPLAIN/INDEX_USAGE_AND_UNIQUENESS,DESIGN_MAPPED_NOT_EXECUTED
INDEX,hbti_auth_token,hbti_auth_token_pkey,CREATE UNIQUE INDEX hbti_auth_token_pkey ON public.hbti_auth_token USING btree (token_hash),True,REISSUE_NOT_MIGRATE,app_one_time_token,REIMPLEMENT_OR_REPLACE_AFTER_SEMANTIC_EQUIVALENCE_REVIEW,EXPLAIN/INDEX_USAGE_AND_UNIQUENESS,DESIGN_MAPPED_NOT_EXECUTED
INDEX,hbti_auth_token,ix_hbti_auth_token_expires,CREATE INDEX ix_hbti_auth_token_expires ON public.hbti_auth_token USING btree (expires_at),True,REISSUE_NOT_MIGRATE,app_one_time_token,REIMPLEMENT_OR_REPLACE_AFTER_SEMANTIC_EQUIVALENCE_REVIEW,EXPLAIN/INDEX_USAGE_AND_UNIQUENESS,DESIGN_MAPPED_NOT_EXECUTED
INDEX,hbti_gift_stock,hbti_gift_stock_pkey,CREATE UNIQUE INDEX hbti_gift_stock_pkey ON public.hbti_gift_stock USING btree (template_name),True,MIGRATE_REKEY,mkt_reward | mkt_reward_stock | mkt_reward_claim | v_mkt_reward_stock_reconciliation,REIMPLEMENT_OR_REPLACE_AFTER_SEMANTIC_EQUIVALENCE_REVIEW,EXPLAIN/INDEX_USAGE_AND_UNIQUENESS,DESIGN_MAPPED_NOT_EXECUTED
INDEX,hbti_rate_limit,hbti_rate_limit_pkey,CREATE UNIQUE INDEX hbti_rate_limit_pkey ON public.hbti_rate_limit USING btree (bucket),True,EXPIRE_NOT_MIGRATE,app_rate_limit_event,REIMPLEMENT_OR_REPLACE_AFTER_SEMANTIC_EQUIVALENCE_REVIEW,EXPLAIN/INDEX_USAGE_AND_UNIQUENESS,DESIGN_MAPPED_NOT_EXECUTED
INDEX,hbti_rate_limit,ix_hbti_rate_limit_expires_at,CREATE INDEX ix_hbti_rate_limit_expires_at ON public.hbti_rate_limit USING btree (expires_at),True,EXPIRE_NOT_MIGRATE,app_rate_limit_event,REIMPLEMENT_OR_REPLACE_AFTER_SEMANTIC_EQUIVALENCE_REVIEW,EXPLAIN/INDEX_USAGE_AND_UNIQUENESS,DESIGN_MAPPED_NOT_EXECUTED
INDEX,holiday,holiday_pkey,CREATE UNIQUE INDEX holiday_pkey ON public.holiday USING btree (id),True,SPLIT_EVIDENCE,app_job_run | ops_calendar_event | v_ops_holiday_factor,REIMPLEMENT_OR_REPLACE_AFTER_SEMANTIC_EQUIVALENCE_REVIEW,EXPLAIN/INDEX_USAGE_AND_UNIQUENESS,DESIGN_MAPPED_NOT_EXECUTED
INDEX,holiday,uk_holiday_date,CREATE UNIQUE INDEX uk_holiday_date ON public.holiday USING btree (date),True,SPLIT_EVIDENCE,app_job_run | ops_calendar_event | v_ops_holiday_factor,REIMPLEMENT_OR_REPLACE_AFTER_SEMANTIC_EQUIVALENCE_REVIEW,EXPLAIN/INDEX_USAGE_AND_UNIQUENESS,DESIGN_MAPPED_NOT_EXECUTED
INDEX,hourly_sales_summary,hourly_sales_summary_date_hour_key,"CREATE UNIQUE INDEX hourly_sales_summary_date_hour_key ON public.hourly_sales_summary USING btree (date, hour)",True,MIGRATE,pos_sales_hour | v_pos_sales_hour_current,REIMPLEMENT_OR_REPLACE_AFTER_SEMANTIC_EQUIVALENCE_REVIEW,EXPLAIN/INDEX_USAGE_AND_UNIQUENESS,DESIGN_MAPPED_NOT_EXECUTED
INDEX,hourly_sales_summary,hourly_sales_summary_pkey,CREATE UNIQUE INDEX hourly_sales_summary_pkey ON public.hourly_sales_summary USING btree (id),True,MIGRATE,pos_sales_hour | v_pos_sales_hour_current,REIMPLEMENT_OR_REPLACE_AFTER_SEMANTIC_EQUIVALENCE_REVIEW,EXPLAIN/INDEX_USAGE_AND_UNIQUENESS,DESIGN_MAPPED_NOT_EXECUTED
INDEX,item_hourly_sales,item_hourly_sales_date_hour_item_name_key,"CREATE UNIQUE INDEX item_hourly_sales_date_hour_item_name_key ON public.item_hourly_sales USING btree (date, hour, item_name)",True,MIGRATE_SOURCE_FIRST,pos_ingest_batch | pos_product_listing | pos_item_sales_hour,REIMPLEMENT_OR_REPLACE_AFTER_SEMANTIC_EQUIVALENCE_REVIEW,EXPLAIN/INDEX_USAGE_AND_UNIQUENESS,DESIGN_MAPPED_NOT_EXECUTED
INDEX,item_hourly_sales,item_hourly_sales_date_item_idx,"CREATE INDEX item_hourly_sales_date_item_idx ON public.item_hourly_sales USING btree (date, item_name)",True,MIGRATE_SOURCE_FIRST,pos_ingest_batch | pos_product_listing | pos_item_sales_hour,REIMPLEMENT_OR_REPLACE_AFTER_SEMANTIC_EQUIVALENCE_REVIEW,EXPLAIN/INDEX_USAGE_AND_UNIQUENESS,DESIGN_MAPPED_NOT_EXECUTED
INDEX,item_hourly_sales,item_hourly_sales_pkey,CREATE UNIQUE INDEX item_hourly_sales_pkey ON public.item_hourly_sales USING btree (id),True,MIGRATE_SOURCE_FIRST,pos_ingest_batch | pos_product_listing | pos_item_sales_hour,REIMPLEMENT_OR_REPLACE_AFTER_SEMANTIC_EQUIVALENCE_REVIEW,EXPLAIN/INDEX_USAGE_AND_UNIQUENESS,DESIGN_MAPPED_NOT_EXECUTED
INDEX,item_hourly_sales,item_hourly_sales_store_date_idx,"CREATE INDEX item_hourly_sales_store_date_idx ON public.item_hourly_sales USING btree (store, date)",True,MIGRATE_SOURCE_FIRST,pos_ingest_batch | pos_product_listing | pos_item_sales_hour,REIMPLEMENT_OR_REPLACE_AFTER_SEMANTIC_EQUIVALENCE_REVIEW,EXPLAIN/INDEX_USAGE_AND_UNIQUENESS,DESIGN_MAPPED_NOT_EXECUTED
INDEX,item_hourly_sales,ix_item_hourly_sales_item_key,CREATE INDEX ix_item_hourly_sales_item_key ON public.item_hourly_sales USING btree (item_key) WHERE (item_key IS NOT NULL),True,MIGRATE_SOURCE_FIRST,pos_ingest_batch | pos_product_listing | pos_item_sales_hour,REIMPLEMENT_OR_REPLACE_AFTER_SEMANTIC_EQUIVALENCE_REVIEW,EXPLAIN/INDEX_USAGE_AND_UNIQUENESS,DESIGN_MAPPED_NOT_EXECUTED
INDEX,item_last_sale,idx_item_last_sale_date,CREATE INDEX idx_item_last_sale_date ON public.item_last_sale USING btree (date),True,RETIRE_DERIVED,ops_stockout_event,REIMPLEMENT_OR_REPLACE_AFTER_SEMANTIC_EQUIVALENCE_REVIEW,EXPLAIN/INDEX_USAGE_AND_UNIQUENESS,DESIGN_MAPPED_NOT_EXECUTED
INDEX,item_last_sale,item_last_sale_pkey,"CREATE UNIQUE INDEX item_last_sale_pkey ON public.item_last_sale USING btree (date, item_name)",True,RETIRE_DERIVED,ops_stockout_event,REIMPLEMENT_OR_REPLACE_AFTER_SEMANTIC_EQUIVALENCE_REVIEW,EXPLAIN/INDEX_USAGE_AND_UNIQUENESS,DESIGN_MAPPED_NOT_EXECUTED
INDEX,item_last_sale,ix_item_last_sale_item_key,CREATE INDEX ix_item_last_sale_item_key ON public.item_last_sale USING btree (item_key) WHERE (item_key IS NOT NULL),True,RETIRE_DERIVED,ops_stockout_event,REIMPLEMENT_OR_REPLACE_AFTER_SEMANTIC_EQUIVALENCE_REVIEW,EXPLAIN/INDEX_USAGE_AND_UNIQUENESS,DESIGN_MAPPED_NOT_EXECUTED
INDEX,item_waste,item_waste_date_idx,CREATE INDEX item_waste_date_idx ON public.item_waste USING btree (date),True,MIGRATE,pos_item_waste | v_pos_item_waste_current | v_pos_item_waste_mapped,REIMPLEMENT_OR_REPLACE_AFTER_SEMANTIC_EQUIVALENCE_REVIEW,EXPLAIN/INDEX_USAGE_AND_UNIQUENESS,DESIGN_MAPPED_NOT_EXECUTED
INDEX,item_waste,item_waste_date_item_name_waste_reason_key,"CREATE UNIQUE INDEX item_waste_date_item_name_waste_reason_key ON public.item_waste USING btree (date, item_name, waste_reason)",True,MIGRATE,pos_item_waste | v_pos_item_waste_current | v_pos_item_waste_mapped,REIMPLEMENT_OR_REPLACE_AFTER_SEMANTIC_EQUIVALENCE_REVIEW,EXPLAIN/INDEX_USAGE_AND_UNIQUENESS,DESIGN_MAPPED_NOT_EXECUTED
INDEX,item_waste,item_waste_pkey,CREATE UNIQUE INDEX item_waste_pkey ON public.item_waste USING btree (id),True,MIGRATE,pos_item_waste | v_pos_item_waste_current | v_pos_item_waste_mapped,REIMPLEMENT_OR_REPLACE_AFTER_SEMANTIC_EQUIVALENCE_REVIEW,EXPLAIN/INDEX_USAGE_AND_UNIQUENESS,DESIGN_MAPPED_NOT_EXECUTED
INDEX,item_waste,item_waste_store_date_idx,"CREATE INDEX item_waste_store_date_idx ON public.item_waste USING btree (store, date)",True,MIGRATE,pos_item_waste | v_pos_item_waste_current | v_pos_item_waste_mapped,REIMPLEMENT_OR_REPLACE_AFTER_SEMANTIC_EQUIVALENCE_REVIEW,EXPLAIN/INDEX_USAGE_AND_UNIQUENESS,DESIGN_MAPPED_NOT_EXECUTED
INDEX,item_waste,ix_item_waste_item_key,CREATE INDEX ix_item_waste_item_key ON public.item_waste USING btree (item_key) WHERE (item_key IS NOT NULL),True,MIGRATE,pos_item_waste | v_pos_item_waste_current | v_pos_item_waste_mapped,REIMPLEMENT_OR_REPLACE_AFTER_SEMANTIC_EQUIVALENCE_REVIEW,EXPLAIN/INDEX_USAGE_AND_UNIQUENESS,DESIGN_MAPPED_NOT_EXECUTED
INDEX,job_openings,idx_job_openings_qr_token,CREATE UNIQUE INDEX idx_job_openings_qr_token ON public.job_openings USING btree (qr_token) WHERE (qr_token IS NOT NULL),True,MIGRATE,hr_job_requisition,REIMPLEMENT_OR_REPLACE_AFTER_SEMANTIC_EQUIVALENCE_REVIEW,EXPLAIN/INDEX_USAGE_AND_UNIQUENESS,DESIGN_MAPPED_NOT_EXECUTED
INDEX,job_openings,idx_job_openings_store,CREATE INDEX idx_job_openings_store ON public.job_openings USING btree (store_id),True,MIGRATE,hr_job_requisition,REIMPLEMENT_OR_REPLACE_AFTER_SEMANTIC_EQUIVALENCE_REVIEW,EXPLAIN/INDEX_USAGE_AND_UNIQUENESS,DESIGN_MAPPED_NOT_EXECUTED
INDEX,job_openings,idx_job_openings_store_external,"CREATE UNIQUE INDEX idx_job_openings_store_external ON public.job_openings USING btree (store_id, external_job_id) WHERE (external_job_id IS NOT NULL)",True,MIGRATE,hr_job_requisition,REIMPLEMENT_OR_REPLACE_AFTER_SEMANTIC_EQUIVALENCE_REVIEW,EXPLAIN/INDEX_USAGE_AND_UNIQUENESS,DESIGN_MAPPED_NOT_EXECUTED
INDEX,job_openings,job_openings_pkey,CREATE UNIQUE INDEX job_openings_pkey ON public.job_openings USING btree (id),True,MIGRATE,hr_job_requisition,REIMPLEMENT_OR_REPLACE_AFTER_SEMANTIC_EQUIVALENCE_REVIEW,EXPLAIN/INDEX_USAGE_AND_UNIQUENESS,DESIGN_MAPPED_NOT_EXECUTED
INDEX,offers,idx_offers_application,CREATE INDEX idx_offers_application ON public.offers USING btree (application_id),True,VERSION,hr_offer,REIMPLEMENT_OR_REPLACE_AFTER_SEMANTIC_EQUIVALENCE_REVIEW,EXPLAIN/INDEX_USAGE_AND_UNIQUENESS,DESIGN_MAPPED_NOT_EXECUTED
INDEX,offers,offers_pkey,CREATE UNIQUE INDEX offers_pkey ON public.offers USING btree (id),True,VERSION,hr_offer,REIMPLEMENT_OR_REPLACE_AFTER_SEMANTIC_EQUIVALENCE_REVIEW,EXPLAIN/INDEX_USAGE_AND_UNIQUENESS,DESIGN_MAPPED_NOT_EXECUTED
INDEX,ops_audit_log,audit_log_pkey,CREATE UNIQUE INDEX audit_log_pkey ON public.ops_audit_log USING btree (run_id),True,CLASSIFY_SPLIT,app_job_run | app_audit_event,REIMPLEMENT_OR_REPLACE_AFTER_SEMANTIC_EQUIVALENCE_REVIEW,EXPLAIN/INDEX_USAGE_AND_UNIQUENESS,DESIGN_MAPPED_NOT_EXECUTED
INDEX,ops_audit_log,idx_audit_log_skill_started,"CREATE INDEX idx_audit_log_skill_started ON public.ops_audit_log USING btree (skill_id, started_at DESC)",True,CLASSIFY_SPLIT,app_job_run | app_audit_event,REIMPLEMENT_OR_REPLACE_AFTER_SEMANTIC_EQUIVALENCE_REVIEW,EXPLAIN/INDEX_USAGE_AND_UNIQUENESS,DESIGN_MAPPED_NOT_EXECUTED
INDEX,ops_audit_log,idx_audit_log_user,CREATE INDEX idx_audit_log_user ON public.ops_audit_log USING btree (user_id),True,CLASSIFY_SPLIT,app_job_run | app_audit_event,REIMPLEMENT_OR_REPLACE_AFTER_SEMANTIC_EQUIVALENCE_REVIEW,EXPLAIN/INDEX_USAGE_AND_UNIQUENESS,DESIGN_MAPPED_NOT_EXECUTED
INDEX,ops_store,stores_pkey,CREATE UNIQUE INDEX stores_pkey ON public.ops_store USING btree (store_code),True,MERGE_IDENTITY,ops_location | ops_location_source_identity | ops_business_rule | app_user | app_user_role | app_user_location_scope,REIMPLEMENT_OR_REPLACE_AFTER_SEMANTIC_EQUIVALENCE_REVIEW,EXPLAIN/INDEX_USAGE_AND_UNIQUENESS,DESIGN_MAPPED_NOT_EXECUTED
INDEX,out_of_stock_record,idx_oos_date,CREATE INDEX idx_oos_date ON public.out_of_stock_record USING btree (date),True,MIGRATE,ops_stockout_event,REIMPLEMENT_OR_REPLACE_AFTER_SEMANTIC_EQUIVALENCE_REVIEW,EXPLAIN/INDEX_USAGE_AND_UNIQUENESS,DESIGN_MAPPED_NOT_EXECUTED
INDEX,out_of_stock_record,idx_oos_product,CREATE INDEX idx_oos_product ON public.out_of_stock_record USING btree (product_name),True,MIGRATE,ops_stockout_event,REIMPLEMENT_OR_REPLACE_AFTER_SEMANTIC_EQUIVALENCE_REVIEW,EXPLAIN/INDEX_USAGE_AND_UNIQUENESS,DESIGN_MAPPED_NOT_EXECUTED
INDEX,out_of_stock_record,out_of_stock_record_pkey,CREATE UNIQUE INDEX out_of_stock_record_pkey ON public.out_of_stock_record USING btree (id),True,MIGRATE,ops_stockout_event,REIMPLEMENT_OR_REPLACE_AFTER_SEMANTIC_EQUIVALENCE_REVIEW,EXPLAIN/INDEX_USAGE_AND_UNIQUENESS,DESIGN_MAPPED_NOT_EXECUTED
INDEX,pos_member,idx_pos_member_balance,"CREATE INDEX idx_pos_member_balance ON public.pos_member USING btree (store, balance_total DESC NULLS LAST)",True,SPLIT_PRIVACY,pos_member | pos_member_contact | pos_member_card | pos_member_balance_snapshot | v_pos_member_state_current | mkt_campaign_member | mkt_survey_response | mkt_survey_result | mkt_reward_claim,REIMPLEMENT_OR_REPLACE_AFTER_SEMANTIC_EQUIVALENCE_REVIEW,EXPLAIN/INDEX_USAGE_AND_UNIQUENESS,DESIGN_MAPPED_NOT_EXECUTED
INDEX,pos_member,idx_pos_member_phone_e164,CREATE INDEX idx_pos_member_phone_e164 ON public.pos_member USING btree (phone_e164) WHERE (phone_e164 IS NOT NULL),True,SPLIT_PRIVACY,pos_member | pos_member_contact | pos_member_card | pos_member_balance_snapshot | v_pos_member_state_current | mkt_campaign_member | mkt_survey_response | mkt_survey_result | mkt_reward_claim,REIMPLEMENT_OR_REPLACE_AFTER_SEMANTIC_EQUIVALENCE_REVIEW,EXPLAIN/INDEX_USAGE_AND_UNIQUENESS,DESIGN_MAPPED_NOT_EXECUTED
INDEX,pos_member,idx_pos_member_phone_national,CREATE INDEX idx_pos_member_phone_national ON public.pos_member USING btree (phone_national) WHERE (phone_national IS NOT NULL),True,SPLIT_PRIVACY,pos_member | pos_member_contact | pos_member_card | pos_member_balance_snapshot | v_pos_member_state_current | mkt_campaign_member | mkt_survey_response | mkt_survey_result | mkt_reward_claim,REIMPLEMENT_OR_REPLACE_AFTER_SEMANTIC_EQUIVALENCE_REVIEW,EXPLAIN/INDEX_USAGE_AND_UNIQUENESS,DESIGN_MAPPED_NOT_EXECUTED
INDEX,pos_member,idx_pos_member_registered,"CREATE INDEX idx_pos_member_registered ON public.pos_member USING btree (store, registered_on)",True,SPLIT_PRIVACY,pos_member | pos_member_contact | pos_member_card | pos_member_balance_snapshot | v_pos_member_state_current | mkt_campaign_member | mkt_survey_response | mkt_survey_result | mkt_reward_claim,REIMPLEMENT_OR_REPLACE_AFTER_SEMANTIC_EQUIVALENCE_REVIEW,EXPLAIN/INDEX_USAGE_AND_UNIQUENESS,DESIGN_MAPPED_NOT_EXECUTED
INDEX,pos_member,idx_pos_member_snapshot,CREATE INDEX idx_pos_member_snapshot ON public.pos_member USING btree (snapshot_date),True,SPLIT_PRIVACY,pos_member | pos_member_contact | pos_member_card | pos_member_balance_snapshot | v_pos_member_state_current | mkt_campaign_member | mkt_survey_response | mkt_survey_result | mkt_reward_claim,REIMPLEMENT_OR_REPLACE_AFTER_SEMANTIC_EQUIVALENCE_REVIEW,EXPLAIN/INDEX_USAGE_AND_UNIQUENESS,DESIGN_MAPPED_NOT_EXECUTED
INDEX,pos_member,ix_pos_member_hbti_code,"CREATE INDEX ix_pos_member_hbti_code ON public.pos_member USING btree (hbti_campaign_version, hbti_code) WHERE (hbti_code IS NOT NULL)",True,SPLIT_PRIVACY,pos_member | pos_member_contact | pos_member_card | pos_member_balance_snapshot | v_pos_member_state_current | mkt_campaign_member | mkt_survey_response | mkt_survey_result | mkt_reward_claim,REIMPLEMENT_OR_REPLACE_AFTER_SEMANTIC_EQUIVALENCE_REVIEW,EXPLAIN/INDEX_USAGE_AND_UNIQUENESS,DESIGN_MAPPED_NOT_EXECUTED
INDEX,pos_member,ix_pos_member_hbti_prepared,"CREATE INDEX ix_pos_member_hbti_prepared ON public.pos_member USING btree (((hbti_record ->> 'lastReconciledAt'::text)), ((hbti_record ->> 'preparedAt'::text))) WHERE ((hbti_status = 'processing'::text) AND ((hbti_record ->> 'phase'::text) = 'prepared'::text))",True,SPLIT_PRIVACY,pos_member | pos_member_contact | pos_member_card | pos_member_balance_snapshot | v_pos_member_state_current | mkt_campaign_member | mkt_survey_response | mkt_survey_result | mkt_reward_claim,REIMPLEMENT_OR_REPLACE_AFTER_SEMANTIC_EQUIVALENCE_REVIEW,EXPLAIN/INDEX_USAGE_AND_UNIQUENESS,DESIGN_MAPPED_NOT_EXECUTED
INDEX,pos_member,uk_pos_member_store_member,"CREATE UNIQUE INDEX uk_pos_member_store_member ON public.pos_member USING btree (store, member_id)",True,SPLIT_PRIVACY,pos_member | pos_member_contact | pos_member_card | pos_member_balance_snapshot | v_pos_member_state_current | mkt_campaign_member | mkt_survey_response | mkt_survey_result | mkt_reward_claim,REIMPLEMENT_OR_REPLACE_AFTER_SEMANTIC_EQUIVALENCE_REVIEW,EXPLAIN/INDEX_USAGE_AND_UNIQUENESS,DESIGN_MAPPED_NOT_EXECUTED
INDEX,pos_member_card_txn,idx_pos_member_card_txn_card,"CREATE INDEX idx_pos_member_card_txn_card ON public.pos_member_card_txn USING btree (store, card_no)",True,MIGRATE_LOSSLESS,pos_member_card_transaction,REIMPLEMENT_OR_REPLACE_AFTER_SEMANTIC_EQUIVALENCE_REVIEW,EXPLAIN/INDEX_USAGE_AND_UNIQUENESS,DESIGN_MAPPED_NOT_EXECUTED
INDEX,pos_member_card_txn,idx_pos_member_card_txn_date,"CREATE INDEX idx_pos_member_card_txn_date ON public.pos_member_card_txn USING btree (store, business_date, txn_type)",True,MIGRATE_LOSSLESS,pos_member_card_transaction,REIMPLEMENT_OR_REPLACE_AFTER_SEMANTIC_EQUIVALENCE_REVIEW,EXPLAIN/INDEX_USAGE_AND_UNIQUENESS,DESIGN_MAPPED_NOT_EXECUTED
INDEX,pos_member_card_txn,idx_pos_member_card_txn_member,"CREATE INDEX idx_pos_member_card_txn_member ON public.pos_member_card_txn USING btree (store, member_id, business_date DESC)",True,MIGRATE_LOSSLESS,pos_member_card_transaction,REIMPLEMENT_OR_REPLACE_AFTER_SEMANTIC_EQUIVALENCE_REVIEW,EXPLAIN/INDEX_USAGE_AND_UNIQUENESS,DESIGN_MAPPED_NOT_EXECUTED
INDEX,pos_member_card_txn,uk_pos_member_card_txn,"CREATE UNIQUE INDEX uk_pos_member_card_txn ON public.pos_member_card_txn USING btree (store, txn_id)",True,MIGRATE_LOSSLESS,pos_member_card_transaction,REIMPLEMENT_OR_REPLACE_AFTER_SEMANTIC_EQUIVALENCE_REVIEW,EXPLAIN/INDEX_USAGE_AND_UNIQUENESS,DESIGN_MAPPED_NOT_EXECUTED
INDEX,pos_member_daily,idx_pos_member_daily_store_date,"CREATE INDEX idx_pos_member_daily_store_date ON public.pos_member_daily USING btree (store, date DESC)",True,SPLIT,pos_member_daily_metric | v_pos_member_daily_summary,REIMPLEMENT_OR_REPLACE_AFTER_SEMANTIC_EQUIVALENCE_REVIEW,EXPLAIN/INDEX_USAGE_AND_UNIQUENESS,DESIGN_MAPPED_NOT_EXECUTED
INDEX,pos_member_daily,uk_pos_member_daily,"CREATE UNIQUE INDEX uk_pos_member_daily ON public.pos_member_daily USING btree (date, store)",True,SPLIT,pos_member_daily_metric | v_pos_member_daily_summary,REIMPLEMENT_OR_REPLACE_AFTER_SEMANTIC_EQUIVALENCE_REVIEW,EXPLAIN/INDEX_USAGE_AND_UNIQUENESS,DESIGN_MAPPED_NOT_EXECUTED
INDEX,pos_member_order_item,ix_pmoi_date,CREATE INDEX ix_pmoi_date ON public.pos_member_order_item USING btree (business_date),True,MIGRATE_LATEST_SNAPSHOT,pos_order | pos_order_item | v_pos_member_order_item,REIMPLEMENT_OR_REPLACE_AFTER_SEMANTIC_EQUIVALENCE_REVIEW,EXPLAIN/INDEX_USAGE_AND_UNIQUENESS,DESIGN_MAPPED_NOT_EXECUTED
INDEX,pos_member_order_item,ix_pmoi_item,CREATE INDEX ix_pmoi_item ON public.pos_member_order_item USING btree (item_key),True,MIGRATE_LATEST_SNAPSHOT,pos_order | pos_order_item | v_pos_member_order_item,REIMPLEMENT_OR_REPLACE_AFTER_SEMANTIC_EQUIVALENCE_REVIEW,EXPLAIN/INDEX_USAGE_AND_UNIQUENESS,DESIGN_MAPPED_NOT_EXECUTED
INDEX,pos_member_order_item,ix_pmoi_member_date,"CREATE INDEX ix_pmoi_member_date ON public.pos_member_order_item USING btree (member_id, business_date) WHERE (member_id IS NOT NULL)",True,MIGRATE_LATEST_SNAPSHOT,pos_order | pos_order_item | v_pos_member_order_item,REIMPLEMENT_OR_REPLACE_AFTER_SEMANTIC_EQUIVALENCE_REVIEW,EXPLAIN/INDEX_USAGE_AND_UNIQUENESS,DESIGN_MAPPED_NOT_EXECUTED
INDEX,pos_member_order_item,pos_member_order_item_pkey,"CREATE UNIQUE INDEX pos_member_order_item_pkey ON public.pos_member_order_item USING btree (order_id, item_key)",True,MIGRATE_LATEST_SNAPSHOT,pos_order | pos_order_item | v_pos_member_order_item,REIMPLEMENT_OR_REPLACE_AFTER_SEMANTIC_EQUIVALENCE_REVIEW,EXPLAIN/INDEX_USAGE_AND_UNIQUENESS,DESIGN_MAPPED_NOT_EXECUTED
INDEX,pos_product,ix_pos_product_code,CREATE INDEX ix_pos_product_code ON public.pos_product USING btree (menu_item_code) WHERE (menu_item_code IS NOT NULL),True,MIGRATE_SOURCE,pos_product_listing | pos_product_mapping | ops_product,REIMPLEMENT_OR_REPLACE_AFTER_SEMANTIC_EQUIVALENCE_REVIEW,EXPLAIN/INDEX_USAGE_AND_UNIQUENESS,DESIGN_MAPPED_NOT_EXECUTED
INDEX,pos_product,ix_pos_product_name_en,CREATE INDEX ix_pos_product_name_en ON public.pos_product USING btree (lower(btrim(name_en))),True,MIGRATE_SOURCE,pos_product_listing | pos_product_mapping | ops_product,REIMPLEMENT_OR_REPLACE_AFTER_SEMANTIC_EQUIVALENCE_REVIEW,EXPLAIN/INDEX_USAGE_AND_UNIQUENESS,DESIGN_MAPPED_NOT_EXECUTED
INDEX,pos_product,ix_pos_product_name_zh,CREATE INDEX ix_pos_product_name_zh ON public.pos_product USING btree (lower(btrim(name_zh))) WHERE (name_zh IS NOT NULL),True,MIGRATE_SOURCE,pos_product_listing | pos_product_mapping | ops_product,REIMPLEMENT_OR_REPLACE_AFTER_SEMANTIC_EQUIVALENCE_REVIEW,EXPLAIN/INDEX_USAGE_AND_UNIQUENESS,DESIGN_MAPPED_NOT_EXECUTED
INDEX,pos_product,pos_product_pkey,CREATE UNIQUE INDEX pos_product_pkey ON public.pos_product USING btree (item_key),True,MIGRATE_SOURCE,pos_product_listing | pos_product_mapping | ops_product,REIMPLEMENT_OR_REPLACE_AFTER_SEMANTIC_EQUIVALENCE_REVIEW,EXPLAIN/INDEX_USAGE_AND_UNIQUENESS,DESIGN_MAPPED_NOT_EXECUTED
INDEX,product,product_pkey,CREATE UNIQUE INDEX product_pkey ON public.product USING btree (id),True,MIGRATE_MASTER,ops_product | ops_business_rule | v_pos_item_sales_day | v_ops_timeslot_sales_baseline,REIMPLEMENT_OR_REPLACE_AFTER_SEMANTIC_EQUIVALENCE_REVIEW,EXPLAIN/INDEX_USAGE_AND_UNIQUENESS,DESIGN_MAPPED_NOT_EXECUTED
INDEX,product,uk_product_name,CREATE UNIQUE INDEX uk_product_name ON public.product USING btree (name),True,MIGRATE_MASTER,ops_product | ops_business_rule | v_pos_item_sales_day | v_ops_timeslot_sales_baseline,REIMPLEMENT_OR_REPLACE_AFTER_SEMANTIC_EQUIVALENCE_REVIEW,EXPLAIN/INDEX_USAGE_AND_UNIQUENESS,DESIGN_MAPPED_NOT_EXECUTED
INDEX,product_alias,idx_alias_standard_name,CREATE INDEX idx_alias_standard_name ON public.product_alias USING btree (standard_name),True,MIGRATE,ops_product_alias,REIMPLEMENT_OR_REPLACE_AFTER_SEMANTIC_EQUIVALENCE_REVIEW,EXPLAIN/INDEX_USAGE_AND_UNIQUENESS,DESIGN_MAPPED_NOT_EXECUTED
INDEX,product_alias,product_alias_pkey,CREATE UNIQUE INDEX product_alias_pkey ON public.product_alias USING btree (id),True,MIGRATE,ops_product_alias,REIMPLEMENT_OR_REPLACE_AFTER_SEMANTIC_EQUIVALENCE_REVIEW,EXPLAIN/INDEX_USAGE_AND_UNIQUENESS,DESIGN_MAPPED_NOT_EXECUTED
INDEX,product_alias,uk_alias,CREATE UNIQUE INDEX uk_alias ON public.product_alias USING btree (alias),True,MIGRATE,ops_product_alias,REIMPLEMENT_OR_REPLACE_AFTER_SEMANTIC_EQUIVALENCE_REVIEW,EXPLAIN/INDEX_USAGE_AND_UNIQUENESS,DESIGN_MAPPED_NOT_EXECUTED
INDEX,prompt_segment,prompt_segment_pkey,CREATE UNIQUE INDEX prompt_segment_pkey ON public.prompt_segment USING btree (id),True,VERSION,ai_prompt_segment | ai_prompt_template_segment,REIMPLEMENT_OR_REPLACE_AFTER_SEMANTIC_EQUIVALENCE_REVIEW,EXPLAIN/INDEX_USAGE_AND_UNIQUENESS,DESIGN_MAPPED_NOT_EXECUTED
INDEX,prompt_segment,uk_segment_key,CREATE UNIQUE INDEX uk_segment_key ON public.prompt_segment USING btree (segment_key),True,VERSION,ai_prompt_segment | ai_prompt_template_segment,REIMPLEMENT_OR_REPLACE_AFTER_SEMANTIC_EQUIVALENCE_REVIEW,EXPLAIN/INDEX_USAGE_AND_UNIQUENESS,DESIGN_MAPPED_NOT_EXECUTED
INDEX,prompt_template,prompt_template_pkey,CREATE UNIQUE INDEX prompt_template_pkey ON public.prompt_template USING btree (id),True,VERSION,ai_prompt_template | ai_prompt_template_segment,REIMPLEMENT_OR_REPLACE_AFTER_SEMANTIC_EQUIVALENCE_REVIEW,EXPLAIN/INDEX_USAGE_AND_UNIQUENESS,DESIGN_MAPPED_NOT_EXECUTED
INDEX,prompt_template,uk_template_key,CREATE UNIQUE INDEX uk_template_key ON public.prompt_template USING btree (template_key),True,VERSION,ai_prompt_template | ai_prompt_template_segment,REIMPLEMENT_OR_REPLACE_AFTER_SEMANTIC_EQUIVALENCE_REVIEW,EXPLAIN/INDEX_USAGE_AND_UNIQUENESS,DESIGN_MAPPED_NOT_EXECUTED
INDEX,schema_migrations,schema_migrations_pkey,CREATE UNIQUE INDEX schema_migrations_pkey ON public.schema_migrations USING btree (version),True,REKEY,app_schema_migration,REIMPLEMENT_OR_REPLACE_AFTER_SEMANTIC_EQUIVALENCE_REVIEW,EXPLAIN/INDEX_USAGE_AND_UNIQUENESS,DESIGN_MAPPED_NOT_EXECUTED
INDEX,screening_rules,idx_screening_rules_active,"CREATE INDEX idx_screening_rules_active ON public.screening_rules USING btree (is_active, confidence DESC)",True,REVIEW_MIGRATE,hr_screening_rule,REIMPLEMENT_OR_REPLACE_AFTER_SEMANTIC_EQUIVALENCE_REVIEW,EXPLAIN/INDEX_USAGE_AND_UNIQUENESS,DESIGN_MAPPED_NOT_EXECUTED
INDEX,screening_rules,screening_rules_pkey,CREATE UNIQUE INDEX screening_rules_pkey ON public.screening_rules USING btree (id),True,REVIEW_MIGRATE,hr_screening_rule,REIMPLEMENT_OR_REPLACE_AFTER_SEMANTIC_EQUIVALENCE_REVIEW,EXPLAIN/INDEX_USAGE_AND_UNIQUENESS,DESIGN_MAPPED_NOT_EXECUTED
INDEX,session_state,session_state_pkey,CREATE UNIQUE INDEX session_state_pkey ON public.session_state USING btree (conversation_id),True,MIGRATE_ACTIVE_ONLY,msg_conversation | msg_conversation_state,REIMPLEMENT_OR_REPLACE_AFTER_SEMANTIC_EQUIVALENCE_REVIEW,EXPLAIN/INDEX_USAGE_AND_UNIQUENESS,DESIGN_MAPPED_NOT_EXECUTED
INDEX,staff,staff_lark_open_id_key,CREATE UNIQUE INDEX staff_lark_open_id_key ON public.staff USING btree (lark_open_id),True,SPLIT_IDENTITY,hr_person | hr_person_contact | hr_employment | hr_employment_source_identity | hr_employment_mapping_review | app_user | app_user_role | app_user_location_scope,REIMPLEMENT_OR_REPLACE_AFTER_SEMANTIC_EQUIVALENCE_REVIEW,EXPLAIN/INDEX_USAGE_AND_UNIQUENESS,DESIGN_MAPPED_NOT_EXECUTED
INDEX,staff,staff_lid_idx,CREATE INDEX staff_lid_idx ON public.staff USING btree (lid) WHERE (lid IS NOT NULL),True,SPLIT_IDENTITY,hr_person | hr_person_contact | hr_employment | hr_employment_source_identity | hr_employment_mapping_review | app_user | app_user_role | app_user_location_scope,REIMPLEMENT_OR_REPLACE_AFTER_SEMANTIC_EQUIVALENCE_REVIEW,EXPLAIN/INDEX_USAGE_AND_UNIQUENESS,DESIGN_MAPPED_NOT_EXECUTED
INDEX,staff,staff_phone_idx,CREATE INDEX staff_phone_idx ON public.staff USING btree (phone) WHERE (phone IS NOT NULL),True,SPLIT_IDENTITY,hr_person | hr_person_contact | hr_employment | hr_employment_source_identity | hr_employment_mapping_review | app_user | app_user_role | app_user_location_scope,REIMPLEMENT_OR_REPLACE_AFTER_SEMANTIC_EQUIVALENCE_REVIEW,EXPLAIN/INDEX_USAGE_AND_UNIQUENESS,DESIGN_MAPPED_NOT_EXECUTED
INDEX,staff,staff_pkey,CREATE UNIQUE INDEX staff_pkey ON public.staff USING btree (user_id),True,SPLIT_IDENTITY,hr_person | hr_person_contact | hr_employment | hr_employment_source_identity | hr_employment_mapping_review | app_user | app_user_role | app_user_location_scope,REIMPLEMENT_OR_REPLACE_AFTER_SEMANTIC_EQUIVALENCE_REVIEW,EXPLAIN/INDEX_USAGE_AND_UNIQUENESS,DESIGN_MAPPED_NOT_EXECUTED
INDEX,trials,idx_trials_appointment,CREATE INDEX idx_trials_appointment ON public.trials USING btree (appointment_id),True,MERGE_SPLIT,hr_appointment | hr_assessment | hr_assessment_score,REIMPLEMENT_OR_REPLACE_AFTER_SEMANTIC_EQUIVALENCE_REVIEW,EXPLAIN/INDEX_USAGE_AND_UNIQUENESS,DESIGN_MAPPED_NOT_EXECUTED
INDEX,trials,trials_pkey,CREATE UNIQUE INDEX trials_pkey ON public.trials USING btree (id),True,MERGE_SPLIT,hr_appointment | hr_assessment | hr_assessment_score,REIMPLEMENT_OR_REPLACE_AFTER_SEMANTIC_EQUIVALENCE_REVIEW,EXPLAIN/INDEX_USAGE_AND_UNIQUENESS,DESIGN_MAPPED_NOT_EXECUTED
INDEX,wa_outbound_queue,idx_wa_outbound_queue_ready,"CREATE INDEX idx_wa_outbound_queue_ready ON public.wa_outbound_queue USING btree (status, earliest_at) WHERE (status = 'queued'::text)",True,MIGRATE_ACTIVE_ONLY,msg_outbound_message,REIMPLEMENT_OR_REPLACE_AFTER_SEMANTIC_EQUIVALENCE_REVIEW,EXPLAIN/INDEX_USAGE_AND_UNIQUENESS,DESIGN_MAPPED_NOT_EXECUTED
INDEX,wa_outbound_queue,wa_outbound_queue_phone_key,CREATE UNIQUE INDEX wa_outbound_queue_phone_key ON public.wa_outbound_queue USING btree (phone),True,MIGRATE_ACTIVE_ONLY,msg_outbound_message,REIMPLEMENT_OR_REPLACE_AFTER_SEMANTIC_EQUIVALENCE_REVIEW,EXPLAIN/INDEX_USAGE_AND_UNIQUENESS,DESIGN_MAPPED_NOT_EXECUTED
INDEX,wa_outbound_queue,wa_outbound_queue_pkey,CREATE UNIQUE INDEX wa_outbound_queue_pkey ON public.wa_outbound_queue USING btree (id),True,MIGRATE_ACTIVE_ONLY,msg_outbound_message,REIMPLEMENT_OR_REPLACE_AFTER_SEMANTIC_EQUIVALENCE_REVIEW,EXPLAIN/INDEX_USAGE_AND_UNIQUENESS,DESIGN_MAPPED_NOT_EXECUTED
INDEX,wa_send_log,idx_wa_send_log_sent_on,CREATE INDEX idx_wa_send_log_sent_on ON public.wa_send_log USING btree (sent_on),True,MIGRATE_SUMMARY,msg_outbound_message | msg_delivery_attempt | msg_delivery_event,REIMPLEMENT_OR_REPLACE_AFTER_SEMANTIC_EQUIVALENCE_REVIEW,EXPLAIN/INDEX_USAGE_AND_UNIQUENESS,DESIGN_MAPPED_NOT_EXECUTED
INDEX,wa_send_log,wa_send_log_pkey,CREATE UNIQUE INDEX wa_send_log_pkey ON public.wa_send_log USING btree (id),True,MIGRATE_SUMMARY,msg_outbound_message | msg_delivery_attempt | msg_delivery_event,REIMPLEMENT_OR_REPLACE_AFTER_SEMANTIC_EQUIVALENCE_REVIEW,EXPLAIN/INDEX_USAGE_AND_UNIQUENESS,DESIGN_MAPPED_NOT_EXECUTED
TRIGGER,app_user,app_user_touch,CREATE TRIGGER app_user_touch BEFORE UPDATE ON app_user FOR EACH ROW EXECUTE FUNCTION app_touch_updated_at(),O,MIGRATE,app_user | app_user_role,REIMPLEMENT_OR_REPLACE_AFTER_SEMANTIC_EQUIVALENCE_REVIEW,WRITE_PATH_AND_FAILURE_CASE_TEST,DESIGN_MAPPED_NOT_EXECUTED
TRIGGER,business_rule,trg_business_rule_updated_at,CREATE TRIGGER trg_business_rule_updated_at BEFORE UPDATE ON business_rule FOR EACH ROW EXECUTE FUNCTION update_updated_at(),O,CLASSIFY_VERSION,ops_business_rule | v_ops_holiday_factor,REIMPLEMENT_OR_REPLACE_AFTER_SEMANTIC_EQUIVALENCE_REVIEW,WRITE_PATH_AND_FAILURE_CASE_TEST,DESIGN_MAPPED_NOT_EXECUTED
TRIGGER,cost_card_item,cost_card_item_ingredient_name_guard,"CREATE TRIGGER cost_card_item_ingredient_name_guard BEFORE INSERT OR UPDATE OF name, item_type ON cost_card_item FOR EACH ROW EXECUTE FUNCTION cost_card_enforce_ingredient_name_guard()",O,TYPE_SPLIT,ops_product | ops_product_alias | scm_material | scm_material_source_identity,REIMPLEMENT_OR_REPLACE_AFTER_SEMANTIC_EQUIVALENCE_REVIEW,WRITE_PATH_AND_FAILURE_CASE_TEST,DESIGN_MAPPED_NOT_EXECUTED
TRIGGER,cost_card_item,cost_card_item_touch,CREATE TRIGGER cost_card_item_touch BEFORE UPDATE ON cost_card_item FOR EACH ROW EXECUTE FUNCTION cost_card_touch_updated_at(),O,TYPE_SPLIT,ops_product | ops_product_alias | scm_material | scm_material_source_identity,REIMPLEMENT_OR_REPLACE_AFTER_SEMANTIC_EQUIVALENCE_REVIEW,WRITE_PATH_AND_FAILURE_CASE_TEST,DESIGN_MAPPED_NOT_EXECUTED
TRIGGER,cost_card_item_price,cost_card_item_price_normalize,"CREATE TRIGGER cost_card_item_price_normalize BEFORE INSERT OR UPDATE OF item_id, unit_price, currency, price_unit, price_quantity, effective_from ON cost_card_item_price FOR EACH ROW EXECUTE FUNCTION cost_card_normalize_price()",O,MIGRATE_REKEY,scm_supplier_price_observation | cost_card_material_price,REIMPLEMENT_OR_REPLACE_AFTER_SEMANTIC_EQUIVALENCE_REVIEW,WRITE_PATH_AND_FAILURE_CASE_TEST,DESIGN_MAPPED_NOT_EXECUTED
TRIGGER,cost_card_recipe,cost_card_recipe_bump,CREATE TRIGGER cost_card_recipe_bump BEFORE UPDATE ON cost_card_recipe FOR EACH ROW EXECUTE FUNCTION cost_card_bump_recipe_version(),O,VERSION_IN_PLACE,cost_card_recipe_version,REIMPLEMENT_OR_REPLACE_AFTER_SEMANTIC_EQUIVALENCE_REVIEW,WRITE_PATH_AND_FAILURE_CASE_TEST,DESIGN_MAPPED_NOT_EXECUTED
TRIGGER,cost_card_recipe,cost_card_recipe_protect,CREATE TRIGGER cost_card_recipe_protect BEFORE DELETE OR UPDATE ON cost_card_recipe FOR EACH ROW EXECUTE FUNCTION cost_card_protect_recipe(),O,VERSION_IN_PLACE,cost_card_recipe_version,REIMPLEMENT_OR_REPLACE_AFTER_SEMANTIC_EQUIVALENCE_REVIEW,WRITE_PATH_AND_FAILURE_CASE_TEST,DESIGN_MAPPED_NOT_EXECUTED
TRIGGER,cost_card_recipe_item,cost_card_recipe_item_protect,CREATE TRIGGER cost_card_recipe_item_protect BEFORE INSERT OR DELETE OR UPDATE ON cost_card_recipe_item FOR EACH ROW EXECUTE FUNCTION cost_card_protect_recipe_item(),O,MIGRATE_REKEY,cost_card_recipe_component,REIMPLEMENT_OR_REPLACE_AFTER_SEMANTIC_EQUIVALENCE_REVIEW,WRITE_PATH_AND_FAILURE_CASE_TEST,DESIGN_MAPPED_NOT_EXECUTED
TRIGGER,holiday,trg_holiday_updated_at,CREATE TRIGGER trg_holiday_updated_at BEFORE UPDATE ON holiday FOR EACH ROW EXECUTE FUNCTION update_updated_at(),O,SPLIT_EVIDENCE,app_job_run | ops_calendar_event | v_ops_holiday_factor,REIMPLEMENT_OR_REPLACE_AFTER_SEMANTIC_EQUIVALENCE_REVIEW,WRITE_PATH_AND_FAILURE_CASE_TEST,DESIGN_MAPPED_NOT_EXECUTED
TRIGGER,product,trg_product_updated_at,CREATE TRIGGER trg_product_updated_at BEFORE UPDATE ON product FOR EACH ROW EXECUTE FUNCTION update_updated_at(),O,MIGRATE_MASTER,ops_product | ops_business_rule | v_pos_item_sales_day | v_ops_timeslot_sales_baseline,REIMPLEMENT_OR_REPLACE_AFTER_SEMANTIC_EQUIVALENCE_REVIEW,WRITE_PATH_AND_FAILURE_CASE_TEST,DESIGN_MAPPED_NOT_EXECUTED
TRIGGER,product_alias,trg_product_alias_updated_at,CREATE TRIGGER trg_product_alias_updated_at BEFORE UPDATE ON product_alias FOR EACH ROW EXECUTE FUNCTION update_updated_at(),O,MIGRATE,ops_product_alias,REIMPLEMENT_OR_REPLACE_AFTER_SEMANTIC_EQUIVALENCE_REVIEW,WRITE_PATH_AND_FAILURE_CASE_TEST,DESIGN_MAPPED_NOT_EXECUTED
TRIGGER,prompt_segment,trg_prompt_segment_updated_at,CREATE TRIGGER trg_prompt_segment_updated_at BEFORE UPDATE ON prompt_segment FOR EACH ROW EXECUTE FUNCTION update_updated_at(),O,VERSION,ai_prompt_segment | ai_prompt_template_segment,REIMPLEMENT_OR_REPLACE_AFTER_SEMANTIC_EQUIVALENCE_REVIEW,WRITE_PATH_AND_FAILURE_CASE_TEST,DESIGN_MAPPED_NOT_EXECUTED
TRIGGER,prompt_template,trg_prompt_template_updated_at,CREATE TRIGGER trg_prompt_template_updated_at BEFORE UPDATE ON prompt_template FOR EACH ROW EXECUTE FUNCTION update_updated_at(),O,VERSION,ai_prompt_template | ai_prompt_template_segment,REIMPLEMENT_OR_REPLACE_AFTER_SEMANTIC_EQUIVALENCE_REVIEW,WRITE_PATH_AND_FAILURE_CASE_TEST,DESIGN_MAPPED_NOT_EXECUTED
RLS_POLICY,applications,applications_store_scope,"{""cmd"": ""SELECT"", ""permissive"": ""PERMISSIVE"", ""qual"": ""(store_id = ANY (ARRAY( SELECT jsonb_array_elements_text(COALESCE(((current_setting('request.jwt.claims'::text, true))::jsonb -> 'store_ids'::text), '[]'::jsonb)) AS jsonb_array_elements_text)))"", ""roles"": [""authenticated""], ""with_check"": null}",DECLARED,MIGRATE_REKEY,hr_person | hr_application | hr_employment_source_identity,REIMPLEMENT_OR_REPLACE_AFTER_SEMANTIC_EQUIVALENCE_REVIEW,ROLE_LOCATION_AND_DENY_CASE_TEST,DESIGN_MAPPED_NOT_EXECUTED
RLS_POLICY,applications,service_role_all,"{""cmd"": ""ALL"", ""permissive"": ""PERMISSIVE"", ""qual"": ""true"", ""roles"": [""service_role""], ""with_check"": ""true""}",DECLARED,MIGRATE_REKEY,hr_person | hr_application | hr_employment_source_identity,REIMPLEMENT_OR_REPLACE_AFTER_SEMANTIC_EQUIVALENCE_REVIEW,ROLE_LOCATION_AND_DENY_CASE_TEST,DESIGN_MAPPED_NOT_EXECUTED
RLS_POLICY,appointments,appointments_store_scope,"{""cmd"": ""SELECT"", ""permissive"": ""PERMISSIVE"", ""qual"": ""(store_id = ANY (ARRAY( SELECT jsonb_array_elements_text(COALESCE(((current_setting('request.jwt.claims'::text, true))::jsonb -> 'store_ids'::text), '[]'::jsonb)) AS jsonb_array_elements_text)))"", ""roles"": [""authenticated""], ""with_check"": null}",DECLARED,MIGRATE,hr_appointment,REIMPLEMENT_OR_REPLACE_AFTER_SEMANTIC_EQUIVALENCE_REVIEW,ROLE_LOCATION_AND_DENY_CASE_TEST,DESIGN_MAPPED_NOT_EXECUTED
RLS_POLICY,appointments,service_role_all,"{""cmd"": ""ALL"", ""permissive"": ""PERMISSIVE"", ""qual"": ""true"", ""roles"": [""service_role""], ""with_check"": ""true""}",DECLARED,MIGRATE,hr_appointment,REIMPLEMENT_OR_REPLACE_AFTER_SEMANTIC_EQUIVALENCE_REVIEW,ROLE_LOCATION_AND_DENY_CASE_TEST,DESIGN_MAPPED_NOT_EXECUTED
RLS_POLICY,candidate_conversations,candidate_conversations_store_scope,"{""cmd"": ""SELECT"", ""permissive"": ""PERMISSIVE"", ""qual"": ""(store_id = ANY (ARRAY( SELECT jsonb_array_elements_text(COALESCE(((current_setting('request.jwt.claims'::text, true))::jsonb -> 'store_ids'::text), '[]'::jsonb)) AS jsonb_array_elements_text)))"", ""roles"": [""authenticated""], ""with_check"": null}",DECLARED,SPLIT,msg_conversation | msg_conversation_state | hr_application,REIMPLEMENT_OR_REPLACE_AFTER_SEMANTIC_EQUIVALENCE_REVIEW,ROLE_LOCATION_AND_DENY_CASE_TEST,DESIGN_MAPPED_NOT_EXECUTED
RLS_POLICY,candidate_conversations,service_role_all,"{""cmd"": ""ALL"", ""permissive"": ""PERMISSIVE"", ""qual"": ""true"", ""roles"": [""service_role""], ""with_check"": ""true""}",DECLARED,SPLIT,msg_conversation | msg_conversation_state | hr_application,REIMPLEMENT_OR_REPLACE_AFTER_SEMANTIC_EQUIVALENCE_REVIEW,ROLE_LOCATION_AND_DENY_CASE_TEST,DESIGN_MAPPED_NOT_EXECUTED
RLS_POLICY,chat_history,service_role_all,"{""cmd"": ""ALL"", ""permissive"": ""PERMISSIVE"", ""qual"": ""true"", ""roles"": [""service_role""], ""with_check"": ""true""}",DECLARED,RETENTION_FILTER,msg_conversation | msg_message,REIMPLEMENT_OR_REPLACE_AFTER_SEMANTIC_EQUIVALENCE_REVIEW,ROLE_LOCATION_AND_DENY_CASE_TEST,DESIGN_MAPPED_NOT_EXECUTED
RLS_POLICY,daily_breakdown,daily_breakdown_service,"{""cmd"": ""ALL"", ""permissive"": ""PERMISSIVE"", ""qual"": ""true"", ""roles"": [""public""], ""with_check"": ""true""}",DECLARED,MIGRATE,pos_daily_breakdown | v_pos_daily_breakdown_current,REIMPLEMENT_OR_REPLACE_AFTER_SEMANTIC_EQUIVALENCE_REVIEW,ROLE_LOCATION_AND_DENY_CASE_TEST,DESIGN_MAPPED_NOT_EXECUTED
RLS_POLICY,employee_events,employee_events_store_scope,"{""cmd"": ""SELECT"", ""permissive"": ""PERMISSIVE"", ""qual"": ""(EXISTS ( SELECT 1\n   FROM employees e\n  WHERE ((e.id = employee_events.employee_id) AND (e.store_id = ANY (ARRAY( SELECT jsonb_array_elements_text(COALESCE(((current_setting('request.jwt.claims'::text, true))::jsonb -> 'store_ids'::text), '[]'::jsonb)) AS jsonb_array_elements_text))))))"", ""roles"": [""authenticated""], ""with_check"": null}",DECLARED,MIGRATE_REKEY,hr_employee_event,REIMPLEMENT_OR_REPLACE_AFTER_SEMANTIC_EQUIVALENCE_REVIEW,ROLE_LOCATION_AND_DENY_CASE_TEST,DESIGN_MAPPED_NOT_EXECUTED
RLS_POLICY,employee_events,service_role_all,"{""cmd"": ""ALL"", ""permissive"": ""PERMISSIVE"", ""qual"": ""true"", ""roles"": [""service_role""], ""with_check"": ""true""}",DECLARED,MIGRATE_REKEY,hr_employee_event,REIMPLEMENT_OR_REPLACE_AFTER_SEMANTIC_EQUIVALENCE_REVIEW,ROLE_LOCATION_AND_DENY_CASE_TEST,DESIGN_MAPPED_NOT_EXECUTED
RLS_POLICY,employees,employees_store_scope,"{""cmd"": ""SELECT"", ""permissive"": ""PERMISSIVE"", ""qual"": ""(store_id = ANY (ARRAY( SELECT jsonb_array_elements_text(COALESCE(((current_setting('request.jwt.claims'::text, true))::jsonb -> 'store_ids'::text), '[]'::jsonb)) AS jsonb_array_elements_text)))"", ""roles"": [""authenticated""], ""with_check"": null}",DECLARED,SPLIT_IDENTITY,hr_person | hr_person_contact | hr_application | hr_application_stage_event | hr_employment | hr_employee_event | hr_employment_source_identity | hr_employment_mapping_review,REIMPLEMENT_OR_REPLACE_AFTER_SEMANTIC_EQUIVALENCE_REVIEW,ROLE_LOCATION_AND_DENY_CASE_TEST,DESIGN_MAPPED_NOT_EXECUTED
RLS_POLICY,employees,service_role_all,"{""cmd"": ""ALL"", ""permissive"": ""PERMISSIVE"", ""qual"": ""true"", ""roles"": [""service_role""], ""with_check"": ""true""}",DECLARED,SPLIT_IDENTITY,hr_person | hr_person_contact | hr_application | hr_application_stage_event | hr_employment | hr_employee_event | hr_employment_source_identity | hr_employment_mapping_review,REIMPLEMENT_OR_REPLACE_AFTER_SEMANTIC_EQUIVALENCE_REVIEW,ROLE_LOCATION_AND_DENY_CASE_TEST,DESIGN_MAPPED_NOT_EXECUTED
RLS_POLICY,job_openings,job_openings_store_scope,"{""cmd"": ""SELECT"", ""permissive"": ""PERMISSIVE"", ""qual"": ""(store_id = ANY (ARRAY( SELECT jsonb_array_elements_text(COALESCE(((current_setting('request.jwt.claims'::text, true))::jsonb -> 'store_ids'::text), '[]'::jsonb)) AS jsonb_array_elements_text)))"", ""roles"": [""authenticated""], ""with_check"": null}",DECLARED,MIGRATE,hr_job_requisition,REIMPLEMENT_OR_REPLACE_AFTER_SEMANTIC_EQUIVALENCE_REVIEW,ROLE_LOCATION_AND_DENY_CASE_TEST,DESIGN_MAPPED_NOT_EXECUTED
RLS_POLICY,job_openings,service_role_all,"{""cmd"": ""ALL"", ""permissive"": ""PERMISSIVE"", ""qual"": ""true"", ""roles"": [""service_role""], ""with_check"": ""true""}",DECLARED,MIGRATE,hr_job_requisition,REIMPLEMENT_OR_REPLACE_AFTER_SEMANTIC_EQUIVALENCE_REVIEW,ROLE_LOCATION_AND_DENY_CASE_TEST,DESIGN_MAPPED_NOT_EXECUTED
RLS_POLICY,offers,offers_store_scope,"{""cmd"": ""SELECT"", ""permissive"": ""PERMISSIVE"", ""qual"": ""(store_id = ANY (ARRAY( SELECT jsonb_array_elements_text(COALESCE(((current_setting('request.jwt.claims'::text, true))::jsonb -> 'store_ids'::text), '[]'::jsonb)) AS jsonb_array_elements_text)))"", ""roles"": [""authenticated""], ""with_check"": null}",DECLARED,VERSION,hr_offer,REIMPLEMENT_OR_REPLACE_AFTER_SEMANTIC_EQUIVALENCE_REVIEW,ROLE_LOCATION_AND_DENY_CASE_TEST,DESIGN_MAPPED_NOT_EXECUTED
RLS_POLICY,offers,service_role_all,"{""cmd"": ""ALL"", ""permissive"": ""PERMISSIVE"", ""qual"": ""true"", ""roles"": [""service_role""], ""with_check"": ""true""}",DECLARED,VERSION,hr_offer,REIMPLEMENT_OR_REPLACE_AFTER_SEMANTIC_EQUIVALENCE_REVIEW,ROLE_LOCATION_AND_DENY_CASE_TEST,DESIGN_MAPPED_NOT_EXECUTED
RLS_POLICY,ops_audit_log,service_role_all,"{""cmd"": ""ALL"", ""permissive"": ""PERMISSIVE"", ""qual"": ""true"", ""roles"": [""service_role""], ""with_check"": ""true""}",DECLARED,CLASSIFY_SPLIT,app_job_run | app_audit_event,REIMPLEMENT_OR_REPLACE_AFTER_SEMANTIC_EQUIVALENCE_REVIEW,ROLE_LOCATION_AND_DENY_CASE_TEST,DESIGN_MAPPED_NOT_EXECUTED
RLS_POLICY,ops_store,service_role_all,"{""cmd"": ""ALL"", ""permissive"": ""PERMISSIVE"", ""qual"": ""true"", ""roles"": [""service_role""], ""with_check"": ""true""}",DECLARED,MERGE_IDENTITY,ops_location | ops_location_source_identity | ops_business_rule | app_user | app_user_role | app_user_location_scope,REIMPLEMENT_OR_REPLACE_AFTER_SEMANTIC_EQUIVALENCE_REVIEW,ROLE_LOCATION_AND_DENY_CASE_TEST,DESIGN_MAPPED_NOT_EXECUTED
RLS_POLICY,ops_store,stores_store_scope,"{""cmd"": ""SELECT"", ""permissive"": ""PERMISSIVE"", ""qual"": ""(store_code = ANY (ARRAY( SELECT jsonb_array_elements_text(COALESCE(((current_setting('request.jwt.claims'::text, true))::jsonb -> 'store_ids'::text), '[]'::jsonb)) AS jsonb_array_elements_text)))"", ""roles"": [""authenticated""], ""with_check"": null}",DECLARED,MERGE_IDENTITY,ops_location | ops_location_source_identity | ops_business_rule | app_user | app_user_role | app_user_location_scope,REIMPLEMENT_OR_REPLACE_AFTER_SEMANTIC_EQUIVALENCE_REVIEW,ROLE_LOCATION_AND_DENY_CASE_TEST,DESIGN_MAPPED_NOT_EXECUTED
RLS_POLICY,session_state,service_role_all,"{""cmd"": ""ALL"", ""permissive"": ""PERMISSIVE"", ""qual"": ""true"", ""roles"": [""service_role""], ""with_check"": ""true""}",DECLARED,MIGRATE_ACTIVE_ONLY,msg_conversation | msg_conversation_state,REIMPLEMENT_OR_REPLACE_AFTER_SEMANTIC_EQUIVALENCE_REVIEW,ROLE_LOCATION_AND_DENY_CASE_TEST,DESIGN_MAPPED_NOT_EXECUTED
RLS_POLICY,staff,staff_service,"{""cmd"": ""ALL"", ""permissive"": ""PERMISSIVE"", ""qual"": ""true"", ""roles"": [""public""], ""with_check"": ""true""}",DECLARED,SPLIT_IDENTITY,hr_person | hr_person_contact | hr_employment | hr_employment_source_identity | hr_employment_mapping_review | app_user | app_user_role | app_user_location_scope,REIMPLEMENT_OR_REPLACE_AFTER_SEMANTIC_EQUIVALENCE_REVIEW,ROLE_LOCATION_AND_DENY_CASE_TEST,DESIGN_MAPPED_NOT_EXECUTED
RLS_POLICY,trials,service_role_all,"{""cmd"": ""ALL"", ""permissive"": ""PERMISSIVE"", ""qual"": ""true"", ""roles"": [""service_role""], ""with_check"": ""true""}",DECLARED,MERGE_SPLIT,hr_appointment | hr_assessment | hr_assessment_score,REIMPLEMENT_OR_REPLACE_AFTER_SEMANTIC_EQUIVALENCE_REVIEW,ROLE_LOCATION_AND_DENY_CASE_TEST,DESIGN_MAPPED_NOT_EXECUTED
RLS_POLICY,trials,trials_store_scope,"{""cmd"": ""SELECT"", ""permissive"": ""PERMISSIVE"", ""qual"": ""(store_id = ANY (ARRAY( SELECT jsonb_array_elements_text(COALESCE(((current_setting('request.jwt.claims'::text, true))::jsonb -> 'store_ids'::text), '[]'::jsonb)) AS jsonb_array_elements_text)))"", ""roles"": [""authenticated""], ""with_check"": null}",DECLARED,MERGE_SPLIT,hr_appointment | hr_assessment | hr_assessment_score,REIMPLEMENT_OR_REPLACE_AFTER_SEMANTIC_EQUIVALENCE_REVIEW,ROLE_LOCATION_AND_DENY_CASE_TEST,DESIGN_MAPPED_NOT_EXECUTED
RLS_POLICY,wa_outbound_queue,service_role_all,"{""cmd"": ""ALL"", ""permissive"": ""PERMISSIVE"", ""qual"": ""true"", ""roles"": [""service_role""], ""with_check"": ""true""}",DECLARED,MIGRATE_ACTIVE_ONLY,msg_outbound_message,REIMPLEMENT_OR_REPLACE_AFTER_SEMANTIC_EQUIVALENCE_REVIEW,ROLE_LOCATION_AND_DENY_CASE_TEST,DESIGN_MAPPED_NOT_EXECUTED
RLS_POLICY,wa_outbound_queue,wa_outbound_queue_store_scope,"{""cmd"": ""SELECT"", ""permissive"": ""PERMISSIVE"", ""qual"": ""(store_id = ANY (ARRAY( SELECT jsonb_array_elements_text(COALESCE(((current_setting('request.jwt.claims'::text, true))::jsonb -> 'store_ids'::text), '[]'::jsonb)) AS jsonb_array_elements_text)))"", ""roles"": [""authenticated""], ""with_check"": null}",DECLARED,MIGRATE_ACTIVE_ONLY,msg_outbound_message,REIMPLEMENT_OR_REPLACE_AFTER_SEMANTIC_EQUIVALENCE_REVIEW,ROLE_LOCATION_AND_DENY_CASE_TEST,DESIGN_MAPPED_NOT_EXECUTED
RLS_POLICY,wa_send_log,service_role_all,"{""cmd"": ""ALL"", ""permissive"": ""PERMISSIVE"", ""qual"": ""true"", ""roles"": [""service_role""], ""with_check"": ""true""}",DECLARED,MIGRATE_SUMMARY,msg_outbound_message | msg_delivery_attempt | msg_delivery_event,REIMPLEMENT_OR_REPLACE_AFTER_SEMANTIC_EQUIVALENCE_REVIEW,ROLE_LOCATION_AND_DENY_CASE_TEST,DESIGN_MAPPED_NOT_EXECUTED
