domain,domain_name,table_name,chinese_name,purpose,row_grain,writer,readers,source,foundation_tier,lifecycle,lifecycle_meaning,mutation_policy,mutation_policy_meaning,storage_class,minimum_grain_verdict,derivability,derived_fields_or_outputs,audit_action,original_r4_disposition,claude_fable_5_result,why_stored_not_view,retention,primary_key,outgoing_foreign_keys,incoming_references,read_only_views,unique_constraints,nulls_not_distinct_uniques,nulls_distinct_uniques,exclusion_constraints,table_checks,notes
app,治理、权限与质量,app_schema_migration,迁移版本台账,按代码仓库分别记录已执行的迁移，消除多个项目共用单一数字版本造成的冲突。,代码仓库 × 迁移版本一行,受控迁移执行器,所有项目,各项目迁移目录,CORE_PLATFORM,CORE_MIGRATION,承接现有数据/契约或作为无损迁移必需治理底座,APPEND_ONLY,写入后不可修改；更正追加新事实或冲销事件,CORE_PLATFORM_STATE,PASS_PLATFORM_SIDECAR_NOT_BUSINESS_FACT,NOT_DERIVABLE_FOR_RECOVERY_OR_SECURITY,,KEEP_IN_PHASE1,R5_PHYSICAL_CANDIDATE_REAUDITED_IN_R6,CLAUDE_CORE_KEEP,按代码仓库分别记录已执行的迁移，消除多个项目共用单一数字版本造成的冲突。；身份权限、幂等、安全、任务恢复、审计或投递恢复需要持久技术状态；它不是业务分析表。,永久保留,migration_id,,,,repository_code + migration_version,,,,execution_ms IS NULL OR execution_ms >= 0,
app,治理、权限与质量,app_source_system,来源系统注册表,登记 RES、Lark、财务模板、人工后台等数据来源及其责任边界。,每个可区分的数据来源系统一行,平台管理员,所有项目,人工配置,CORE_BUSINESS,CORE_MIGRATION,承接现有数据/契约或作为无损迁移必需治理底座,CONTROLLED_UPDATE,主数据允许受权限、审计和并发控制的更新,CORE_MASTER_IDENTITY,PASS_MINIMUM_PHYSICAL_FOUNDATION,NO,,KEEP_IN_PHASE1,R5_PHYSICAL_CANDIDATE_REAUDITED_IN_R6,CLAUDE_CORE_KEEP,登记 RES、Lark、财务模板、人工后台等数据来源及其责任边界。；稳定身份、有效期映射、单位换算或已发布定义无法从交易结果可靠反推。,永久保留；停用来源仅改状态,source_system_id,,app_job_run.source_system_id | finance_import_batch.source_system_id | hr_application.source_system_id | hr_application_stage_event.source_system_id | hr_employment_mapping_review.source_system_id | hr_employment_source_identity.source_system_id | hr_timesheet_sync_batch.source_system_id | mkt_reward_claim.source_system_id | mkt_survey_response.source_system_id | mkt_survey_result.source_system_id | msg_delivery_event.source_system_id | ops_location_source_identity.source_system_id | ops_product_alias.source_system_id | pos_ingest_batch.source_system_id | pos_member.source_system_id | pos_member_card.source_system_id | pos_member_card_transaction.source_system_id | pos_order.source_system_id | pos_payment.source_system_id | pos_product_listing.source_system_id | pos_refund.source_system_id | scm_inventory_count.source_system_id | scm_material_alias.source_system_id | scm_material_source_identity.source_system_id | scm_material_unit_conversion.source_system_id | scm_supplier_price_observation.source_system_id,,source_code,,,,source_system_id <> '00000000-0000-0000-0000-000000000000',
app,治理、权限与质量,app_unit,统一计量单位,登记产品、原料、配方、采购和库存共同使用的计量单位；单位代码只表达计量含义，不夹带某个供应商包装规格。,一个受控计量单位一行,数据治理管理员,BakeryOps | 财务网站 | RES/POS | 分析/BI,企业单位字典和人工批准,CORE_BUSINESS,CORE_MIGRATION,承接现有数据/契约或作为无损迁移必需治理底座,CONTROLLED_UPDATE,主数据允许受权限、审计和并发控制的更新,CORE_MASTER_IDENTITY,PASS_MINIMUM_PHYSICAL_FOUNDATION,NO,,KEEP_IN_PHASE1,R5_PHYSICAL_CANDIDATE_REAUDITED_IN_R6,CLAUDE_CORE_KEEP,登记产品、原料、配方、采购和库存共同使用的计量单位；单位代码只表达计量含义，不夹带某个供应商包装规格。；稳定身份、有效期映射、单位换算或已发布定义无法从交易结果可靠反推。,永久保留；已引用单位不得物理删除,unit_id,canonical_unit_id → app_unit.unit_id | created_by_user_id → app_user.user_id,app_unit.canonical_unit_id | cost_card_recipe_component.input_unit_id | cost_card_recipe_version.yield_unit_id | ops_dispatch_line.unit_id | ops_product.base_unit_id | ops_production_plan_line.unit_id | ops_production_run_line.unit_id | scm_inventory_count_line.raw_unit_id | scm_material.base_unit_id | scm_material_unit_conversion.from_unit_id | scm_material_unit_conversion.to_unit_id | scm_purchase_order_line.order_unit_id | scm_supplier_item.order_unit_id | scm_supplier_price_observation.raw_price_unit_id,,unit_code,,,,canonical_unit_id IS NULL OR canonical_unit_id <> unit_id,全局可换算单位使用 canonical_unit_id + factor_to_canonical；供应商包装或特定原料换算使用 scm_material_unit_conversion。
app,治理、权限与质量,app_job_run,自动任务运行记录,统一记录抓取、预测、成本计算和同步任务每次运行的输入窗口、结果和错误。,某个任务的一次运行一行,任务调度平台,所有项目 | 分析/BI,各自动任务,CORE_PLATFORM,CORE_MIGRATION,承接现有数据/契约或作为无损迁移必需治理底座,CONTROLLED_UPDATE_UNTIL_TERMINAL,运行或同步进入终态前可更新，终态后冻结并以新运行重算,CORE_PLATFORM_STATE,PASS_PLATFORM_SIDECAR_NOT_BUSINESS_FACT,NOT_DERIVABLE_FOR_RECOVERY_OR_SECURITY,,R6_MERGE_INTO: calendar imports and cost refreshes use the generic job-run ledger,R5_PHYSICAL_CANDIDATE_REAUDITED_IN_R6,CLAUDE_KEEP_PLUS_MERGED_R5_OBJECT,统一记录抓取、预测、成本计算和同步任务每次运行的输入窗口、结果和错误。；身份权限、幂等、安全、任务恢复、审计或投递恢复需要持久技术状态；它不是业务分析表。,至少保留 24 个月；失败运行保留更久以支持审计,job_run_id,source_system_id → app_source_system.source_system_id,ai_call.job_run_id | app_audit_event.job_run_id | finance_import_batch.job_run_id | hr_application_stage_event.job_run_id | hr_timesheet_sync_batch.job_run_id | msg_outbound_message.job_run_id | ops_calendar_event.job_run_id | ops_forecast_run.job_run_id | ops_shift_plan_version.source_job_run_id | ops_stockout_event.detected_job_run_id | ops_workload_run.job_run_id | pos_ingest_batch.job_run_id | scm_material_requirement_run.job_run_id | scm_replenishment_run.job_run_id,,,,,,,
app,治理、权限与质量,app_audit_event,受控操作审计流水,只追加记录登录、权限、人工改数、审批和敏感读取等受控操作。,一次已完成或拒绝的受控操作一行,数据库受控审计函数,安全管理员 | 审计/BI,所有应用的受控写入接口,CORE_PLATFORM,CORE_MIGRATION,承接现有数据/契约或作为无损迁移必需治理底座,APPEND_ONLY,写入后不可修改；更正追加新事实或冲销事件,CORE_PLATFORM_STATE,PASS_PLATFORM_SIDECAR_NOT_BUSINESS_FACT,NOT_DERIVABLE_FOR_RECOVERY_OR_SECURITY,,KEEP_IN_PHASE1,R5_PHYSICAL_CANDIDATE_REAUDITED_IN_R6,CLAUDE_CORE_KEEP,只追加记录登录、权限、人工改数、审批和敏感读取等受控操作。；身份权限、幂等、安全、任务恢复、审计或投递恢复需要持久技术状态；它不是业务分析表。,永久保留；只允许追加，不允许应用账号 UPDATE/DELETE,audit_event_id,actor_user_id → app_user.user_id | job_run_id → app_job_run.job_run_id,,,,,,,,object_type/object_id 是审计元数据，不是业务关系。业务查询必须使用各域真实外键；删除或改名业务对象不会级联修改审计流水。object_type 受域前缀格式约束，object_id 受 UUID 类型约束，仍不能据此声称数据库验证了它指向哪张表。
app,治理、权限与质量,app_user,统一应用账号,统一财务、BakeryOps及未来后台的登录账号；不等同于员工自然人。,每个可登录或可代表服务的账号一行,身份管理服务,所有应用,管理员创建、单点登录或服务账号配置,CORE_PLATFORM,CORE_MIGRATION,承接现有数据/契约或作为无损迁移必需治理底座,CONTROLLED_UPDATE,主数据允许受权限、审计和并发控制的更新,CORE_PLATFORM_STATE,PASS_PLATFORM_SIDECAR_NOT_BUSINESS_FACT,NOT_DERIVABLE_FOR_RECOVERY_OR_SECURITY,,KEEP_IN_PHASE1,R5_PHYSICAL_CANDIDATE_REAUDITED_IN_R6,CLAUDE_CORE_KEEP,统一财务、BakeryOps及未来后台的登录账号；不等同于员工自然人。；身份权限、幂等、安全、任务恢复、审计或投递恢复需要持久技术状态；它不是业务分析表。,账号停用后保留审计所需最短期限，不物理删除被审计引用的账号,user_id,person_id → hr_person.person_id,ai_call.actor_user_id | ai_prompt_segment.approved_by_user_id | ai_prompt_segment.created_by_user_id | ai_prompt_template.approved_by_user_id | ai_prompt_template.created_by_user_id | app_audit_event.actor_user_id | app_one_time_token.user_id | app_role_permission.granted_by_user_id | app_session.user_id | app_unit.created_by_user_id | app_user_location_scope.granted_by_user_id | app_user_role.granted_by_user_id | app_user_role.user_id | cost_card_material_price.approved_by_user_id | cost_card_material_price.created_by_user_id | cost_card_recipe_version.approved_by_user_id | cost_card_recipe_version.created_by_user_id | finance_import_batch.approved_by_user_id | finance_import_batch.created_by_user_id | finance_period_category_map.approved_by_user_id | finance_period_category_map.created_by_user_id | finance_target.approved_by_user_id | finance_target.created_by_user_id | hr_application.created_by_user_id | hr_application_stage_event.actor_user_id | hr_appointment.confirmed_by_user_id | hr_appointment.created_by_user_id | hr_employee_event.recorded_by_user_id | hr_employment.created_by_user_id | hr_employment_mapping_review.created_by_user_id | hr_employment_mapping_review.reviewed_by_user_id | hr_employment_source_identity.created_by_user_id | hr_job_requisition.approved_by_user_id | hr_job_requisition.created_by_user_id | hr_offer.created_by_user_id | hr_onboarding_task.completed_by_user_id | hr_onboarding_task.created_by_user_id | hr_person.created_by_user_id | hr_person_contact.created_by_user_id | hr_screening_rule.approved_by_user_id | hr_screening_rule.created_by_user_id | hr_training_assignment.assigned_by_user_id | hr_training_course.created_by_user_id | hr_training_course_version.created_by_user_id | hr_training_result.verified_by_user_id | mkt_campaign_version.approved_by_user_id | mkt_campaign_version.created_by_user_id | mkt_reward.created_by_user_id | mkt_reward_claim.redeemed_by_user_id | mkt_survey_question.created_by_user_id | mkt_survey_question_option.created_by_user_id | msg_conversation.app_user_id | msg_outbound_message.queued_by_user_id | ops_business_rule.approved_by_user_id | ops_business_rule.created_by_user_id | ops_daily_review.approved_by_user_id | ops_daily_review.created_by_user_id | ops_dispatch.created_by_user_id | ops_location_source_identity.created_by_user_id | ops_operational_event.created_by_user_id | ops_operational_event_product.created_by_user_id | ops_product.created_by_user_id | ops_product_alias.created_by_user_id | ops_production_plan_line.confirmed_by_user_id | ops_production_plan_version.approved_by_user_id | ops_production_plan_version.created_by_user_id | ops_production_run.created_by_user_id | ops_review_action.created_by_user_id | ops_role.created_by_user_id | ops_role_training_requirement.created_by_user_id | ops_shift_assignment.created_by_user_id | ops_shift_assignment.override_approved_by_user_id | ops_shift_plan_version.approved_by_user_id | ops_shift_plan_version.created_by_user_id | ops_station.created_by_user_id | ops_stockout_event.created_by_user_id | pos_product_mapping.created_by_user_id | pos_product_mapping_review.created_by_user_id | pos_product_mapping_review.reviewed_by_user_id | scm_goods_receipt.created_by_user_id | scm_inventory_count.approved_by_user_id | scm_inventory_count.created_by_user_id | scm_inventory_movement.created_by_user_id | scm_material.created_by_user_id | scm_material_alias.created_by_user_id | scm_material_source_identity.created_by_user_id | scm_material_unit_conversion.created_by_user_id | scm_material_unit_conversion.verified_by_user_id | scm_purchase_order_revision.approved_by_user_id | scm_purchase_order_revision.created_by_user_id | scm_replenishment_line.approved_by_user_id | scm_replenishment_line.created_by_user_id | scm_supplier.created_by_user_id | scm_supplier_item.confirmed_by_user_id | scm_supplier_item.created_by_user_id | scm_supplier_item_mapping_review.created_by_user_id | scm_supplier_item_mapping_review.reviewed_by_user_id | scm_supplier_price_observation.verified_by_user_id,,username,,,,,failed_login_count 和 last_login_at 是认证路径必须原子读取/更新的安全状态缓存，不是分析事实；notification_subscription_codes 是消息路由需要读取的当前偏好集合，不代表权限或雇佣岗位，更新必须校验已登记消息类型并写 app_audit_event；人员出勤绝不能读取这些账号状态字段。
app,治理、权限与质量,app_role,应用角色,定义可分配给账号的角色集合。,一个角色一行,身份管理服务,所有应用,管理员配置,CORE_PLATFORM,CORE_MIGRATION,承接现有数据/契约或作为无损迁移必需治理底座,CONTROLLED_UPDATE,主数据允许受权限、审计和并发控制的更新,CORE_PLATFORM_STATE,PASS_PLATFORM_SIDECAR_NOT_BUSINESS_FACT,NOT_DERIVABLE_FOR_RECOVERY_OR_SECURITY,,KEEP_IN_PHASE1,R5_PHYSICAL_CANDIDATE_REAUDITED_IN_R6,CLAUDE_CORE_KEEP,定义可分配给账号的角色集合。；身份权限、幂等、安全、任务恢复、审计或投递恢复需要持久技术状态；它不是业务分析表。,业务存续期内保留；归档规则在实施前确认,role_id,,app_role_permission.role_id | app_user_role.role_id,,role_code,,,,,
app,治理、权限与质量,app_permission,应用权限,定义最小可授权动作，例如读取成本、发布班表或管理账号。,一个原子权限一行,身份管理服务,所有应用,代码声明后由管理员批准,EXTENSION_PACK:FINE_GRAINED_ACCESS,PLANNED_MODULE,目标结构已设计，但当前未确认生产写入者；模块获批时才实施,CONTROLLED_UPDATE,主数据允许受权限、审计和并发控制的更新,EXTENSION_PACK,NOT_PHASE1_EXTENSION_ONLY,NOT_APPLICABLE_UNTIL_MODULE_ENABLED,,DESIGN_ONLY_DO_NOT_CREATE,R5_PHYSICAL_CANDIDATE_REAUDITED_IN_R6,CLAUDE_EXTENSION_LATER,定义最小可授权动作，例如读取成本、发布班表或管理账号。；只有对应模块启用并出现真实写入者、业务副作用或处理历史时才物理实施，首期不建。,业务存续期内保留；归档规则在实施前确认,permission_id,,app_role_permission.permission_id,,permission_code,,,,,
app,治理、权限与质量,app_user_role,账号角色分配,记录账号在有效期内拥有的角色。,账号 × 角色 × 生效区间一行,身份管理服务,所有应用,管理员授权,CORE_PLATFORM,CORE_MIGRATION,承接现有数据/契约或作为无损迁移必需治理底座,CONTROLLED_UPDATE_UNTIL_TERMINAL,运行或同步进入终态前可更新，终态后冻结并以新运行重算,CORE_PLATFORM_STATE,PASS_PLATFORM_SIDECAR_NOT_BUSINESS_FACT,NOT_DERIVABLE_FOR_RECOVERY_OR_SECURITY,,KEEP_IN_PHASE1,R5_PHYSICAL_CANDIDATE_REAUDITED_IN_R6,CLAUDE_CORE_KEEP,记录账号在有效期内拥有的角色。；身份权限、幂等、安全、任务恢复、审计或投递恢复需要持久技术状态；它不是业务分析表。,业务存续期内保留；归档规则在实施前确认,user_role_id,user_id → app_user.user_id | role_id → app_role.role_id | granted_by_user_id → app_user.user_id,app_user_location_scope.user_role_id,,user_id + role_id + valid_from,,,"NO_OVERLAP(user_id, role_id, tstzrange(valid_from, LEAST(COALESCE(valid_to, 'infinity'), COALESCE(revoked_at, 'infinity')), '[)'))",valid_to IS NULL OR valid_to > valid_from | revoked_at IS NULL OR revoked_at > valid_from,授予后仅允许补写 revoked_at 或受控缩短 valid_to；授权主体、角色和起点冻结，所有修改进入 app_audit_event。
app,治理、权限与质量,app_role_permission,角色权限关系,按生效区间把原子权限组合进角色，并保留撤销历史。,角色 × 权限 × 生效区间一行,身份管理服务,所有应用,管理员配置,EXTENSION_PACK:FINE_GRAINED_ACCESS,PLANNED_MODULE,目标结构已设计，但当前未确认生产写入者；模块获批时才实施,CONTROLLED_UPDATE_UNTIL_TERMINAL,运行或同步进入终态前可更新，终态后冻结并以新运行重算,EXTENSION_PACK,NOT_PHASE1_EXTENSION_ONLY,NOT_APPLICABLE_UNTIL_MODULE_ENABLED,,DESIGN_ONLY_DO_NOT_CREATE,R5_PHYSICAL_CANDIDATE_REAUDITED_IN_R6,CLAUDE_EXTENSION_LATER,按生效区间把原子权限组合进角色，并保留撤销历史。；只有对应模块启用并出现真实写入者、业务副作用或处理历史时才物理实施，首期不建。,业务存续期内保留；归档规则在实施前确认,role_permission_id,role_id → app_role.role_id | permission_id → app_permission.permission_id | granted_by_user_id → app_user.user_id,,,role_id + permission_id + valid_from,,,"NO_OVERLAP(role_id, permission_id, tstzrange(valid_from, LEAST(COALESCE(valid_to, 'infinity'), COALESCE(revoked_at, 'infinity')), '[)'))",valid_to IS NULL OR valid_to > valid_from | revoked_at IS NULL OR revoked_at > valid_from,授予后角色、权限和起点冻结；只允许受控关闭 valid_to 或首次写入 revoked_at，变更必须进入 app_audit_event。
app,治理、权限与质量,app_user_location_scope,账号地点范围,限制一项账号角色分配可以读取或操作哪些门店、厨房或仓库，避免多角色账号的地点范围互相串用。,账号角色分配 × 地点 × 权限范围一行,身份管理服务,所有应用,管理员授权,CORE_PLATFORM,CORE_MIGRATION,承接现有数据/契约或作为无损迁移必需治理底座,CONTROLLED_UPDATE_UNTIL_TERMINAL,运行或同步进入终态前可更新，终态后冻结并以新运行重算,CORE_PLATFORM_STATE,PASS_PLATFORM_SIDECAR_NOT_BUSINESS_FACT,NOT_DERIVABLE_FOR_RECOVERY_OR_SECURITY,,KEEP_IN_PHASE1,R5_PHYSICAL_CANDIDATE_REAUDITED_IN_R6,CLAUDE_CORE_KEEP,限制一项账号角色分配可以读取或操作哪些门店、厨房或仓库，避免多角色账号的地点范围互相串用。；身份权限、幂等、安全、任务恢复、审计或投递恢复需要持久技术状态；它不是业务分析表。,业务存续期内保留；归档规则在实施前确认,user_location_scope_id,user_role_id → app_user_role.user_role_id | location_id → ops_location.location_id | granted_by_user_id → app_user.user_id,,,user_role_id + location_id + scope_level + valid_from,,,"NO_OVERLAP(user_role_id, location_id, scope_level, tstzrange(valid_from, LEAST(COALESCE(valid_to, 'infinity'), COALESCE(revoked_at, 'infinity')), '[)'))",valid_to IS NULL OR valid_to > valid_from | revoked_at IS NULL OR revoked_at > valid_from,授予后仅允许补写 revoked_at 或受控缩短 valid_to；账号角色分配、地点、级别和起点冻结，所有修改进入 app_audit_event。当前 app_user_store_scope 迁移时先建立账号当时有效的 app_user_role，再把门店范围挂到具体 user_role_id；不得把一个地点范围默认扩散到账号的所有角色。
app,治理、权限与质量,app_session,登录会话,保存经过哈希的登录会话及其过期和撤销状态。,一个登录会话一行,身份管理服务,所有应用,成功认证,CORE_PLATFORM,CORE_MIGRATION,承接现有数据/契约或作为无损迁移必需治理底座,CONTROLLED_UPDATE_UNTIL_TERMINAL,运行或同步进入终态前可更新，终态后冻结并以新运行重算,CORE_PLATFORM_STATE,PASS_PLATFORM_SIDECAR_NOT_BUSINESS_FACT,NOT_DERIVABLE_FOR_RECOVERY_OR_SECURITY,,KEEP_IN_PHASE1,R5_PHYSICAL_CANDIDATE_REAUDITED_IN_R6,CLAUDE_CORE_KEEP,保存经过哈希的登录会话及其过期和撤销状态。；身份权限、幂等、安全、任务恢复、审计或投递恢复需要持久技术状态；它不是业务分析表。,过期或撤销后保留 90 天，再按审计政策清理,session_id,user_id → app_user.user_id,,,token_hash,,,,expires_at > issued_at,签发后除首次写入 revoked_at 外全部字段冻结；过期或撤销即终态。APPEND_ONLY 无法表达登出撤销，因此明确采用终态前受控更新。
app,治理、权限与质量,app_one_time_token,一次性访问令牌,为 HBTI、重置密码或一次性公开流程保存哈希令牌和消费状态。,一个一次性令牌一行,令牌服务,HBTI | 所有应用,受控令牌签发接口,CORE_PLATFORM,CORE_MIGRATION,承接现有数据/契约或作为无损迁移必需治理底座,CONTROLLED_UPDATE_UNTIL_TERMINAL,运行或同步进入终态前可更新，终态后冻结并以新运行重算,CORE_PLATFORM_STATE,PASS_PLATFORM_SIDECAR_NOT_BUSINESS_FACT,NOT_DERIVABLE_FOR_RECOVERY_OR_SECURITY,,KEEP_IN_PHASE1,R5_PHYSICAL_CANDIDATE_REAUDITED_IN_R6,CLAUDE_CORE_KEEP,为 HBTI、重置密码或一次性公开流程保存哈希令牌和消费状态。；身份权限、幂等、安全、任务恢复、审计或投递恢复需要持久技术状态；它不是业务分析表。,失效后保留 180 天用于滥用调查，再删除,one_time_token_id,user_id → app_user.user_id | member_id → pos_member.member_id | campaign_member_id → mkt_campaign_member.campaign_member_id | application_id → hr_application.application_id,,,token_hash,,,,"num_nonnulls(user_id, member_id, campaign_member_id, application_id) = 1 | consumed_at IS NULL OR revoked_at IS NULL",签发后用途、主体外键、哈希、到期时间和 return_route_code 冻结；仅允许首次写入 consumed_at 或 revoked_at，任一终态后整行冻结。显式外键替代 subject_type+subject_id 多态文本；return_route_code 由服务端注册表解析，metadata 只作证据且绝不能扩大令牌能力。
app,治理、权限与质量,app_rate_limit_event,限流计数事件,记录受保护接口的限流计数，替代 HBTI 专用的孤立限流表。,限流键 × 时间桶一行,API 网关或限流服务,HBTI | 所有应用 | 安全管理员,受保护接口请求,CORE_PLATFORM,CORE_MIGRATION,承接现有数据/契约或作为无损迁移必需治理底座,CONTROLLED_UPDATE_UNTIL_TERMINAL,运行或同步进入终态前可更新，终态后冻结并以新运行重算,CORE_PLATFORM_STATE,PASS_PLATFORM_SIDECAR_NOT_BUSINESS_FACT,NOT_DERIVABLE_FOR_RECOVERY_OR_SECURITY,,KEEP_IN_PHASE1,R5_PHYSICAL_CANDIDATE_REAUDITED_IN_R6,CLAUDE_CORE_KEEP,记录受保护接口的限流计数，替代 HBTI 专用的孤立限流表。；身份权限、幂等、安全、任务恢复、审计或投递恢复需要持久技术状态；它不是业务分析表。,按限流调查需要保留 7 至 30 天,rate_limit_event_id,,,,scope_code + key_hash + window_started_at + window_seconds,,,,,这是刻意不连接业务身份的短期安全计数：key_hash 不可逆，防止为分析便利反向暴露 IP、会员或令牌。仅计数器可在窗口内原子递增，expires_at 后冻结并清理；它是稳定关联原则的隐私例外。
ops,地点、产品、预测、计划、执行与班表,ops_location,统一地点主数据,统一表示门店、中央厨房、仓库、办公室或兼具多种能力的地点。,每个真实经营地点一行,BakeryOps 主数据管理,所有项目,企业地点登记与审核,CORE_BUSINESS,CORE_MIGRATION,承接现有数据/契约或作为无损迁移必需治理底座,CONTROLLED_UPDATE,主数据允许受权限、审计和并发控制的更新,CORE_MASTER_IDENTITY,PASS_MINIMUM_PHYSICAL_FOUNDATION,NO,,KEEP_IN_PHASE1,R5_PHYSICAL_CANDIDATE_REAUDITED_IN_R6,CLAUDE_CORE_KEEP,统一表示门店、中央厨房、仓库、办公室或兼具多种能力的地点。；稳定身份、有效期映射、单位换算或已发布定义无法从交易结果可靠反推。,永久保留；地点关闭只改变状态,location_id,parent_location_id → ops_location.location_id,app_user_location_scope.location_id | cost_card_material_price.location_id | finance_cashflow_line.location_id | finance_import_batch.scope_location_id | finance_inventory_flow_line.location_id | finance_inventory_snapshot_line.location_id | finance_item_sales_monthly.location_id | finance_monthly_cost_line.location_id | finance_monthly_metric.location_id | finance_order_logistics_line.location_id | finance_sales_daily.location_id | finance_supplier_purchase_monthly.location_id | finance_target.location_id | hr_appointment.location_id | hr_employee_event.from_location_id | hr_employee_event.to_location_id | hr_employment.home_location_id | hr_job_requisition.location_id | hr_offer.location_id | hr_timesheet_entry.location_id | mkt_campaign_version.location_id | mkt_reward_stock.location_id | ops_business_rule.scope_location_id | ops_daily_review.location_id | ops_dispatch.from_location_id | ops_dispatch.to_location_id | ops_forecast_run.location_id | ops_location.parent_location_id | ops_location_source_identity.location_id | ops_operational_event.location_id | ops_production_plan_version.location_id | ops_production_run.location_id | ops_shift_plan_version.location_id | ops_station.default_location_id | ops_stockout_event.location_id | ops_workload_run.location_id | pos_daily_breakdown.location_id | pos_ingest_batch.location_id | pos_item_sales_hour.location_id | pos_item_waste.location_id | pos_member.home_location_id | pos_member_card.issued_location_id | pos_member_card_transaction.location_id | pos_member_daily_metric.location_id | pos_order.location_id | pos_product_listing.location_id | pos_sales_day.location_id | pos_sales_hour.location_id | scm_goods_receipt.location_id | scm_inventory_count.location_id | scm_inventory_movement.from_location_id | scm_inventory_movement.to_location_id | scm_material_requirement_run.location_id | scm_purchase_order_revision.deliver_to_location_id | scm_replenishment_run.location_id,v_cost_card_product_cost_component | v_ops_timeslot_sales_baseline | v_ops_holiday_factor,location_code,,,,closed_on IS NULL OR opened_on IS NULL OR closed_on >= opened_on | location_id <> '00000000-0000-0000-0000-000000000000',
ops,地点、产品、预测、计划、执行与班表,ops_location_source_identity,地点来源身份映射,把 RES、Lark、财务模板等外部地点编号映射到统一 location_id，并保留有效期。,来源系统 × 外部地点ID × 有效期一行,BakeryOps 主数据审核,所有项目,外部来源地点目录与人工证据,CORE_BUSINESS,CORE_MIGRATION,承接现有数据/契约或作为无损迁移必需治理底座,CONTROLLED_UPDATE,主数据允许受权限、审计和并发控制的更新,CORE_MASTER_IDENTITY,PASS_MINIMUM_PHYSICAL_FOUNDATION,NO,,KEEP_IN_PHASE1,R5_PHYSICAL_CANDIDATE_REAUDITED_IN_R6,CLAUDE_CORE_KEEP,把 RES、Lark、财务模板等外部地点编号映射到统一 location_id，并保留有效期。；稳定身份、有效期映射、单位换算或已发布定义无法从交易结果可靠反推。,业务存续期内保留；归档规则在实施前确认,location_source_identity_id,location_id → ops_location.location_id | source_system_id → app_source_system.source_system_id | created_by_user_id → app_user.user_id,,v_identity_mapping_gap,source_system_id + source_container_id + source_location_id + valid_from [NULLS NOT DISTINCT：空值也参与去重],source_system_id + source_container_id + source_location_id + valid_from,,"NO_OVERLAP(source_system_id, COALESCE(source_container_id, ''), source_location_id, tstzrange(valid_from, valid_to, '[)')) WHERE mapping_status = 'CONFIRMED'",valid_to IS NULL OR valid_to > valid_from | source_container_id IS NULL OR source_container_id <> '',RES 可将组织ID放入 source_container_id、shop ID 放入 source_location_id；Lark 地点专属 Bitable 映射把 Base app_token 放入 source_container_id、table_id 放入 source_location_id。两者都是可公开定位的对象ID，真实 app_secret/access_token 只能放密钥管理。evidence 只保存批准依据，不承载运行配置字段。
ops,地点、产品、预测、计划、执行与班表,ops_product,统一产品主数据,维护 HOT CRUSH 可销售、可生产产品的稳定身份，不等同于某门店 POS listing。,每个企业产品一行,BakeryOps 产品主数据管理,所有项目,企业产品目录与人工审核,CORE_BUSINESS,CORE_MIGRATION,承接现有数据/契约或作为无损迁移必需治理底座,CONTROLLED_UPDATE,主数据允许受权限、审计和并发控制的更新,CORE_MASTER_IDENTITY,PASS_MINIMUM_PHYSICAL_FOUNDATION,NO,,KEEP_IN_PHASE1,R5_PHYSICAL_CANDIDATE_REAUDITED_IN_R6,CLAUDE_CORE_KEEP,维护 HOT CRUSH 可销售、可生产产品的稳定身份，不等同于某门店 POS listing。；稳定身份、有效期映射、单位换算或已发布定义无法从交易结果可靠反推。,永久保留；停产产品只改变状态,product_id,base_unit_id → app_unit.unit_id | created_by_user_id → app_user.user_id,cost_card_recipe_version.output_product_id | finance_item_sales_monthly.product_id | mkt_reward.product_id | ops_business_rule.scope_product_id | ops_dispatch_line.product_id | ops_forecast_line.product_id | ops_operational_event_product.product_id | ops_product_alias.product_id | ops_production_plan_line.product_id | ops_production_run_line.product_id | ops_workload_line.product_id | pos_product_mapping.product_id | pos_product_mapping_review.candidate_product_id,v_product_identity | v_pos_member_order_item | v_ops_forecast_accuracy | v_ops_product_mix_daily | v_ops_holiday_factor,product_code,,,,product_id <> '00000000-0000-0000-0000-000000000000',本表只保存跨地点稳定的产品主数据与固有生产属性。售价、陈列量、运营定位、目标占比、目标售罄时间、展示顺序和固定出货时刻会随地点或时间变化，进入 ops_business_rule 的 PRODUCT_LOCATION_PLANNING_POLICY 版本，不能污染全局产品行。平均销量、实际销售占比和排名由 POS current 事实视图派生。
ops,地点、产品、预测、计划、执行与班表,ops_product_alias,产品别名,保存人工输入、Excel和历史系统中的产品别称，并明确归一到 product_id。,来源范围 × 一个别名 × 有效期一行,BakeryOps 产品主数据管理,BakeryOps | 财务网站 | 分析/BI,历史导入和人工确认,CORE_BUSINESS,CORE_MIGRATION,承接现有数据/契约或作为无损迁移必需治理底座,CONTROLLED_UPDATE,主数据允许受权限、审计和并发控制的更新,CORE_MASTER_IDENTITY,PASS_MINIMUM_PHYSICAL_FOUNDATION,PARTIAL_FIELDS_DERIVED_IN_VIEW,normalized_alias -> NORMALIZE_ALIAS(alias_text),KEEP_IN_PHASE1,R5_PHYSICAL_CANDIDATE_REAUDITED_IN_R6,CLAUDE_CORE_KEEP,保存人工输入、Excel和历史系统中的产品别称，并明确归一到 product_id。；稳定身份、有效期映射、单位换算或已发布定义无法从交易结果可靠反推。,业务存续期内保留；归档规则在实施前确认,product_alias_id,product_id → ops_product.product_id | source_system_id → app_source_system.source_system_id | created_by_user_id → app_user.user_id,,,source_system_id + alias_text + valid_from [NULLS NOT DISTINCT：空值也参与去重],source_system_id + alias_text + valid_from,,"NO_OVERLAP(COALESCE(source_system_id, NIL_UUID), NORMALIZE_ALIAS(alias_text), daterange(valid_from, valid_to, '[)')) WHERE status = 'CONFIRMED'",valid_to IS NULL OR valid_to > valid_from | public.app_normalize_alias_v1(alias_text) <> '',normalized_alias 不作为独立字段保存；确认冲突和候选检索统一调用版本锁定的 NORMALIZE_ALIAS(alias_text) 函数或函数索引，避免原文与派生副本漂移。标准化结果不能单独证明产品身份。
hr,人员、招聘、培训与工时,hr_person,自然人主数据,为候选人和员工提供不随雇佣关系变化的稳定 person_id。,每个自然人一行,HR 主数据流程,BakeryOps | 财务网站 | 分析/BI,招聘、员工导入和人工去重,CORE_BUSINESS,CORE_MIGRATION,承接现有数据/契约或作为无损迁移必需治理底座,CONTROLLED_UPDATE,主数据允许受权限、审计和并发控制的更新,CORE_MASTER_IDENTITY,PASS_MINIMUM_PHYSICAL_FOUNDATION,NO,,KEEP_IN_PHASE1,R5_PHYSICAL_CANDIDATE_REAUDITED_IN_R6,CLAUDE_CORE_KEEP,为候选人和员工提供不随雇佣关系变化的稳定 person_id。；稳定身份、有效期映射、单位换算或已发布定义无法从交易结果可靠反推。,按马来西亚劳动和隐私要求保留；实施前由法务确认期限,person_id,merged_into_person_id → hr_person.person_id | created_by_user_id → app_user.user_id,app_user.person_id | hr_application.person_id | hr_employment.person_id | hr_employment_mapping_review.candidate_person_id | hr_person.merged_into_person_id | hr_person_contact.person_id | msg_conversation.person_id,,dedupe_fingerprint [NULLS DISTINCT：仅非空值去重，允许多条空值],,dedupe_fingerprint,,,
hr,人员、招聘、培训与工时,hr_person_contact,人员联系方式,把电话和邮箱等联系方式从一般人员主档隔离，便于最小权限和历史管理。,人员 × 联系方式类型 × 有效期一行,HR 主数据流程,授权 HR | 消息服务,候选人或员工提供的信息,CORE_BUSINESS,CORE_MIGRATION,承接现有数据/契约或作为无损迁移必需治理底座,CONTROLLED_UPDATE,主数据允许受权限、审计和并发控制的更新,CORE_MASTER_IDENTITY,PASS_MINIMUM_PHYSICAL_FOUNDATION,NO,,KEEP_IN_PHASE1,R5_PHYSICAL_CANDIDATE_REAUDITED_IN_R6,CLAUDE_CORE_KEEP,把电话和邮箱等联系方式从一般人员主档隔离，便于最小权限和历史管理。；稳定身份、有效期映射、单位换算或已发布定义无法从交易结果可靠反推。,按招聘和雇佣隐私政策保留；到期删除密文但可保留去标识审计,person_contact_id,person_id → hr_person.person_id | created_by_user_id → app_user.user_id,,,person_id + contact_type + lookup_hash + valid_from,,,"NO_OVERLAP(person_id, contact_type, lookup_hash, tstzrange(valid_from, valid_to, '[)')) | NO_OVERLAP(person_id, contact_type, tstzrange(valid_from, valid_to, '[)')) WHERE is_primary = true",valid_to IS NULL OR valid_to > valid_from,
hr,人员、招聘、培训与工时,hr_employment,雇佣关系,把自然人与一次具体雇佣关系分开，支持离职后再次入职和跨地点调动。,一个人从一次入职到一次离职的雇佣关系一行,HR 主数据流程,BakeryOps | 财务网站 | 分析/BI,Offer 接受、员工导入或再入职,CORE_BUSINESS,CORE_MIGRATION,承接现有数据/契约或作为无损迁移必需治理底座,CONTROLLED_UPDATE,主数据允许受权限、审计和并发控制的更新,CORE_MASTER_IDENTITY,PASS_MINIMUM_PHYSICAL_FOUNDATION,NO,,KEEP_IN_PHASE1,R5_PHYSICAL_CANDIDATE_REAUDITED_IN_R6,CLAUDE_CORE_KEEP,把自然人与一次具体雇佣关系分开，支持离职后再次入职和跨地点调动。；稳定身份、有效期映射、单位换算或已发布定义无法从交易结果可靠反推。,按劳动法规保留；离职不删除,employment_id,person_id → hr_person.person_id | origin_application_id → hr_application.application_id | home_location_id → ops_location.location_id | created_by_user_id → app_user.user_id,hr_assessment.assessor_employment_id | hr_employee_event.employment_id | hr_employment_mapping_review.candidate_employment_id | hr_employment_source_identity.employment_id | hr_onboarding_task.employment_id | hr_timesheet_entry.employment_id | hr_training_assignment.employment_id | ops_review_action.owner_employment_id | ops_shift_assignment.employment_id | scm_goods_receipt.received_by_employment_id,v_hr_role_eligibility,employee_code | origin_application_id [NULLS DISTINCT：仅非空值去重，允许多条空值],,origin_application_id,,ended_on IS NULL OR ended_on >= started_on,
hr,人员、招聘、培训与工时,hr_employment_source_identity,雇佣来源身份映射,把 Lark、工资表和历史员工表中的员工编号映射到 employment_id。,来源系统 × 外部员工ID × 有效期一行,HR 身份审核,BakeryOps | 财务网站 | 分析/BI,Lark、工资表或历史导入,CORE_BUSINESS,CORE_MIGRATION,承接现有数据/契约或作为无损迁移必需治理底座,CONTROLLED_UPDATE,主数据允许受权限、审计和并发控制的更新,CORE_MASTER_IDENTITY,PASS_MINIMUM_PHYSICAL_FOUNDATION,NO,,KEEP_IN_PHASE1,R5_PHYSICAL_CANDIDATE_REAUDITED_IN_R6,CLAUDE_CORE_KEEP,把 Lark、工资表和历史员工表中的员工编号映射到 employment_id。；稳定身份、有效期映射、单位换算或已发布定义无法从交易结果可靠反推。,业务存续期内保留；归档规则在实施前确认,employment_source_identity_id,employment_id → hr_employment.employment_id | source_system_id → app_source_system.source_system_id | created_by_user_id → app_user.user_id,hr_employment_mapping_review.confirmed_source_identity_id,v_identity_mapping_gap,source_system_id + source_employee_id + valid_from,,,"NO_OVERLAP(source_system_id, source_employee_id, tstzrange(valid_from, valid_to, '[)')) WHERE mapping_status = 'CONFIRMED'",valid_to IS NULL OR valid_to > valid_from,
hr,人员、招聘、培训与工时,hr_employment_mapping_review,雇佣身份映射审核,保存 Lark、工资表和历史员工来源无法自动确认到 employment_id 时的候选、证据和人工结论。,来源系统 × 外部员工ID × 一次审核尝试一行,HR 身份审核,BakeryOps | 财务网站 | 分析/BI,员工来源同步产生的未确认或冲突身份,CORE_BUSINESS,CORE_MIGRATION,承接现有数据/契约或作为无损迁移必需治理底座,CONTROLLED_UPDATE,主数据允许受权限、审计和并发控制的更新,CORE_BASE_FACT,PASS_MINIMUM_PHYSICAL_FOUNDATION,NO,,KEEP_IN_PHASE1,R5_PHYSICAL_CANDIDATE_REAUDITED_IN_R6,CLAUDE_CORE_KEEP,保存 Lark、工资表和历史员工来源无法自动确认到 employment_id 时的候选、证据和人工结论。；这是来源原值或最小业务事件，是多种派生分析的不可替代输入。,按雇佣身份和审计政策保留；敏感证据最小化,employment_mapping_review_id,source_system_id → app_source_system.source_system_id | candidate_person_id → hr_person.person_id | candidate_employment_id → hr_employment.employment_id | confirmed_source_identity_id → hr_employment_source_identity.employment_source_identity_id | reviewed_by_user_id → app_user.user_id | created_by_user_id → app_user.user_id,,v_identity_mapping_gap,,,,,status <> 'CONFIRMED' OR confirmed_source_identity_id IS NOT NULL,姓名、手机号或相似字符串只能产生候选，不能直接创建 CONFIRMED 映射。
scm,原料、库存、补货、采购与收货,scm_material,统一原料主数据,统一表示原料、包材和半成品，不让供应链依赖财务成本卡内部编号。,每个可采购、库存或作为配方组件的物料一行,供应链主数据流程,BakeryOps | 财务网站 | 分析/BI,供应商目录、配方和人工审核,CORE_BUSINESS,CORE_MIGRATION,承接现有数据/契约或作为无损迁移必需治理底座,CONTROLLED_UPDATE,主数据允许受权限、审计和并发控制的更新,CORE_MASTER_IDENTITY,PASS_MINIMUM_PHYSICAL_FOUNDATION,NO,,KEEP_IN_PHASE1,R5_PHYSICAL_CANDIDATE_REAUDITED_IN_R6,CLAUDE_CORE_KEEP,统一表示原料、包材和半成品，不让供应链依赖财务成本卡内部编号。；稳定身份、有效期映射、单位换算或已发布定义无法从交易结果可靠反推。,永久保留；停用只改变状态,material_id,base_unit_id → app_unit.unit_id | created_by_user_id → app_user.user_id,cost_card_material_price.material_id | cost_card_recipe_component.material_id | cost_card_recipe_version.output_material_id | finance_inventory_flow_line.material_id | finance_inventory_snapshot_line.material_id | finance_order_logistics_line.material_id | finance_supplier_purchase_monthly.material_id | scm_goods_receipt_line.material_id | scm_inventory_count_line.material_id | scm_inventory_movement_line.material_id | scm_material_alias.material_id | scm_material_requirement_component.material_id | scm_material_source_identity.material_id | scm_material_unit_conversion.material_id | scm_replenishment_line.material_id | scm_supplier_item.material_id | scm_supplier_item_mapping_review.candidate_material_id,v_scm_material_requirement_line | v_scm_supplier_item_current_mapping | v_scm_supplier_price_current | v_cost_card_material_price_current | v_cost_card_recipe_expanded,material_code,,,,,
scm,原料、库存、补货、采购与收货,scm_material_alias,原料别名,保存供应商、财务模板和历史配方里的原料不同写法。,来源范围 × 原料别名 × 有效期一行,供应链主数据流程,BakeryOps | 财务网站,供应商报价、Excel和历史成本卡,CORE_BUSINESS,CORE_MIGRATION,承接现有数据/契约或作为无损迁移必需治理底座,CONTROLLED_UPDATE,主数据允许受权限、审计和并发控制的更新,CORE_MASTER_IDENTITY,PASS_MINIMUM_PHYSICAL_FOUNDATION,PARTIAL_FIELDS_DERIVED_IN_VIEW,normalized_alias -> NORMALIZE_ALIAS(alias_text),KEEP_IN_PHASE1,R5_PHYSICAL_CANDIDATE_REAUDITED_IN_R6,CLAUDE_CORE_KEEP,保存供应商、财务模板和历史配方里的原料不同写法。；稳定身份、有效期映射、单位换算或已发布定义无法从交易结果可靠反推。,业务存续期内保留；归档规则在实施前确认,material_alias_id,material_id → scm_material.material_id | source_system_id → app_source_system.source_system_id | created_by_user_id → app_user.user_id,,,source_system_id + alias_text + valid_from [NULLS NOT DISTINCT：空值也参与去重],source_system_id + alias_text + valid_from,,"NO_OVERLAP(COALESCE(source_system_id, NIL_UUID), NORMALIZE_ALIAS(alias_text), daterange(valid_from, valid_to, '[)')) WHERE status = 'CONFIRMED'",valid_to IS NULL OR valid_to > valid_from | public.app_normalize_alias_v1(alias_text) <> '',normalized_alias 不作为独立字段保存；确认冲突和候选检索统一调用版本锁定的 NORMALIZE_ALIAS(alias_text) 函数或函数索引，避免原文与派生副本漂移。标准化结果只能生成候选，不能自动确认 material_id。
scm,原料、库存、补货、采购与收货,scm_material_source_identity,原料来源身份映射,把成本卡迁移编号、WMS编号等外部物料身份映射到 material_id。,来源系统 × 外部原料ID × 有效期一行,供应链主数据审核,BakeryOps | 财务网站,外部物料目录与人工证据,CORE_BUSINESS,CORE_MIGRATION,承接现有数据/契约或作为无损迁移必需治理底座,CONTROLLED_UPDATE,主数据允许受权限、审计和并发控制的更新,CORE_MASTER_IDENTITY,PASS_MINIMUM_PHYSICAL_FOUNDATION,NO,,KEEP_IN_PHASE1,R5_PHYSICAL_CANDIDATE_REAUDITED_IN_R6,CLAUDE_CORE_KEEP,把成本卡迁移编号、WMS编号等外部物料身份映射到 material_id。；稳定身份、有效期映射、单位换算或已发布定义无法从交易结果可靠反推。,业务存续期内保留；归档规则在实施前确认,material_source_identity_id,material_id → scm_material.material_id | source_system_id → app_source_system.source_system_id | created_by_user_id → app_user.user_id,,v_identity_mapping_gap,source_system_id + source_material_id + valid_from,,,"NO_OVERLAP(source_system_id, source_material_id, tstzrange(valid_from, valid_to, '[)')) WHERE mapping_status = 'CONFIRMED'",valid_to IS NULL OR valid_to > valid_from,
pos,POS目录、销售与会员,pos_ingest_batch,POS导入批次,记录每次 RES/POS 抓取的数据集、窗口、游标、校验值和完整性。,某地点 × 某数据集 × 一次抓取或重跑一行,RES/POS 同步服务,BakeryOps | 财务网站 | 分析/BI,RES/POS API,CORE_BUSINESS,CORE_MIGRATION,承接现有数据/契约或作为无损迁移必需治理底座,CONTROLLED_UPDATE_UNTIL_TERMINAL,运行或同步进入终态前可更新，终态后冻结并以新运行重算,CORE_BASE_FACT,PASS_MINIMUM_PHYSICAL_FOUNDATION,NO,,KEEP_IN_PHASE1,R5_PHYSICAL_CANDIDATE_REAUDITED_IN_R6,CLAUDE_CORE_KEEP,记录每次 RES/POS 抓取的数据集、窗口、游标、校验值和完整性。；这是来源原值或最小业务事件，是多种派生分析的不可替代输入。,永久保留批次摘要；原始大文件按合规策略外部归档,pos_ingest_batch_id,job_run_id → app_job_run.job_run_id | source_system_id → app_source_system.source_system_id | location_id → ops_location.location_id | supersedes_pos_ingest_batch_id → pos_ingest_batch.pos_ingest_batch_id,pos_daily_breakdown.pos_ingest_batch_id | pos_ingest_batch.supersedes_pos_ingest_batch_id | pos_item_sales_hour.pos_ingest_batch_id | pos_item_waste.pos_ingest_batch_id | pos_member_balance_snapshot.pos_ingest_batch_id | pos_member_card_transaction.pos_ingest_batch_id | pos_member_daily_metric.pos_ingest_batch_id | pos_order.first_seen_pos_ingest_batch_id | pos_order_item.pos_ingest_batch_id | pos_payment.first_seen_pos_ingest_batch_id | pos_payment.last_seen_pos_ingest_batch_id | pos_refund.first_seen_pos_ingest_batch_id | pos_sales_day.pos_ingest_batch_id | pos_sales_hour.pos_ingest_batch_id,v_pos_sales_day_current | v_pos_sales_hour_current | v_pos_item_sales_hour_current | v_pos_daily_breakdown_current | v_pos_member_state_current | v_pos_member_daily_metric_current | v_pos_order_item_current | v_pos_item_waste_current,source_system_id + location_id + dataset_code + source_batch_id [NULLS DISTINCT：仅非空值去重，允许多条空值] | idempotency_key,,source_system_id + location_id + dataset_code + source_batch_id,,window_end > window_start | supersedes_pos_ingest_batch_id IS NULL OR supersedes_pos_ingest_batch_id <> pos_ingest_batch_id | (dataset_code = 'ORDER_ITEM') = (coverage_scope IS NOT NULL),一个批次只能承载一个 dataset_code。RUNNING 批次可更新计数和状态；进入终态后冻结。更正必须创建新批次并显式 supersedes，事实表仍按 batch_id 追加。所有 current 视图必须同时按精确 dataset_code、SUCCEEDED、未被合格批次 supersedes，以及 completed_at/created_at/batch_id 的确定性顺序选版。
pos,POS目录、销售与会员,pos_product_listing,POS商品listing,保存某来源组织/门店菜单中的商品身份和当前目录属性，不直接等同于企业 product_id。,来源系统 × 来源组织 × 外部商品ID一行,RES/POS 同步服务,BakeryOps | 财务网站 | 分析/BI,RES/POS 商品目录,CORE_BUSINESS,CORE_MIGRATION,承接现有数据/契约或作为无损迁移必需治理底座,CONTROLLED_UPDATE,主数据允许受权限、审计和并发控制的更新,CORE_MASTER_IDENTITY,PASS_MINIMUM_PHYSICAL_FOUNDATION,NO,,KEEP_IN_PHASE1,R5_PHYSICAL_CANDIDATE_REAUDITED_IN_R6,CLAUDE_CORE_KEEP,保存某来源组织/门店菜单中的商品身份和当前目录属性，不直接等同于企业 product_id。；稳定身份、有效期映射、单位换算或已发布定义无法从交易结果可靠反推。,永久保留；停用不删除,listing_id,source_system_id → app_source_system.source_system_id | location_id → ops_location.location_id,ops_stockout_event.listing_id | pos_item_sales_hour.listing_id | pos_item_waste.listing_id | pos_order_item.listing_id | pos_product_mapping.listing_id | pos_product_mapping_review.listing_id | pos_refund.listing_id,v_identity_mapping_gap | v_product_identity | v_pos_item_sales_day | v_pos_order_item_current,source_system_id + source_organization_id + source_item_id | source_system_id + source_item_key,,,,,本表是来源目录的当前快照，不是成交事实，也不是企业产品或本库成本卡。source_total_cost/source_theoretical_cost 与 current_price 共用本行 currency，只保留当前可获得的 RES 观察；若未来来源能提供成本历史，必须另按来源记录ID/观察时点追加观察事实，不能回写覆盖历史成本分析。
pos,POS目录、销售与会员,pos_product_mapping,POS商品到统一产品映射,版本化保存 listing 与 product_id 的确认关系，使历史销售按当时映射重现。,POS listing × 有效期一行,产品身份审核流程,BakeryOps | 财务网站 | 分析/BI,目录对照、成本卡证据和人工确认,CORE_BUSINESS,CORE_MIGRATION,承接现有数据/契约或作为无损迁移必需治理底座,CONTROLLED_UPDATE,主数据允许受权限、审计和并发控制的更新,CORE_MASTER_IDENTITY,PASS_MINIMUM_PHYSICAL_FOUNDATION,NO,,KEEP_IN_PHASE1,R5_PHYSICAL_CANDIDATE_REAUDITED_IN_R6,CLAUDE_CORE_KEEP,版本化保存 listing 与 product_id 的确认关系，使历史销售按当时映射重现。；稳定身份、有效期映射、单位换算或已发布定义无法从交易结果可靠反推。,业务存续期内保留；归档规则在实施前确认,product_mapping_id,listing_id → pos_product_listing.listing_id | product_id → ops_product.product_id | created_by_user_id → app_user.user_id,,v_identity_mapping_gap | v_product_identity | v_pos_item_sales_day | v_pos_member_order_item | v_ops_timeslot_sales_baseline | v_pos_item_waste_mapped,listing_id + valid_from,,,"NO_OVERLAP(listing_id, tstzrange(valid_from, valid_to, '[)')) WHERE status = 'CONFIRMED'",valid_to IS NULL OR valid_to > valid_from,
pos,POS目录、销售与会员,pos_product_mapping_review,POS商品映射审核队列,保存无法自动唯一映射的 listing 候选和处理结论。,一个 listing 的一次待审核问题一行,产品身份审核流程,BakeryOps | 财务网站,映射质量检查,CORE_BUSINESS,CORE_MIGRATION,承接现有数据/契约或作为无损迁移必需治理底座,CONTROLLED_WORKFLOW,只允许批准的状态机迁移并记录操作者和时间,CORE_WORKFLOW_FACT,PASS_MINIMUM_PHYSICAL_FOUNDATION,NO,,KEEP_IN_PHASE1,R5_PHYSICAL_CANDIDATE_REAUDITED_IN_R6,CLAUDE_CORE_KEEP,保存无法自动唯一映射的 listing 候选和处理结论。；人工决定、批准、状态转换或业务副作用本身就是事实，不能从最终结果倒推。,永久保留审核结论,mapping_review_id,listing_id → pos_product_listing.listing_id | candidate_product_id → ops_product.product_id | reviewed_by_user_id → app_user.user_id | created_by_user_id → app_user.user_id,,v_identity_mapping_gap,,,,,,
pos,POS目录、销售与会员,pos_sales_day,POS门店日销售事实,保存某地点某营业日某批次的销售、折扣、订单和来源平均客单观察。,地点 × 营业日 × POS批次一行,RES/POS 同步服务,BakeryOps | 财务网站 | 分析/BI,RES/POS 日汇总报表,CORE_BUSINESS,CORE_MIGRATION,承接现有数据/契约或作为无损迁移必需治理底座,APPEND_ONLY,写入后不可修改；更正追加新事实或冲销事件,CORE_BASE_FACT,PASS_MINIMUM_PHYSICAL_FOUNDATION,PARTIAL_FIELDS_DERIVED_IN_VIEW,average_order_value -> v_pos_sales_day_current,KEEP_IN_PHASE1,R5_PHYSICAL_CANDIDATE_REAUDITED_IN_R6,CLAUDE_CORE_KEEP,保存某地点某营业日某批次的销售、折扣、订单和来源平均客单观察。；这是来源原值或最小业务事件，是多种派生分析的不可替代输入。,永久保留；更正以新批次追加，不覆盖旧批次,sales_day_id,pos_ingest_batch_id → pos_ingest_batch.pos_ingest_batch_id | location_id → ops_location.location_id,,v_pos_sales_day_current,location_id + business_date + pos_ingest_batch_id,,,,,这是 RES/POS 日汇总接口给出的独立来源事实。当前订单商品明细只覆盖会员标记订单，不能反推全店日总；即使未来取得完整订单明细，也保留本表作为来源对账观察，不把两种来源相加。average_order_value 始终由 net_sales / order_count 派生；source_average_order_value 只保存来源独立上报值，两者不得互相覆盖。gross/折扣/退款/订单/来源顾客计数缺失时保持 NULL，只有已证实零流水日才写事实 0。
pos,POS目录、销售与会员,pos_sales_hour,POS门店小时销售事实,保存门店每个营业小时的销售和订单汇总。,地点 × 营业日 × 营业小时 × POS批次一行,RES/POS 同步服务,BakeryOps | 财务网站 | 分析/BI,RES/POS 小时汇总报表,CORE_BUSINESS,CORE_MIGRATION,承接现有数据/契约或作为无损迁移必需治理底座,APPEND_ONLY,写入后不可修改；更正追加新事实或冲销事件,CORE_BASE_FACT,PASS_MINIMUM_PHYSICAL_FOUNDATION,NO,,KEEP_IN_PHASE1,R5_PHYSICAL_CANDIDATE_REAUDITED_IN_R6,CLAUDE_CORE_KEEP,保存门店每个营业小时的销售和订单汇总。；这是来源原值或最小业务事件，是多种派生分析的不可替代输入。,永久保留；更正以新批次追加,sales_hour_id,pos_ingest_batch_id → pos_ingest_batch.pos_ingest_batch_id | location_id → ops_location.location_id,,v_pos_sales_hour_current,location_id + hour_started_at + pos_ingest_batch_id,,,,,这是 RES/POS 小时汇总接口的来源原值，不假设能由当前有限订单明细完整重算。日表与小时表只做同批次核对，不相加；小时客单价由 net_sales / order_count 派生。source_guest_count 只是 RES 的 num_of_guests 来源字段，不是经传感器或会员去重得到的真实客流。
pos,POS目录、销售与会员,pos_item_sales_hour,POS商品小时销售事实,保存 listing 在每个营业小时的销量和销售额；即使尚未映射 product_id 也能完整入库。,地点 × 营业小时 × POS listing × POS批次一行,RES/POS 同步服务,BakeryOps | 财务网站 | 分析/BI,RES/POS 单品小时报表,CORE_BUSINESS,CORE_MIGRATION,承接现有数据/契约或作为无损迁移必需治理底座,APPEND_ONLY,写入后不可修改；更正追加新事实或冲销事件,CORE_BASE_FACT,PASS_MINIMUM_PHYSICAL_FOUNDATION,NO,,KEEP_IN_PHASE1,R5_PHYSICAL_CANDIDATE_REAUDITED_IN_R6,CLAUDE_CORE_KEEP,保存 listing 在每个营业小时的销量和销售额；即使尚未映射 product_id 也能完整入库。；这是来源原值或最小业务事件，是多种派生分析的不可替代输入。,永久保留；更正以新批次追加,item_sales_hour_id,pos_ingest_batch_id → pos_ingest_batch.pos_ingest_batch_id | location_id → ops_location.location_id | listing_id → pos_product_listing.listing_id,,v_pos_item_sales_hour_current,location_id + hour_started_at + listing_id + pos_ingest_batch_id,,,,gross_sales >= 0,这是全商品小时报表的独立来源事实；pos_order_item 目前只覆盖会员标记订单，不能替代本表。产品级分析先经 pos_product_mapping 连接 product_id，未确认 listing 不得按名称猜配。
pos,POS目录、销售与会员,pos_daily_breakdown,POS日销售维度拆分,保存支付方式、就餐方式或渠道等日销售拆分，避免把不同维度做成固定宽列。,地点 × 营业日 × 维度类型 × 维度值 × POS批次一行,RES/POS 同步服务,财务网站 | BakeryOps | 分析/BI,RES/POS breakdown 报表,CORE_BUSINESS,CORE_MIGRATION,承接现有数据/契约或作为无损迁移必需治理底座,APPEND_ONLY,写入后不可修改；更正追加新事实或冲销事件,CORE_BASE_FACT,PASS_MINIMUM_PHYSICAL_FOUNDATION,NO,,KEEP_IN_PHASE1,R5_PHYSICAL_CANDIDATE_REAUDITED_IN_R6,CLAUDE_CORE_KEEP,保存支付方式、就餐方式或渠道等日销售拆分，避免把不同维度做成固定宽列。；这是来源原值或最小业务事件，是多种派生分析的不可替代输入。,业务存续期内保留；归档规则在实施前确认,daily_breakdown_id,pos_ingest_batch_id → pos_ingest_batch.pos_ingest_batch_id | location_id → ops_location.location_id,,v_pos_daily_breakdown_current,location_id + business_date + dimension_type + dimension_value + pos_ingest_batch_id,,,,,
pos,POS目录、销售与会员,pos_item_waste,POS商品报废事实,保存来源报废记录及标准原因，不把试吃等营销用途默认算作损失。,地点 × 营业日 × listing × 来源报废记录 × POS批次一行,RES/POS 同步服务,BakeryOps | 财务网站 | 分析/BI,RES/POS 报废报表,CORE_BUSINESS,CORE_MIGRATION,承接现有数据/契约或作为无损迁移必需治理底座,APPEND_ONLY,写入后不可修改；更正追加新事实或冲销事件,CORE_BASE_FACT,PASS_MINIMUM_PHYSICAL_FOUNDATION,NO,,KEEP_IN_PHASE1,R5_PHYSICAL_CANDIDATE_REAUDITED_IN_R6,CLAUDE_CORE_KEEP,保存来源报废记录及标准原因，不把试吃等营销用途默认算作损失。；这是来源原值或最小业务事件，是多种派生分析的不可替代输入。,业务存续期内保留；归档规则在实施前确认,waste_id,pos_ingest_batch_id → pos_ingest_batch.pos_ingest_batch_id | location_id → ops_location.location_id | listing_id → pos_product_listing.listing_id,,v_pos_item_waste_current,pos_ingest_batch_id + source_row_fingerprint | pos_ingest_batch_id + source_waste_id [NULLS DISTINCT：仅非空值去重，允许多条空值],,pos_ingest_batch_id + source_waste_id,,,source_waste_amount 是来源报表观察值，不等于企业配方成本损失，也不一定等于实际成交单价×数量。经营损失需要在只读视图中按 is_financial_loss、有效成本与来源金额分别展示，不能把三种口径混成一个数字。
ops,地点、产品、预测、计划、执行与班表,ops_stockout_event,商品断货事件,记录人工确认或算法识别的断货时段、证据及估算损失。,地点 × listing × 一次连续断货区间一行,BakeryOps 断货检测；人工可确认,BakeryOps | 财务网站 | 分析/BI,POS 销售停止信号和人工确认,CORE_BUSINESS,CORE_MIGRATION,承接现有数据/契约或作为无损迁移必需治理底座,CONTROLLED_UPDATE_UNTIL_TERMINAL,运行或同步进入终态前可更新，终态后冻结并以新运行重算,CORE_BASE_FACT,PASS_MINIMUM_PHYSICAL_FOUNDATION,NO,,KEEP_IN_PHASE1,R5_PHYSICAL_CANDIDATE_REAUDITED_IN_R6,CLAUDE_CORE_KEEP,记录人工确认或算法识别的断货时段、证据及估算损失。；这是来源原值或最小业务事件，是多种派生分析的不可替代输入。,业务存续期内保留；归档规则在实施前确认,stockout_event_id,location_id → ops_location.location_id | listing_id → pos_product_listing.listing_id | detected_job_run_id → app_job_run.job_run_id | created_by_user_id → app_user.user_id,,v_ops_item_daily_pulse,,,,"NO_OVERLAP(location_id, listing_id, tstzrange(started_at, ended_at, '[)')) WHERE status IN ('DETECTED','CONFIRMED','CLOSED')",ended_at IS NULL OR ended_at > started_at,由 BakeryOps 依据 POS 信号与人工确认写入，因此按写入责任归入 ops_；POS 原始销售事实仍只由 res_api 写入 pos_。DETECTED 阶段可补证据和结束时间；CONFIRMED、REJECTED 或 CLOSED 后冻结，重算损失必须追加新事件或新估算版本。
pos,POS目录、销售与会员,pos_order,POS订单稳定身份,只保存来源订单的稳定身份，不把尚未证明存在的订单头金额、状态或时间硬塞进同一行。,来源系统 × 地点 × 外部订单ID一行,RES/POS 同步服务,财务网站 | BakeryOps | HBTI | 分析/BI,RES reportId=211 的 D_orderId；未来其他已验证订单来源,CORE_BUSINESS,CORE_MIGRATION,承接现有数据/契约或作为无损迁移必需治理底座,APPEND_ONLY,写入后不可修改；更正追加新事实或冲销事件,CORE_BASE_FACT,PASS_MINIMUM_PHYSICAL_FOUNDATION,NO,,KEEP_IN_PHASE1,R5_PHYSICAL_CANDIDATE_REAUDITED_IN_R6,CLAUDE_CORE_KEEP,只保存来源订单的稳定身份，不把尚未证明存在的订单头金额、状态或时间硬塞进同一行。；这是来源原值或最小业务事件，是多种派生分析的不可替代输入。,业务存续期内保留；归档规则在实施前确认,order_id,source_system_id → app_source_system.source_system_id | location_id → ops_location.location_id | first_seen_pos_ingest_batch_id → pos_ingest_batch.pos_ingest_batch_id,pos_member_card_transaction.order_id | pos_order_item.order_id | pos_payment.order_id | pos_refund.order_id,v_pos_order_item_current | v_pos_order_member_attribution,source_system_id + location_id + source_order_id,,,,,已确认 reportId=211 的 D_orderId 可与会员卡交易 order_id 桥接并可按日重跑；但只在一个已知 shop/date 样本核过 18/18，不能据此宣称跨所有门店全局唯一。会员归属、商品、金额和营业日由来源事实及治理视图计算，不冗余到身份行。
pos,POS目录、销售与会员,pos_order_item,POS订单商品最小事实,按一次来源批次保存订单内同一 listing 的合计数量与净额；这是当前可稳定重跑的最小商品粒度。,POS批次 × 订单 × listing 一行,RES/POS 同步服务,财务网站 | BakeryOps | HBTI | 分析/BI,RES reportId=211 商品行，先保留原行再按订单+商品 SUM,CORE_BUSINESS,CORE_MIGRATION,承接现有数据/契约或作为无损迁移必需治理底座,APPEND_ONLY,写入后不可修改；更正追加新事实或冲销事件,CORE_BASE_FACT,PASS_MINIMUM_PHYSICAL_FOUNDATION,NO,,KEEP_IN_PHASE1,R5_PHYSICAL_CANDIDATE_REAUDITED_IN_R6,CLAUDE_CORE_KEEP,按一次来源批次保存订单内同一 listing 的合计数量与净额；这是当前可稳定重跑的最小商品粒度。；这是来源原值或最小业务事件，是多种派生分析的不可替代输入。,业务存续期内保留；归档规则在实施前确认,order_item_id,pos_ingest_batch_id → pos_ingest_batch.pos_ingest_batch_id | order_id → pos_order.order_id | listing_id → pos_product_listing.listing_id,,v_pos_order_item_current,pos_ingest_batch_id + order_id + listing_id,,,,,来源可能返回多条完全相同的订单+商品行；在没有稳定 source_order_item_id 时，不能凭值去重或伪造行号。每批先保留原始响应证据，再按订单+listing SUM 为一行并记录 source_row_count。批次不可变；来源历史更正创建新批次，由 current 视图选版，不能 upsert 覆盖后假装没有修订。
pos,POS目录、销售与会员,pos_payment,POS支付记录,保存订单的一次支付或支付状态变化。,每个来源支付记录一行,RES/POS 同步服务,财务网站 | 分析/BI,RES/POS 支付接口,SOURCE_CONDITIONAL,SOURCE_CONDITIONAL,只有外部来源身份、权限、粒度和重跑稳定性被验证后才实施,SOURCE_STATE_UNTIL_TERMINAL,忠实跟随来源系统的业务状态至终态，终态后不擅自改写,SOURCE_CONDITIONAL,NOT_PHASE1_SOURCE_UNVERIFIED,UNKNOWN_UNTIL_SOURCE_VERIFIED,,DEFER_UNTIL_SOURCE_PROVEN,R5_PHYSICAL_CANDIDATE_REAUDITED_IN_R6,CLAUDE_DEFER_SOURCE,保存订单的一次支付或支付状态变化。；外部来源身份、粒度、权限和重跑契约尚未验证，当前只保留目标契约，不建正式表。,业务存续期内保留；归档规则在实施前确认,payment_id,source_system_id → app_source_system.source_system_id | order_id → pos_order.order_id | first_seen_pos_ingest_batch_id → pos_ingest_batch.pos_ingest_batch_id | last_seen_pos_ingest_batch_id → pos_ingest_batch.pos_ingest_batch_id,,,source_system_id + source_payment_id,,,,,仅在支付接口的稳定ID、状态终态、整单重跑和撤销语义得到实测证明后实施；source_system_id、order_id 与两个批次必须属于同一来源命名空间。
pos,POS目录、销售与会员,pos_refund,POS退款记录,保存订单或订单行级退款，不用负销售行替代退款事实。,每个来源退款记录一行,RES/POS 同步服务,财务网站 | BakeryOps | 分析/BI,RES/POS 退款接口,SOURCE_CONDITIONAL,SOURCE_CONDITIONAL,只有外部来源身份、权限、粒度和重跑稳定性被验证后才实施,APPEND_ONLY,写入后不可修改；更正追加新事实或冲销事件,SOURCE_CONDITIONAL,NOT_PHASE1_SOURCE_UNVERIFIED,UNKNOWN_UNTIL_SOURCE_VERIFIED,,DEFER_UNTIL_SOURCE_PROVEN,R5_PHYSICAL_CANDIDATE_REAUDITED_IN_R6,CLAUDE_DEFER_SOURCE,保存订单或订单行级退款，不用负销售行替代退款事实。；外部来源身份、粒度、权限和重跑契约尚未验证，当前只保留目标契约，不建正式表。,业务存续期内保留；归档规则在实施前确认,refund_id,source_system_id → app_source_system.source_system_id | first_seen_pos_ingest_batch_id → pos_ingest_batch.pos_ingest_batch_id | order_id → pos_order.order_id | listing_id → pos_product_listing.listing_id,,,source_system_id + source_refund_id,,,,,仅在退款接口的稳定ID、订单/商品定位、撤销与重跑语义得到实测证明后实施；来源更正不可覆盖原退款事实，具体事件模型以来源能力验收为准。
pos,POS目录、销售与会员,pos_member,POS会员主档,只保存会员非敏感稳定身份和企业治理状态；每天变化的等级、积分、累计值和余额进入会员状态快照，联系方式另表隔离。,每个企业内可识别的 POS 会员一行,RES/POS 同步服务,财务网站 | HBTI | 分析/BI,RES 客户档案与会员卡列表并集,CORE_BUSINESS,CORE_MIGRATION,承接现有数据/契约或作为无损迁移必需治理底座,CONTROLLED_UPDATE,主数据允许受权限、审计和并发控制的更新,CORE_MASTER_IDENTITY,PASS_MINIMUM_PHYSICAL_FOUNDATION,PARTIAL_FIELDS_DERIVED_IN_VIEW,has_card -> EXISTS(pos_member_card) | has_profile/last_snapshot_date/level/growth/points/lifetime amounts/current balances -> v_pos_member_state_current from append-only snapshots,KEEP_IN_PHASE1,R5_PHYSICAL_CANDIDATE_REAUDITED_IN_R6,CLAUDE_CORE_KEEP,只保存会员非敏感稳定身份和企业治理状态；每天变化的等级、积分、累计值和余额进入会员状态快照，联系方式另表隔离。；稳定身份、有效期映射、单位换算或已发布定义无法从交易结果可靠反推。,按会员隐私政策保留；长期未出现先标 STALE，不自动删除事实,member_id,source_system_id → app_source_system.source_system_id | home_location_id → ops_location.location_id | merged_into_member_id → pos_member.member_id,app_one_time_token.member_id | mkt_campaign_member.member_id | msg_conversation.member_id | pos_member.merged_into_member_id | pos_member_balance_snapshot.member_id | pos_member_card.member_id | pos_member_card_transaction.member_id | pos_member_contact.member_id,v_pos_order_member_attribution,source_system_id + source_member_id,,,,,本表是稳定身份，不保存 has_card、has_profile、last_snapshot_date、等级、积分、余额或累计充值/消费。has_card 从 pos_member_card 派生；来源覆盖和所有时变值从 pos_member_balance_snapshot 及 v_pos_member_state_current 派生，避免同步重跑覆盖历史。
pos,POS目录、销售与会员,pos_member_contact,会员联系方式,隔离存放业务明确批准保留的会员手机号，并支持换号历史。,会员 × 联系方式类型 × 有效期一行,RES/POS 同步服务的受限写入路径,授权会员运营,RES 客户档案接口,CORE_BUSINESS,CORE_MIGRATION,承接现有数据/契约或作为无损迁移必需治理底座,CONTROLLED_UPDATE_UNTIL_TERMINAL,运行或同步进入终态前可更新，终态后冻结并以新运行重算,CORE_MASTER_IDENTITY,PASS_MINIMUM_PHYSICAL_FOUNDATION,NO,,KEEP_IN_PHASE1,R5_PHYSICAL_CANDIDATE_REAUDITED_IN_R6,CLAUDE_CORE_KEEP,隔离存放业务明确批准保留的会员手机号，并支持换号历史。；稳定身份、有效期映射、单位换算或已发布定义无法从交易结果可靠反推。,按会员隐私政策保留；失效后到期删除密文,member_contact_id,member_id → pos_member.member_id,,,member_id + lookup_hash + valid_from,,,"NO_OVERLAP(member_id, contact_type, tstzrange(valid_from, valid_to, '[)'))",valid_to IS NULL OR valid_to > valid_from,来源身份、密文、哈希和 valid_from 写入后冻结；仅允许补写 verified_at 或关闭 valid_to，关闭后整行冻结。
pos,POS目录、销售与会员,pos_member_card,会员卡,把一名会员的多张卡拆为独立身份，避免把卡余额永远聚合进会员主档。,每张来源会员卡一行,RES/POS 同步服务,财务网站 | HBTI | 分析/BI,RES 会员卡列表,CORE_BUSINESS,CORE_MIGRATION,承接现有数据/契约或作为无损迁移必需治理底座,CONTROLLED_UPDATE,主数据允许受权限、审计和并发控制的更新,CORE_MASTER_IDENTITY,PASS_MINIMUM_PHYSICAL_FOUNDATION,NO,,KEEP_IN_PHASE1,R5_PHYSICAL_CANDIDATE_REAUDITED_IN_R6,CLAUDE_CORE_KEEP,把一名会员的多张卡拆为独立身份，避免把卡余额永远聚合进会员主档。；稳定身份、有效期映射、单位换算或已发布定义无法从交易结果可靠反推。,业务存续期内保留；归档规则在实施前确认,member_card_id,member_id → pos_member.member_id | source_system_id → app_source_system.source_system_id | issued_location_id → ops_location.location_id,pos_member_card_transaction.member_card_id,,source_system_id + source_card_id,,,,,外部卡号只在 source_system_id 命名空间内唯一；受控写入必须校验 member_id 对应会员的来源系统一致，禁止把不同 POS 的同号卡合并。
pos,POS目录、销售与会员,pos_member_balance_snapshot,会员状态与余额快照,保存来源在某日直接观察到、无法从不完整流水可靠反推的会员等级、积分、累计值和会员名下全部卡余额。,会员 × 快照日期 × POS批次一行,RES/POS 同步服务,财务网站 | HBTI | 分析/BI,RES 客户档案状态与余额快照,CORE_BUSINESS,CORE_MIGRATION,承接现有数据/契约或作为无损迁移必需治理底座,APPEND_ONLY,写入后不可修改；更正追加新事实或冲销事件,CORE_BASE_FACT,PASS_MINIMUM_PHYSICAL_FOUNDATION,PARTIAL_FIELDS_DERIVED_IN_VIEW,partial flag and missing fields -> nullable balances + pos_ingest_batch status,KEEP_IN_PHASE1,R5_PHYSICAL_CANDIDATE_REAUDITED_IN_R6,CLAUDE_CORE_KEEP,保存来源在某日直接观察到、无法从不完整流水可靠反推的会员等级、积分、累计值和会员名下全部卡余额。；这是来源原值或最小业务事件，是多种派生分析的不可替代输入。,业务存续期内保留；归档规则在实施前确认,member_balance_snapshot_id,member_id → pos_member.member_id | pos_ingest_batch_id → pos_ingest_batch.pos_ingest_batch_id,,v_pos_member_state_current,member_id + snapshot_date + pos_ingest_batch_id,,,,,当前证据只证明 /crm 返回会员名下全部卡的聚合状态和余额，所以本表明确采用会员级快照粒度；不得把聚合余额复制给第一张卡或平均分摊。MEMBER_PROFILE 批次必须以客户档案与卡列表并集为成员全集：只有卡而无档案的会员也写 profile_present=false 快照，禁止用‘本批没有行’含糊表示档案不存在。未来只有在来源提供稳定 source_card_id 和卡级余额契约后，才另行评审卡级快照。字段缺失保留 NULL；完整性由字段 NULL 状态和 pos_ingest_batch.status 派生，不重复保存 is_partial/missing_sources。当前值只由 v_pos_member_state_current 确定性选出，绝不回写覆盖历史。
pos,POS目录、销售与会员,pos_member_card_transaction,会员卡交易流水,保存充值、消费核销、退款和余额调整的不可变事件。,每笔来源会员卡交易一行,RES/POS 同步服务,财务网站 | HBTI | 分析/BI,RES 会员卡交易报表,CORE_BUSINESS,CORE_MIGRATION,承接现有数据/契约或作为无损迁移必需治理底座,APPEND_ONLY,写入后不可修改；更正追加新事实或冲销事件,CORE_BASE_FACT,PASS_MINIMUM_PHYSICAL_FOUNDATION,NO,,KEEP_IN_PHASE1,R5_PHYSICAL_CANDIDATE_REAUDITED_IN_R6,CLAUDE_CORE_KEEP,保存充值、消费核销、退款和余额调整的不可变事件。；这是来源原值或最小业务事件，是多种派生分析的不可替代输入。,永久保留；不存手机号、姓名、邮箱或自由备注,member_card_transaction_id,member_id → pos_member.member_id | member_card_id → pos_member_card.member_card_id | source_system_id → app_source_system.source_system_id | location_id → ops_location.location_id | pos_ingest_batch_id → pos_ingest_batch.pos_ingest_batch_id | order_id → pos_order.order_id,,v_pos_order_member_attribution,source_system_id + location_id + source_transaction_id,,,,"num_nonnulls(member_id, source_member_id, member_card_id, source_card_id) >= 1 | currency ~ '^[A-Z]{3}$'",订单会员归属不复制到 pos_order 或 pos_order_item。治理视图按 order_id 聚合不同 member_id：恰好一人才能解析，零人标 UNMATCHED，多人标 AMBIGUOUS 并保留全部候选流水。total_amount 是卡值变动，trade_amount 是类型相关来源金额，两者都不等于订单商品 net_sales。当前 source 字段由 pos_ingest_batch.dataset_code/source_system_id 承接，fetched_at 由批次完成时间承接；不在每条流水重复保存。
pos,POS目录、销售与会员,pos_member_daily_metric,会员日指标,保存会员人数、消费、充值、核销、调整和期末余额等来源日报原值；比率和可重算净额只在视图派生。,地点 × 营业日 × POS批次一行,RES/POS 同步服务,财务网站 | HBTI | 分析/BI,RES 会员相关日报接口,CORE_BUSINESS,CORE_MIGRATION,承接现有数据/契约或作为无损迁移必需治理底座,APPEND_ONLY,写入后不可修改；更正追加新事实或冲销事件,CORE_BASE_FACT,PASS_MINIMUM_PHYSICAL_FOUNDATION,PARTIAL_FIELDS_DERIVED_IN_VIEW,source/POS member-sales ratios -> v_pos_member_daily_summary | card payment net and source/POS ratios -> v_pos_member_daily_summary | topup total and stored-value face net -> v_pos_member_daily_summary | partial flag and missing fields -> nullable measures + pos_ingest_batch status,KEEP_IN_PHASE1,R5_PHYSICAL_CANDIDATE_REAUDITED_IN_R6,CLAUDE_CORE_KEEP,保存会员人数、消费、充值、核销、调整和期末余额等来源日报原值；比率和可重算净额只在视图派生。；这是来源原值或最小业务事件，是多种派生分析的不可替代输入。,业务存续期内保留；归档规则在实施前确认,member_daily_metric_id,location_id → ops_location.location_id | pos_ingest_batch_id → pos_ingest_batch.pos_ingest_batch_id,,v_pos_member_daily_metric_current,location_id + business_date + pos_ingest_batch_id,,,,,这是 RES 会员日报的独立来源观察，不是从 pos_order_item 或卡流水复制的系统汇总：当前订单商品事实只覆盖会员标记订单，卡交易金额也不等于商品净额。card_payment_net=redeem_amount+consume_refund、stored_value_face_net=topup_face_value+topup_refund+adjust_net-redeem_amount-consume_refund、topup_total=topup_face_value+topup_adjust_amount 均在视图派生，不物理重复。各指标缺失时保留 NULL；完整性由必需指标的 NULL 状态与 pos_ingest_batch.status 派生，不存 is_partial/missing_sources 副本。
ops,地点、产品、预测、计划、执行与班表,ops_calendar_event,日历事件,保存已解析的节假日、学校假期和其他可验证日历事件。,辖区 × 日期 × 事件一行,BakeryOps 日历任务,BakeryOps | 分析/BI,已完成并获准使用的日历抓取任务,CORE_BUSINESS,CORE_MIGRATION,承接现有数据/契约或作为无损迁移必需治理底座,CONTROLLED_WORKFLOW,只允许批准的状态机迁移并记录操作者和时间,CORE_WORKFLOW_FACT,PASS_MINIMUM_PHYSICAL_FOUNDATION,NO,,KEEP_IN_PHASE1,R5_PHYSICAL_CANDIDATE_REAUDITED_IN_R6,CLAUDE_CORE_KEEP,保存已解析的节假日、学校假期和其他可验证日历事件。；人工决定、批准、状态转换或业务副作用本身就是事实，不能从最终结果倒推。,业务存续期内保留；归档规则在实施前确认,calendar_event_id,job_run_id → app_job_run.job_run_id,,v_ops_timeslot_sales_baseline | v_ops_holiday_factor,job_run_id + jurisdiction_code + event_date + event_name,,,,,R6 不再另建日历导入批次表：一次抓取就是 app_job_run；需求因子由销售事实、日历事件和算法版本视图计算，预测实际采用值冻结在 forecast_run/line。
ops,地点、产品、预测、计划、执行与班表,ops_operational_event,运营突发事件,记录停电、设备故障、人流异常、促销或其他当日突发情况及人工证据。,一个地点的一次连续运营事件一行,门店或区域运营,BakeryOps | 分析/BI,人工确认；部分事件可由系统建议,CORE_BUSINESS,CORE_MIGRATION,承接现有数据/契约或作为无损迁移必需治理底座,CONTROLLED_UPDATE_UNTIL_TERMINAL,运行或同步进入终态前可更新，终态后冻结并以新运行重算,CORE_BASE_FACT,PASS_MINIMUM_PHYSICAL_FOUNDATION,NO,,KEEP_IN_PHASE1,R5_PHYSICAL_CANDIDATE_REAUDITED_IN_R6,CLAUDE_CORE_KEEP,记录停电、设备故障、人流异常、促销或其他当日突发情况及人工证据。；这是来源原值或最小业务事件，是多种派生分析的不可替代输入。,业务存续期内保留；归档规则在实施前确认,operational_event_id,location_id → ops_location.location_id | created_by_user_id → app_user.user_id,ops_operational_event_product.operational_event_id,v_business_timeline,,,,,ended_at IS NULL OR ended_at > started_at,OPEN 阶段允许补充证据和结束时间；CONFIRMED、RESOLVED 或 REJECTED 后事件冻结，更正追加新事件或审计冲销，不原地改写历史。
ops,地点、产品、预测、计划、执行与班表,ops_operational_event_product,运营事件受影响产品,明确运营事件影响哪些产品以及影响方向和数量。,运营事件 × 产品一行,门店或区域运营,BakeryOps | 分析/BI,人工确认,CORE_BUSINESS,CORE_MIGRATION,承接现有数据/契约或作为无损迁移必需治理底座,CONTROLLED_UPDATE_UNTIL_TERMINAL,运行或同步进入终态前可更新，终态后冻结并以新运行重算,CORE_BASE_FACT,PASS_MINIMUM_PHYSICAL_FOUNDATION,NO,,KEEP_IN_PHASE1,R5_PHYSICAL_CANDIDATE_REAUDITED_IN_R6,CLAUDE_CORE_KEEP,明确运营事件影响哪些产品以及影响方向和数量。；这是来源原值或最小业务事件，是多种派生分析的不可替代输入。,业务存续期内保留；归档规则在实施前确认,operational_event_product_id,operational_event_id → ops_operational_event.operational_event_id | product_id → ops_product.product_id | created_by_user_id → app_user.user_id,,,operational_event_id + product_id,,,,,只允许在父事件 OPEN 阶段补充；父事件进入终态后本行冻结。
ops,地点、产品、预测、计划、执行与班表,ops_forecast_run,需求预测运行,冻结一次预测使用的目标日期、算法、输入清单和结果状态。,地点 × 目标营业日 × 一次算法运行一行,BakeryOps 预测任务,BakeryOps | 分析/BI,POS历史、日历、突发事件和业务规则,CORE_BUSINESS,CORE_MIGRATION,承接现有数据/契约或作为无损迁移必需治理底座,CONTROLLED_UPDATE_UNTIL_TERMINAL,运行或同步进入终态前可更新，终态后冻结并以新运行重算,CORE_DECISION_OUTPUT,PASS_HISTORICAL_DECISION_FACT,CALCULABLE_BUT_CURRENT_INPUTS_CANNOT_RECREATE_PAST_DECISION,,KEEP_IN_PHASE1,R5_PHYSICAL_CANDIDATE_REAUDITED_IN_R6,CLAUDE_CORE_KEEP,冻结一次预测使用的目标日期、算法、输入清单和结果状态。；虽然数值可计算，但该版本曾被提出、批准或用于触发行动，历史决定本身不可从当前输入反推。,业务存续期内保留；归档规则在实施前确认,forecast_run_id,job_run_id → app_job_run.job_run_id | location_id → ops_location.location_id,ops_forecast_line.forecast_run_id | ops_production_plan_version.forecast_run_id,v_ops_forecast_accuracy,,,,,,
ops,地点、产品、预测、计划、执行与班表,ops_forecast_line,产品预测行,保存一次预测对每个产品的数量区间和解释。,预测运行 × 产品一行,BakeryOps 预测任务,BakeryOps | 分析/BI,预测运行输出,CORE_BUSINESS,CORE_MIGRATION,承接现有数据/契约或作为无损迁移必需治理底座,APPEND_ONLY,写入后不可修改；更正追加新事实或冲销事件,CORE_DECISION_OUTPUT,PASS_HISTORICAL_DECISION_FACT,CALCULABLE_BUT_CURRENT_INPUTS_CANNOT_RECREATE_PAST_DECISION,accuracy/error -> v_ops_forecast_accuracy,KEEP_IN_PHASE1,R5_PHYSICAL_CANDIDATE_REAUDITED_IN_R6,CLAUDE_CORE_KEEP,保存一次预测对每个产品的数量区间和解释。；虽然数值可计算，但该版本曾被提出、批准或用于触发行动，历史决定本身不可从当前输入反推。,业务存续期内保留；归档规则在实施前确认,forecast_line_id,forecast_run_id → ops_forecast_run.forecast_run_id | product_id → ops_product.product_id,ops_production_plan_line.forecast_line_id,v_ops_forecast_accuracy,forecast_run_id + product_id,,,,lower_bound IS NULL OR lower_bound >= 0 | upper_bound IS NULL OR upper_bound >= forecast_quantity,
ops,地点、产品、预测、计划、执行与班表,ops_production_plan_version,生产预估单版本,直接保留某地点某营业日每次预测建议、人工调整、审批、发布或取消，不再为同一自然键另建空壳主单。,生产地点 × 计划营业日 × 版本号一行,BakeryOps；审批人改变状态,BakeryOps | 供应链 | 分析/BI,预测或人工复制调整,CORE_BUSINESS,CORE_MIGRATION,承接现有数据/契约或作为无损迁移必需治理底座,DRAFT_MUTABLE_THEN_FROZEN,草稿可编辑；发布、发送或生效后冻结并新建版本,CORE_DECISION_OUTPUT,PASS_HISTORICAL_DECISION_FACT,CALCULABLE_BUT_CURRENT_INPUTS_CANNOT_RECREATE_PAST_DECISION,,R6_MERGE_INTO: absorb ops_production_plan; location + business date is the stable plan identity,R5_PHYSICAL_CANDIDATE_REAUDITED_IN_R6,CLAUDE_CORE_KEEP; CODEX_FURTHER_MERGED_REDUNDANT_CORE_SHELL,直接保留某地点某营业日每次预测建议、人工调整、审批、发布或取消，不再为同一自然键另建空壳主单。；虽然数值可计算，但该版本曾被提出、批准或用于触发行动，历史决定本身不可从当前输入反推。,业务存续期内保留；归档规则在实施前确认,production_plan_version_id,location_id → ops_location.location_id | forecast_run_id → ops_forecast_run.forecast_run_id | based_on_version_id → ops_production_plan_version.production_plan_version_id | approved_by_user_id → app_user.user_id | created_by_user_id → app_user.user_id,ops_production_plan_line.production_plan_version_id | ops_production_plan_version.based_on_version_id | ops_production_run.production_plan_version_id | ops_workload_run.production_plan_version_id | scm_material_requirement_run.production_plan_version_id,v_ops_item_daily_pulse | v_ops_plan_vs_production | v_cost_card_product_cost_component | v_business_timeline,location_id + plan_business_date + version_no,,,,,R6 终审将 ops_production_plan 合并到本表：location_id + plan_business_date 就是跨版本自然身份，另存主单 UUID 和可变头状态只会重复。草稿可受控修改；PUBLISHED、REJECTED、CANCELLED 或 SUPERSEDED 后冻结。任何数量调整或整单取消都追加新版本，产品级来源与理由保存在新版本的 ops_production_plan_line。
ops,地点、产品、预测、计划、执行与班表,ops_production_plan_line,生产预估单产品行,保存某版本每个产品的计划数量和人工判断来源。,预估单版本 × 产品一行,BakeryOps,BakeryOps | 供应链 | 分析/BI,预测行加人工调整,CORE_BUSINESS,CORE_MIGRATION,承接现有数据/契约或作为无损迁移必需治理底座,APPEND_ONLY,写入后不可修改；更正追加新事实或冲销事件,CORE_DECISION_OUTPUT,PASS_HISTORICAL_DECISION_FACT,CALCULABLE_BUT_CURRENT_INPUTS_CANNOT_RECREATE_PAST_DECISION,adjustment_delta -> compare quantity with based_on_plan_line_id,R6_MERGE_INTO: absorb ops_plan_adjustment reason and provenance into a new plan-version line; derive delta,R5_PHYSICAL_CANDIDATE_REAUDITED_IN_R6,CLAUDE_CORE_KEEP; PLAN_ADJUSTMENT_MERGE_TARGET_CORRECTED_TO_LINE,保存某版本每个产品的计划数量和人工判断来源。；虽然数值可计算，但该版本曾被提出、批准或用于触发行动，历史决定本身不可从当前输入反推。,业务存续期内保留；归档规则在实施前确认,production_plan_line_id,production_plan_version_id → ops_production_plan_version.production_plan_version_id | product_id → ops_product.product_id | forecast_line_id → ops_forecast_line.forecast_line_id | based_on_plan_line_id → ops_production_plan_line.production_plan_line_id | unit_id → app_unit.unit_id | suggested_by_ai_call_id → ai_call.ai_call_id | confirmed_by_user_id → app_user.user_id,ops_production_plan_line.based_on_plan_line_id | ops_production_plan_slot.production_plan_line_id | ops_production_run_line.production_plan_line_id | scm_material_requirement_component.production_plan_line_id,v_ops_item_daily_pulse | v_ops_plan_vs_production | v_scm_material_requirement_trace | v_cost_card_product_cost_component,production_plan_version_id + product_id,,,,,before quantity 和 delta 由 based_on_plan_line_id 与 planned_quantity 确定性派生；这里只保存不可派生的产品级决定、理由和来源。
ops,地点、产品、预测、计划、执行与班表,ops_production_plan_slot,生产时段计划,把产品总计划拆到具体生产时段，解决总量正确但时段断货的问题。,计划产品行 × 生产时段一行,BakeryOps,BakeryOps | 分析/BI,运营排产,EXTENSION_PACK:PRODUCTION_EXECUTION,PLANNED_MODULE,目标结构已设计，但当前未确认生产写入者；模块获批时才实施,APPEND_ONLY,写入后不可修改；更正追加新事实或冲销事件,EXTENSION_PACK,NOT_PHASE1_EXTENSION_ONLY,NOT_APPLICABLE_UNTIL_MODULE_ENABLED,,DESIGN_ONLY_DO_NOT_CREATE,R5_PHYSICAL_CANDIDATE_REAUDITED_IN_R6,CLAUDE_EXTENSION_LATER,把产品总计划拆到具体生产时段，解决总量正确但时段断货的问题。；只有对应模块启用并出现真实写入者、业务副作用或处理历史时才物理实施，首期不建。,业务存续期内保留；归档规则在实施前确认,production_plan_slot_id,production_plan_line_id → ops_production_plan_line.production_plan_line_id,,,production_plan_line_id + sequence_no,,,,slot_end > slot_start,
ops,地点、产品、预测、计划、执行与班表,ops_workload_run,工作量计算运行,把已发布生产计划和预测销售转换为岗位/工位所需分钟，作为班表显式上游。,地点 × 营业日 × 一次工作量计算一行,BakeryOps 工作量任务,BakeryOps | 分析/BI,已发布预估单、历史服务量和标准工时,EXTENSION_PACK:SHIFT_AND_WORKFORCE,PLANNED_MODULE,目标结构已设计，但当前未确认生产写入者；模块获批时才实施,CONTROLLED_UPDATE_UNTIL_TERMINAL,运行或同步进入终态前可更新，终态后冻结并以新运行重算,EXTENSION_PACK,NOT_PHASE1_EXTENSION_ONLY,NOT_APPLICABLE_UNTIL_MODULE_ENABLED,,DESIGN_ONLY_DO_NOT_CREATE,R5_PHYSICAL_CANDIDATE_REAUDITED_IN_R6,CLAUDE_EXTENSION_LATER,把已发布生产计划和预测销售转换为岗位/工位所需分钟，作为班表显式上游。；只有对应模块启用并出现真实写入者、业务副作用或处理历史时才物理实施，首期不建。,业务存续期内保留；归档规则在实施前确认,workload_run_id,job_run_id → app_job_run.job_run_id | location_id → ops_location.location_id | production_plan_version_id → ops_production_plan_version.production_plan_version_id,ops_shift_plan_version.workload_run_id | ops_workload_line.workload_run_id,,,,,,,
ops,地点、产品、预测、计划、执行与班表,ops_workload_line,岗位工作量行,保存某工作量运行对岗位、工位及可选产品的需求分钟和数量依据。,工作量运行 × 岗位 × 工位 × 可选产品一行,BakeryOps 工作量任务,BakeryOps | 分析/BI,工作量计算输出,EXTENSION_PACK:SHIFT_AND_WORKFORCE,PLANNED_MODULE,目标结构已设计，但当前未确认生产写入者；模块获批时才实施,APPEND_ONLY,写入后不可修改；更正追加新事实或冲销事件,EXTENSION_PACK,NOT_PHASE1_EXTENSION_ONLY,NOT_APPLICABLE_UNTIL_MODULE_ENABLED,,DESIGN_ONLY_DO_NOT_CREATE,R5_PHYSICAL_CANDIDATE_REAUDITED_IN_R6,CLAUDE_EXTENSION_LATER,保存某工作量运行对岗位、工位及可选产品的需求分钟和数量依据。；只有对应模块启用并出现真实写入者、业务副作用或处理历史时才物理实施，首期不建。,业务存续期内保留；归档规则在实施前确认,workload_line_id,workload_run_id → ops_workload_run.workload_run_id | role_id → ops_role.role_id | station_id → ops_station.station_id | product_id → ops_product.product_id,ops_shift_requirement.workload_line_id,,workload_run_id + role_id + station_id + product_id + workload_unit [NULLS NOT DISTINCT：空值也参与去重],workload_run_id + role_id + station_id + product_id + workload_unit,,,,required_work_minutes 是按 algorithm_version 冻结的运行输出；因最低开岗、并行和取整不一定等于简单乘法，具体公式必须在 explanation 中可复算。
ops,地点、产品、预测、计划、执行与班表,ops_production_run,实际生产批次,记录一次真实生产执行，不用计划数量冒充实际产出。,生产地点 × 营业日 × 一次生产批次一行,门店/厨房执行流程,BakeryOps | 供应链 | 分析/BI,生产人员确认或设备数据,EXTENSION_PACK:PRODUCTION_EXECUTION,PLANNED_MODULE,目标结构已设计，但当前未确认生产写入者；模块获批时才实施,CONTROLLED_UPDATE,主数据允许受权限、审计和并发控制的更新,EXTENSION_PACK,NOT_PHASE1_EXTENSION_ONLY,NOT_APPLICABLE_UNTIL_MODULE_ENABLED,,DESIGN_ONLY_DO_NOT_CREATE,R5_PHYSICAL_CANDIDATE_REAUDITED_IN_R6,CLAUDE_EXTENSION_LATER,记录一次真实生产执行，不用计划数量冒充实际产出。；只有对应模块启用并出现真实写入者、业务副作用或处理历史时才物理实施，首期不建。,业务存续期内保留；归档规则在实施前确认,production_run_id,location_id → ops_location.location_id | production_plan_version_id → ops_production_plan_version.production_plan_version_id | created_by_user_id → app_user.user_id,ops_dispatch.production_run_id | ops_production_run_line.production_run_id | scm_inventory_movement.production_run_id,v_ops_plan_vs_production | v_business_timeline,location_id + source_run_code [NULLS DISTINCT：仅非空值去重，允许多条空值],,location_id + source_run_code,,completed_at IS NULL OR completed_at >= started_at,
ops,地点、产品、预测、计划、执行与班表,ops_production_run_line,实际生产产品行,保存实际生产的合格、报废和返工数量，并可追溯到计划行。,生产批次 × 产品一行,门店/厨房执行流程,BakeryOps | 供应链 | 分析/BI,生产人员确认或设备数据,EXTENSION_PACK:PRODUCTION_EXECUTION,PLANNED_MODULE,目标结构已设计，但当前未确认生产写入者；模块获批时才实施,APPEND_ONLY,写入后不可修改；更正追加新事实或冲销事件,EXTENSION_PACK,NOT_PHASE1_EXTENSION_ONLY,NOT_APPLICABLE_UNTIL_MODULE_ENABLED,,DESIGN_ONLY_DO_NOT_CREATE,R5_PHYSICAL_CANDIDATE_REAUDITED_IN_R6,CLAUDE_EXTENSION_LATER,保存实际生产的合格、报废和返工数量，并可追溯到计划行。；只有对应模块启用并出现真实写入者、业务副作用或处理历史时才物理实施，首期不建。,业务存续期内保留；归档规则在实施前确认,production_run_line_id,production_run_id → ops_production_run.production_run_id | product_id → ops_product.product_id | production_plan_line_id → ops_production_plan_line.production_plan_line_id | unit_id → app_unit.unit_id,ops_dispatch_line.production_run_line_id,v_ops_item_daily_pulse | v_ops_plan_vs_production | v_ops_production_vs_dispatch,production_run_id + product_id,,,,,
ops,地点、产品、预测、计划、执行与班表,ops_dispatch,地点间配送,记录成品从中央厨房或门店发往另一地点的一次配送。,发出地点 × 接收地点 × 一次配送批次一行,配送执行流程,BakeryOps | 供应链 | 分析/BI,人工确认或物流系统,EXTENSION_PACK:PRODUCTION_EXECUTION,PLANNED_MODULE,目标结构已设计，但当前未确认生产写入者；模块获批时才实施,CONTROLLED_UPDATE,主数据允许受权限、审计和并发控制的更新,EXTENSION_PACK,NOT_PHASE1_EXTENSION_ONLY,NOT_APPLICABLE_UNTIL_MODULE_ENABLED,,DESIGN_ONLY_DO_NOT_CREATE,R5_PHYSICAL_CANDIDATE_REAUDITED_IN_R6,CLAUDE_EXTENSION_LATER,记录成品从中央厨房或门店发往另一地点的一次配送。；只有对应模块启用并出现真实写入者、业务副作用或处理历史时才物理实施，首期不建。,业务存续期内保留；归档规则在实施前确认,dispatch_id,from_location_id → ops_location.location_id | to_location_id → ops_location.location_id | production_run_id → ops_production_run.production_run_id | created_by_user_id → app_user.user_id,ops_dispatch_line.dispatch_id,v_ops_production_vs_dispatch | v_business_timeline,dispatch_code,,,,from_location_id <> to_location_id | received_at IS NULL OR received_at >= dispatched_at,
ops,地点、产品、预测、计划、执行与班表,ops_dispatch_line,配送产品行,保存配送中每个产品的发出、接收、拒收和差异数量。,配送单 × 产品一行,配送执行流程,BakeryOps | 供应链 | 分析/BI,发出与接收确认,EXTENSION_PACK:PRODUCTION_EXECUTION,PLANNED_MODULE,目标结构已设计，但当前未确认生产写入者；模块获批时才实施,APPEND_ONLY,写入后不可修改；更正追加新事实或冲销事件,EXTENSION_PACK,NOT_PHASE1_EXTENSION_ONLY,NOT_APPLICABLE_UNTIL_MODULE_ENABLED,,DESIGN_ONLY_DO_NOT_CREATE,R5_PHYSICAL_CANDIDATE_REAUDITED_IN_R6,CLAUDE_EXTENSION_LATER,保存配送中每个产品的发出、接收、拒收和差异数量。；只有对应模块启用并出现真实写入者、业务副作用或处理历史时才物理实施，首期不建。,业务存续期内保留；归档规则在实施前确认,dispatch_line_id,dispatch_id → ops_dispatch.dispatch_id | product_id → ops_product.product_id | production_run_line_id → ops_production_run_line.production_run_line_id | unit_id → app_unit.unit_id,,v_ops_item_daily_pulse | v_ops_production_vs_dispatch,dispatch_id + product_id,,,,,
ops,地点、产品、预测、计划、执行与班表,ops_daily_review,每日运营复盘,保存某地点营业日的结构化复盘版本，区分人工事实、AI总结和采纳状态。,地点 × 营业日 × 复盘版本一行,BakeryOps 复盘流程,BakeryOps | 分析/BI,POS、计划、生产、班表、突发与人工输入,CORE_BUSINESS,CORE_MIGRATION,承接现有数据/契约或作为无损迁移必需治理底座,DRAFT_MUTABLE_THEN_FROZEN,草稿可编辑；发布、发送或生效后冻结并新建版本,CORE_WORKFLOW_FACT,PASS_MINIMUM_PHYSICAL_FOUNDATION,NO,,KEEP_IN_PHASE1,R5_PHYSICAL_CANDIDATE_REAUDITED_IN_R6,CLAUDE_CORE_KEEP,保存某地点营业日的结构化复盘版本，区分人工事实、AI总结和采纳状态。；人工决定、批准、状态转换或业务副作用本身就是事实，不能从最终结果倒推。,业务存续期内保留；归档规则在实施前确认,daily_review_id,location_id → ops_location.location_id | ai_call_id → ai_call.ai_call_id | approved_by_user_id → app_user.user_id | created_by_user_id → app_user.user_id,ops_review_action.daily_review_id,v_ops_daily_review_current,location_id + business_date + version_no,,,,(manager_avg_transaction IS NULL AND manager_avg_transaction_source IS NULL) OR (manager_avg_transaction IS NOT NULL AND manager_avg_transaction_source IS NOT NULL),保存只修改 DRAFT；提交/批准后冻结。若店长或 POS 后续更正，复制为 version_no+1 并将旧版标为 SUPERSEDED。manager_input 与 review_summary 必须分别按其 schema version 通过受控写函数校验，未知键拒绝。manager_avg_transaction 只承接带明确 source 的历史或人工独立报告值；新系统计算值由视图从 manager_revenue / manager_transaction_count 派生。正式 current 读取按 v_ops_daily_review_current 的确定性规则选版。
ops,地点、产品、预测、计划、执行与班表,ops_review_action,复盘改进行动,把复盘建议变成有负责人、期限和完成状态的动作。,复盘 × 一项改进行动一行,门店或区域运营,BakeryOps | 分析/BI,已批准复盘或人工创建,CORE_BUSINESS,CORE_MIGRATION,承接现有数据/契约或作为无损迁移必需治理底座,CONTROLLED_UPDATE,主数据允许受权限、审计和并发控制的更新,CORE_BASE_FACT,PASS_MINIMUM_PHYSICAL_FOUNDATION,NO,,KEEP_IN_PHASE1,R5_PHYSICAL_CANDIDATE_REAUDITED_IN_R6,CLAUDE_CORE_KEEP,把复盘建议变成有负责人、期限和完成状态的动作。；这是来源原值或最小业务事件，是多种派生分析的不可替代输入。,业务存续期内保留；归档规则在实施前确认,review_action_id,daily_review_id → ops_daily_review.daily_review_id | owner_employment_id → hr_employment.employment_id | created_by_user_id → app_user.user_id,msg_outbound_message.review_action_id,,,,,,,
ops,地点、产品、预测、计划、执行与班表,ops_business_rule,运营业务规则,版本化保存企业级、地点级、产品级或地点产品级的排产阈值、产品策略、招聘可预约窗口和断货排除等低频配置。,适用地点/产品组合或企业全局 × 规则代码 × 版本一行,BakeryOps 设置流程,BakeryOps | 分析/BI,管理员配置,CORE_BUSINESS,CORE_MIGRATION,承接现有数据/契约或作为无损迁移必需治理底座,DRAFT_MUTABLE_THEN_FROZEN,草稿可编辑；发布、发送或生效后冻结并新建版本,CORE_MASTER_IDENTITY,PASS_MINIMUM_PHYSICAL_FOUNDATION,NO,,KEEP_IN_PHASE1,R5_PHYSICAL_CANDIDATE_REAUDITED_IN_R6,CLAUDE_CORE_KEEP,版本化保存企业级、地点级、产品级或地点产品级的排产阈值、产品策略、招聘可预约窗口和断货排除等低频配置。；稳定身份、有效期映射、单位换算或已发布定义无法从交易结果可靠反推。,业务存续期内保留；归档规则在实施前确认,business_rule_id,scope_location_id → ops_location.location_id | scope_product_id → ops_product.product_id | approved_by_user_id → app_user.user_id | created_by_user_id → app_user.user_id,,v_cost_card_product_cost_snapshot | v_ops_timeslot_sales_baseline | v_ops_holiday_factor,scope_location_id + scope_product_id + rule_code + version_no [NULLS NOT DISTINCT：空值也参与去重],scope_location_id + scope_product_id + rule_code + version_no,,"NO_OVERLAP(COALESCE(scope_location_id, NIL_UUID), COALESCE(scope_product_id, NIL_UUID), rule_code, tstzrange(valid_from, valid_to, '[)')) WHERE status = 'ACTIVE'",valid_to IS NULL OR valid_to > valid_from,DRAFT 可编辑；APPROVED 或 ACTIVE 后适用地点/产品、规则值、schema、版本号和生效起点冻结，修改必须发布新版本。同 rule_code 同时命中时按 地点+产品 > 地点 > 产品 > 企业全局 取最具体一条；同一具体范围禁止有效期重叠。ops_store.interview_windows/trial_windows 迁为地点级 HR_INTERVIEW_WINDOWS/HR_TRIAL_WINDOWS。现有 product 的地点敏感策略迁为 PRODUCT_LOCATION_PLANNING_POLICY；旧 product 行没有地点字段，只有来源部署/导入合同能唯一证明地点时才填 scope_location_id，不能默认扩散到新门店。
hr,人员、招聘、培训与工时,hr_job_requisition,招聘需求,记录某地点、岗位所需人数、期限和批准状态，作为候选申请的业务来源。,一个招聘需求一行,HR 招聘流程,BakeryOps | 分析/BI,业务部门提交并审批,CORE_BUSINESS,CORE_MIGRATION,承接现有数据/契约或作为无损迁移必需治理底座,CONTROLLED_WORKFLOW,只允许批准的状态机迁移并记录操作者和时间,CORE_WORKFLOW_FACT,PASS_MINIMUM_PHYSICAL_FOUNDATION,NO,,KEEP_IN_PHASE1,R5_PHYSICAL_CANDIDATE_REAUDITED_IN_R6,CLAUDE_CORE_KEEP,记录某地点、岗位所需人数、期限和批准状态，作为候选申请的业务来源。；人工决定、批准、状态转换或业务副作用本身就是事实，不能从最终结果倒推。,业务存续期内保留；归档规则在实施前确认,job_requisition_id,location_id → ops_location.location_id | role_id → ops_role.role_id | approved_by_user_id → app_user.user_id | created_by_user_id → app_user.user_id,hr_application.job_requisition_id,,requisition_code,,,,,本表是招聘需求生命周期而不是版本表；重大人数或岗位变更应关闭旧需求并新建 requisition_code，普通状态推进进入审计。
hr,人员、招聘、培训与工时,hr_application,候选申请,记录自然人对一个招聘需求的一次申请身份和来源；阶段变化只追加到 hr_application_stage_event。,人员 × 招聘需求 × 一次申请一行,HR 招聘流程,BakeryOps | 分析/BI,JobStreet、WhatsApp、人工录入或其他渠道,CORE_BUSINESS,CORE_MIGRATION,承接现有数据/契约或作为无损迁移必需治理底座,CONTROLLED_UPDATE,主数据允许受权限、审计和并发控制的更新,CORE_BASE_FACT,PASS_MINIMUM_PHYSICAL_FOUNDATION,NO,,KEEP_IN_PHASE1,R5_PHYSICAL_CANDIDATE_REAUDITED_IN_R6,CLAUDE_CORE_KEEP,记录自然人对一个招聘需求的一次申请身份和来源；阶段变化只追加到 hr_application_stage_event。；这是来源原值或最小业务事件，是多种派生分析的不可替代输入。,业务存续期内保留；归档规则在实施前确认,application_id,person_id → hr_person.person_id | job_requisition_id → hr_job_requisition.job_requisition_id | source_system_id → app_source_system.source_system_id | created_by_user_id → app_user.user_id,app_one_time_token.application_id | hr_application_stage_event.application_id | hr_appointment.application_id | hr_assessment.application_id | hr_employment.origin_application_id | hr_offer.application_id | msg_conversation.application_id,v_hr_application_current_stage,source_system_id + source_application_id [NULLS DISTINCT：仅非空值去重，允许多条空值],,source_system_id + source_application_id,,,当前招聘阶段由 v_hr_application_current_stage 确定性派生；录用关系由 hr_employment.origin_application_id 单向连接，避免双向冗余外键。
hr,人员、招聘、培训与工时,hr_application_stage_event,候选申请阶段事件,只追加保存候选申请每次进入新阶段的时间、原因、来源和操作者，使漏斗和停留时长可以重建。,候选申请 × 一次阶段迁移一行,HR 招聘流程或渠道同步,BakeryOps | 分析/BI,HR操作、候选人动作或招聘渠道回执,CORE_BUSINESS,CORE_MIGRATION,承接现有数据/契约或作为无损迁移必需治理底座,APPEND_ONLY_DECISION_RECORD,人工/系统决策只追加，原决定和差异永久可追溯,CORE_WORKFLOW_FACT,PASS_MINIMUM_PHYSICAL_FOUNDATION,NO,,KEEP_IN_PHASE1,R5_PHYSICAL_CANDIDATE_REAUDITED_IN_R6,CLAUDE_CORE_KEEP,只追加保存候选申请每次进入新阶段的时间、原因、来源和操作者，使漏斗和停留时长可以重建。；人工决定、批准、状态转换或业务副作用本身就是事实，不能从最终结果倒推。,按招聘隐私政策保留；分析可去标识，原始阶段事件不可覆盖,application_stage_event_id,application_id → hr_application.application_id | source_system_id → app_source_system.source_system_id | job_run_id → app_job_run.job_run_id | actor_user_id → app_user.user_id,,v_hr_application_current_stage,event_key,,,,"from_stage IS NULL OR from_stage <> to_stage | num_nonnulls(source_system_id, job_run_id, actor_user_id) >= 1",from_stage 保存写入当刻声明的前置状态，用来检测并发或非法迁移；它不是当前阶段副本。v_hr_application_current_stage 从 to_stage 事件序列派生当前阶段，并核对相邻事件的 from_stage。
hr,人员、招聘、培训与工时,hr_appointment,面试试工预约,记录候选人面试、试工或文件办理的一次预约及其实际执行结果；试工不再另建一对一结果表。,申请 × 一次预约一行,HR 招聘流程,BakeryOps,HR与候选人确认,CORE_BUSINESS,CORE_MIGRATION,承接现有数据/契约或作为无损迁移必需治理底座,CONTROLLED_UPDATE,主数据允许受权限、审计和并发控制的更新,CORE_BASE_FACT,PASS_MINIMUM_PHYSICAL_FOUNDATION,NO,,"R6_MERGE_INTO: absorb hr_trial execution timestamps, outcome and safety incident",R5_PHYSICAL_CANDIDATE_REAUDITED_IN_R6,CLAUDE_KEEP_PLUS_MERGED_R5_OBJECT,记录候选人面试、试工或文件办理的一次预约及其实际执行结果；试工不再另建一对一结果表。；这是来源原值或最小业务事件，是多种派生分析的不可替代输入。,业务存续期内保留；归档规则在实施前确认,appointment_id,application_id → hr_application.application_id | location_id → ops_location.location_id | confirmed_by_user_id → app_user.user_id | created_by_user_id → app_user.user_id,hr_assessment.appointment_id | msg_outbound_message.appointment_id,,,,,,scheduled_end IS NULL OR scheduled_end > scheduled_start | actual_end IS NULL OR actual_start IS NULL OR actual_end >= actual_start | trial_outcome IS NULL OR appointment_type = 'TRIAL',预约与实际执行是同一一对一生命周期；评估仍通过 hr_assessment.appointment_id 一对多连接。
hr,人员、招聘、培训与工时,hr_assessment,候选人评估,保存一次结构化评估的建议、红线结论、评估者和模板版本；总分由明细视图派生。,申请 × 评估类型 × 一次评估一行,HR或业务面试官,BakeryOps | 分析/BI,面试、试工或审核,CORE_BUSINESS,CORE_MIGRATION,承接现有数据/契约或作为无损迁移必需治理底座,APPEND_ONLY,写入后不可修改；更正追加新事实或冲销事件,CORE_BASE_FACT,PASS_MINIMUM_PHYSICAL_FOUNDATION,PARTIAL_FIELDS_DERIVED_IN_VIEW,total_score -> v_hr_assessment_summary,KEEP_IN_PHASE1,R5_PHYSICAL_CANDIDATE_REAUDITED_IN_R6,CLAUDE_CORE_KEEP,保存一次结构化评估的建议、红线结论、评估者和模板版本；总分由明细视图派生。；这是来源原值或最小业务事件，是多种派生分析的不可替代输入。,业务存续期内保留；归档规则在实施前确认,assessment_id,application_id → hr_application.application_id | appointment_id → hr_appointment.appointment_id | assessor_employment_id → hr_employment.employment_id,hr_assessment_score.assessment_id,v_hr_assessment_summary,,,,,,
hr,人员、招聘、培训与工时,hr_assessment_score,评估项目得分,逐项保存评分、权重、红线和证据，避免只有总分无法解释。,评估 × 评分项目一行,HR或业务面试官,BakeryOps | 分析/BI,评估模板和评估者输入,CORE_BUSINESS,CORE_MIGRATION,承接现有数据/契约或作为无损迁移必需治理底座,APPEND_ONLY,写入后不可修改；更正追加新事实或冲销事件,CORE_BASE_FACT,PASS_MINIMUM_PHYSICAL_FOUNDATION,NO,,KEEP_IN_PHASE1,R5_PHYSICAL_CANDIDATE_REAUDITED_IN_R6,CLAUDE_CORE_KEEP,逐项保存评分、权重、红线和证据，避免只有总分无法解释。；这是来源原值或最小业务事件，是多种派生分析的不可替代输入。,业务存续期内保留；归档规则在实施前确认,assessment_score_id,assessment_id → hr_assessment.assessment_id,,v_hr_assessment_summary,assessment_id + criterion_code,,,,score IS NULL OR (score >= 0 AND score <= max_score),
hr,人员、招聘、培训与工时,hr_offer,Offer版本,版本化保存候选人的岗位、地点、薪酬摘要、有效期和接受状态。,申请 × Offer版本一行,HR 招聘流程,BakeryOps | 授权财务,招聘审批,CORE_BUSINESS,CORE_MIGRATION,承接现有数据/契约或作为无损迁移必需治理底座,DRAFT_MUTABLE_THEN_FROZEN,草稿可编辑；发布、发送或生效后冻结并新建版本,CORE_WORKFLOW_FACT,PASS_MINIMUM_PHYSICAL_FOUNDATION,NO,,KEEP_IN_PHASE1,R5_PHYSICAL_CANDIDATE_REAUDITED_IN_R6,CLAUDE_CORE_KEEP,版本化保存候选人的岗位、地点、薪酬摘要、有效期和接受状态。；人工决定、批准、状态转换或业务副作用本身就是事实，不能从最终结果倒推。,按劳动与招聘隐私政策保留,offer_id,application_id → hr_application.application_id | supersedes_offer_id → hr_offer.offer_id | location_id → ops_location.location_id | role_id → ops_role.role_id | created_by_user_id → app_user.user_id,hr_offer.supersedes_offer_id,,application_id + version_no,,,,,DRAFT 只能通过受控函数按 compensation_schema_version 校验 compensation_summary，拒绝未知键和无币种金额；SENT 后岗位、地点、薪酬、版本号和到期时间冻结，只允许受控写入终态回应；条款变化必须新建 Offer 版本。
hr,人员、招聘、培训与工时,hr_onboarding_task,入职任务,逐项跟踪合同、证件、系统账号、培训和门店准备等入职事项。,雇佣关系 × 入职任务代码一行,HR 入职流程,BakeryOps,Offer接受后按模板生成,EXTENSION_PACK:TRAINING_AND_ONBOARDING,PLANNED_MODULE,目标结构已设计，但当前未确认生产写入者；模块获批时才实施,CONTROLLED_UPDATE,主数据允许受权限、审计和并发控制的更新,EXTENSION_PACK,NOT_PHASE1_EXTENSION_ONLY,NOT_APPLICABLE_UNTIL_MODULE_ENABLED,,DESIGN_ONLY_DO_NOT_CREATE,R5_PHYSICAL_CANDIDATE_REAUDITED_IN_R6,CLAUDE_EXTENSION_LATER,逐项跟踪合同、证件、系统账号、培训和门店准备等入职事项。；只有对应模块启用并出现真实写入者、业务副作用或处理历史时才物理实施，首期不建。,业务存续期内保留；归档规则在实施前确认,onboarding_task_id,employment_id → hr_employment.employment_id | completed_by_user_id → app_user.user_id | created_by_user_id → app_user.user_id,,,employment_id + task_code,,,,,
hr,人员、招聘、培训与工时,hr_employee_event,员工事件,记录转正、调动、停职、奖惩、离职等不可变人事事件。,雇佣关系 × 一次事件一行,HR 人事流程,BakeryOps | 授权财务 | 分析/BI,HR人工确认或批准流程,CORE_BUSINESS,CORE_MIGRATION,承接现有数据/契约或作为无损迁移必需治理底座,APPEND_ONLY_DECISION_RECORD,人工/系统决策只追加，原决定和差异永久可追溯,CORE_WORKFLOW_FACT,PASS_MINIMUM_PHYSICAL_FOUNDATION,NO,,KEEP_IN_PHASE1,R5_PHYSICAL_CANDIDATE_REAUDITED_IN_R6,CLAUDE_CORE_KEEP,记录转正、调动、停职、奖惩、离职等不可变人事事件。；人工决定、批准、状态转换或业务副作用本身就是事实，不能从最终结果倒推。,按劳动法规永久或长期保留,employee_event_id,employment_id → hr_employment.employment_id | from_location_id → ops_location.location_id | to_location_id → ops_location.location_id | recorded_by_user_id → app_user.user_id,,,,,,,,已批准的人事事件不可修改；错误通过新的纠正或冲销事件表达，禁止覆盖原事件。event_data 必须按 event_type + event_schema_version 的固定 schema 经受控写函数校验，未知键拒绝。
hr,人员、招聘、培训与工时,hr_screening_rule,招聘筛选规则,保存经人工批准、带证据和适用范围的招聘筛选规则。,一个规则版本一行,HR规则审核流程,BakeryOps | 分析/BI,历史员工结果分析和人工批准,CORE_BUSINESS,CORE_MIGRATION,承接现有数据/契约或作为无损迁移必需治理底座,DRAFT_MUTABLE_THEN_FROZEN,草稿可编辑；发布、发送或生效后冻结并新建版本,CORE_MASTER_IDENTITY,PASS_MINIMUM_PHYSICAL_FOUNDATION,NO,,KEEP_IN_PHASE1,R5_PHYSICAL_CANDIDATE_REAUDITED_IN_R6,CLAUDE_CORE_KEEP,保存经人工批准、带证据和适用范围的招聘筛选规则。；稳定身份、有效期映射、单位换算或已发布定义无法从交易结果可靠反推。,业务存续期内保留；归档规则在实施前确认,screening_rule_id,role_id → ops_role.role_id | approved_by_user_id → app_user.user_id | created_by_user_id → app_user.user_id,,,rule_code + version_no,,,,,DRAFT 写入函数必须按 rule_type + rule_schema_version 校验 rule_definition、拒绝未知键和受保护歧视字段；APPROVED 或 ACTIVE 后规则定义、证据与版本号冻结，新结论必须新建版本。
hr,人员、招聘、培训与工时,hr_training_course,培训课程,维护课程稳定身份，内容和考核规则放在版本表。,一个培训课程一行,HR培训管理,BakeryOps | 分析/BI,培训负责人配置,EXTENSION_PACK:TRAINING_AND_ONBOARDING,PLANNED_MODULE,目标结构已设计，但当前未确认生产写入者；模块获批时才实施,CONTROLLED_UPDATE,主数据允许受权限、审计和并发控制的更新,EXTENSION_PACK,NOT_PHASE1_EXTENSION_ONLY,NOT_APPLICABLE_UNTIL_MODULE_ENABLED,,DESIGN_ONLY_DO_NOT_CREATE,R5_PHYSICAL_CANDIDATE_REAUDITED_IN_R6,CLAUDE_EXTENSION_LATER,维护课程稳定身份，内容和考核规则放在版本表。；只有对应模块启用并出现真实写入者、业务副作用或处理历史时才物理实施，首期不建。,业务存续期内保留；归档规则在实施前确认,training_course_id,created_by_user_id → app_user.user_id,hr_training_course_version.training_course_id | ops_role_training_requirement.training_course_id,v_hr_role_eligibility,course_code,,,,,
hr,人员、招聘、培训与工时,hr_training_course_version,培训课程版本,冻结课程内容、及格线、有效期和考核规则版本。,课程 × 版本号一行,HR培训管理,BakeryOps | 分析/BI,培训负责人发布,EXTENSION_PACK:TRAINING_AND_ONBOARDING,PLANNED_MODULE,目标结构已设计，但当前未确认生产写入者；模块获批时才实施,DRAFT_MUTABLE_THEN_FROZEN,草稿可编辑；发布、发送或生效后冻结并新建版本,EXTENSION_PACK,NOT_PHASE1_EXTENSION_ONLY,NOT_APPLICABLE_UNTIL_MODULE_ENABLED,,DESIGN_ONLY_DO_NOT_CREATE,R5_PHYSICAL_CANDIDATE_REAUDITED_IN_R6,CLAUDE_EXTENSION_LATER,冻结课程内容、及格线、有效期和考核规则版本。；只有对应模块启用并出现真实写入者、业务副作用或处理历史时才物理实施，首期不建。,业务存续期内保留；归档规则在实施前确认,training_course_version_id,training_course_id → hr_training_course.training_course_id | created_by_user_id → app_user.user_id,hr_training_assignment.training_course_version_id,,training_course_id + version_no,,,"NO_OVERLAP(training_course_id, tstzrange(effective_from, effective_to, '[)')) WHERE status = 'PUBLISHED'",effective_to IS NULL OR effective_to > effective_from,DRAFT 可编辑；PUBLISHED 后课程内容哈希、及格线、资格有效期和生效起点冻结，更新必须新建版本。
hr,人员、招聘、培训与工时,hr_training_assignment,培训指派,记录员工被要求完成的具体课程版本、期限和原因。,雇佣关系 × 课程版本 × 一次指派一行,HR或门店培训负责人,BakeryOps | 分析/BI,岗位要求、入职任务或人工安排,EXTENSION_PACK:TRAINING_AND_ONBOARDING,PLANNED_MODULE,目标结构已设计，但当前未确认生产写入者；模块获批时才实施,CONTROLLED_WORKFLOW,只允许批准的状态机迁移并记录操作者和时间,EXTENSION_PACK,NOT_PHASE1_EXTENSION_ONLY,NOT_APPLICABLE_UNTIL_MODULE_ENABLED,,DESIGN_ONLY_DO_NOT_CREATE,R5_PHYSICAL_CANDIDATE_REAUDITED_IN_R6,CLAUDE_EXTENSION_LATER,记录员工被要求完成的具体课程版本、期限和原因。；只有对应模块启用并出现真实写入者、业务副作用或处理历史时才物理实施，首期不建。,业务存续期内保留；归档规则在实施前确认,training_assignment_id,employment_id → hr_employment.employment_id | training_course_version_id → hr_training_course_version.training_course_version_id | assigned_by_user_id → app_user.user_id,hr_training_result.training_assignment_id,v_hr_role_eligibility,,,,,,
hr,人员、招聘、培训与工时,hr_training_result,培训结果,保存一次课程学习或考试的分数、结果和资格有效期。,培训指派 × 一次尝试一行,培训系统或负责人,BakeryOps | 分析/BI,考试、实操或人工核验,EXTENSION_PACK:TRAINING_AND_ONBOARDING,PLANNED_MODULE,目标结构已设计，但当前未确认生产写入者；模块获批时才实施,APPEND_ONLY,写入后不可修改；更正追加新事实或冲销事件,EXTENSION_PACK,NOT_PHASE1_EXTENSION_ONLY,NOT_APPLICABLE_UNTIL_MODULE_ENABLED,,DESIGN_ONLY_DO_NOT_CREATE,R5_PHYSICAL_CANDIDATE_REAUDITED_IN_R6,CLAUDE_EXTENSION_LATER,保存一次课程学习或考试的分数、结果和资格有效期。；只有对应模块启用并出现真实写入者、业务副作用或处理历史时才物理实施，首期不建。,业务存续期内保留；归档规则在实施前确认,training_result_id,training_assignment_id → hr_training_assignment.training_assignment_id | verified_by_user_id → app_user.user_id,,v_hr_role_eligibility,training_assignment_id + attempt_no,,,,valid_to IS NULL OR valid_from IS NULL OR valid_to > valid_from,
ops,地点、产品、预测、计划、执行与班表,ops_role,标准岗位,维护排班、招聘和培训共同使用的标准岗位身份。,一个标准岗位一行,BakeryOps 运营主数据,BakeryOps | HR | 分析/BI,运营与HR共同批准,CORE_BUSINESS,CORE_MIGRATION,承接现有数据/契约或作为无损迁移必需治理底座,CONTROLLED_UPDATE,主数据允许受权限、审计和并发控制的更新,CORE_MASTER_IDENTITY,PASS_MINIMUM_PHYSICAL_FOUNDATION,NO,,KEEP_IN_PHASE1,R5_PHYSICAL_CANDIDATE_REAUDITED_IN_R6,CLAUDE_CORE_KEEP,维护排班、招聘和培训共同使用的标准岗位身份。；稳定身份、有效期映射、单位换算或已发布定义无法从交易结果可靠反推。,业务存续期内保留；归档规则在实施前确认,role_id,created_by_user_id → app_user.user_id,hr_job_requisition.role_id | hr_offer.role_id | hr_screening_rule.role_id | hr_timesheet_entry.role_id | ops_role_training_requirement.role_id | ops_shift_requirement.role_id | ops_workload_line.role_id,v_ops_shift_by_role,role_code,,,,,
ops,地点、产品、预测、计划、执行与班表,ops_station,标准工位,维护地点内可排班的工位或工作区域。,一个标准工位定义一行,BakeryOps 运营主数据,BakeryOps | 分析/BI,运营配置,EXTENSION_PACK:SHIFT_AND_WORKFORCE,PLANNED_MODULE,目标结构已设计，但当前未确认生产写入者；模块获批时才实施,CONTROLLED_UPDATE,主数据允许受权限、审计和并发控制的更新,EXTENSION_PACK,NOT_PHASE1_EXTENSION_ONLY,NOT_APPLICABLE_UNTIL_MODULE_ENABLED,,DESIGN_ONLY_DO_NOT_CREATE,R5_PHYSICAL_CANDIDATE_REAUDITED_IN_R6,CLAUDE_EXTENSION_LATER,维护地点内可排班的工位或工作区域。；只有对应模块启用并出现真实写入者、业务副作用或处理历史时才物理实施，首期不建。,业务存续期内保留；归档规则在实施前确认,station_id,default_location_id → ops_location.location_id | created_by_user_id → app_user.user_id,hr_timesheet_entry.station_id | ops_shift_requirement.station_id | ops_workload_line.station_id,,station_code,,,,,
ops,地点、产品、预测、计划、执行与班表,ops_role_training_requirement,岗位培训要求,定义岗位需要哪些课程、是否强制和有效期规则。,岗位 × 课程 × 生效区间一行,运营与HR共同维护,BakeryOps | HR | 分析/BI,岗位资格政策,EXTENSION_PACK:TRAINING_AND_ONBOARDING,PLANNED_MODULE,目标结构已设计，但当前未确认生产写入者；模块获批时才实施,CONTROLLED_UPDATE,主数据允许受权限、审计和并发控制的更新,EXTENSION_PACK,NOT_PHASE1_EXTENSION_ONLY,NOT_APPLICABLE_UNTIL_MODULE_ENABLED,,DESIGN_ONLY_DO_NOT_CREATE,R5_PHYSICAL_CANDIDATE_REAUDITED_IN_R6,CLAUDE_EXTENSION_LATER,定义岗位需要哪些课程、是否强制和有效期规则。；只有对应模块启用并出现真实写入者、业务副作用或处理历史时才物理实施，首期不建。,业务存续期内保留；归档规则在实施前确认,role_training_requirement_id,role_id → ops_role.role_id | training_course_id → hr_training_course.training_course_id | created_by_user_id → app_user.user_id,,v_hr_role_eligibility,role_id + training_course_id + valid_from,,,"NO_OVERLAP(role_id, training_course_id, daterange(valid_from, valid_to, '[)'))",valid_to IS NULL OR valid_to > valid_from,
ops,地点、产品、预测、计划、执行与班表,ops_shift_plan_version,班表版本,直接保留某地点某营业日班表每次草稿、资格校验、批准、发布或取消，不再另建空壳班表主单。,地点 × 营业日 × 版本号一行,BakeryOps；审批人改变状态,BakeryOps | HR | 财务网站 | 分析/BI,工作量运行或上一版本,EXTENSION_PACK:SHIFT_AND_WORKFORCE,PLANNED_MODULE,目标结构已设计，但当前未确认生产写入者；模块获批时才实施,DRAFT_MUTABLE_THEN_FROZEN,草稿可编辑；发布、发送或生效后冻结并新建版本,EXTENSION_PACK,NOT_PHASE1_EXTENSION_ONLY,NOT_APPLICABLE_UNTIL_MODULE_ENABLED,,DESIGN_ONLY_DO_NOT_CREATE; R6_MERGE_INTO: absorb ops_shift_plan; location + business date is the stable shift-plan identity,R5_PHYSICAL_CANDIDATE_REAUDITED_IN_R6,CLAUDE_EXTENSION_LATER; CODEX_FURTHER_MERGED_REDUNDANT_EXTENSION_SHELL,直接保留某地点某营业日班表每次草稿、资格校验、批准、发布或取消，不再另建空壳班表主单。；只有对应模块启用并出现真实写入者、业务副作用或处理历史时才物理实施，首期不建。,业务存续期内保留；归档规则在实施前确认,shift_plan_version_id,location_id → ops_location.location_id | source_job_run_id → app_job_run.job_run_id | workload_run_id → ops_workload_run.workload_run_id | based_on_version_id → ops_shift_plan_version.shift_plan_version_id | approved_by_user_id → app_user.user_id | created_by_user_id → app_user.user_id,ops_shift_plan_version.based_on_version_id | ops_shift_requirement.shift_plan_version_id,v_ops_shift_publish_readiness | v_business_timeline,location_id + business_date + version_no,,,,,R6 终审将 ops_shift_plan 合并到本表：location_id + business_date 就是跨版本自然身份，另存主单 UUID 与可变头状态没有新增事实。草稿和校验阶段可受控修改；PUBLISHED、REJECTED、CANCELLED 或 SUPERSEDED 后版本、需求和指派冻结，任何变更复制为新版本。
ops,地点、产品、预测、计划、执行与班表,ops_shift_requirement,班次岗位需求,明确每个时段需要的岗位、工位、人数和关键岗位属性。,班表版本 × 时段 × 岗位 × 工位一行,BakeryOps 排班流程,BakeryOps | HR | 分析/BI,工作量行加人工调整,EXTENSION_PACK:SHIFT_AND_WORKFORCE,PLANNED_MODULE,目标结构已设计，但当前未确认生产写入者；模块获批时才实施,APPEND_ONLY,写入后不可修改；更正追加新事实或冲销事件,EXTENSION_PACK,NOT_PHASE1_EXTENSION_ONLY,NOT_APPLICABLE_UNTIL_MODULE_ENABLED,,DESIGN_ONLY_DO_NOT_CREATE,R5_PHYSICAL_CANDIDATE_REAUDITED_IN_R6,CLAUDE_EXTENSION_LATER,明确每个时段需要的岗位、工位、人数和关键岗位属性。；只有对应模块启用并出现真实写入者、业务副作用或处理历史时才物理实施，首期不建。,业务存续期内保留；归档规则在实施前确认,shift_requirement_id,shift_plan_version_id → ops_shift_plan_version.shift_plan_version_id | workload_line_id → ops_workload_line.workload_line_id | role_id → ops_role.role_id | station_id → ops_station.station_id,ops_shift_assignment.shift_requirement_id,v_ops_shift_publish_readiness | v_ops_labor_productivity | v_ops_shift_by_role,shift_plan_version_id + shift_start + shift_end + role_id + station_id [NULLS NOT DISTINCT：空值也参与去重],shift_plan_version_id + shift_start + shift_end + role_id + station_id,,,shift_end > shift_start,
ops,地点、产品、预测、计划、执行与班表,ops_shift_assignment,班次员工指派,把合资格员工明确指派到班表时段、岗位和工位。,班次需求 × 雇佣关系 × 一段指派一行,BakeryOps 排班流程,BakeryOps | HR | 财务网站 | 分析/BI,人工排班或批准算法,EXTENSION_PACK:SHIFT_AND_WORKFORCE,PLANNED_MODULE,目标结构已设计，但当前未确认生产写入者；模块获批时才实施,CONTROLLED_UPDATE,主数据允许受权限、审计和并发控制的更新,EXTENSION_PACK,NOT_PHASE1_EXTENSION_ONLY,NOT_APPLICABLE_UNTIL_MODULE_ENABLED,,DESIGN_ONLY_DO_NOT_CREATE,R5_PHYSICAL_CANDIDATE_REAUDITED_IN_R6,CLAUDE_EXTENSION_LATER,把合资格员工明确指派到班表时段、岗位和工位。；只有对应模块启用并出现真实写入者、业务副作用或处理历史时才物理实施，首期不建。,业务存续期内保留；归档规则在实施前确认,shift_assignment_id,shift_requirement_id → ops_shift_requirement.shift_requirement_id | employment_id → hr_employment.employment_id | override_approved_by_user_id → app_user.user_id | created_by_user_id → app_user.user_id,hr_timesheet_entry.shift_assignment_id,v_ops_shift_publish_readiness | v_ops_labor_productivity | v_ops_shift_by_role,shift_requirement_id + employment_id + assigned_start + assigned_end,,,,assigned_end > assigned_start,同一班表版本内，一个 employment_id 的有效指派不得时间重叠；由于 shift_plan_version_id 可经 requirement 确定，为避免重复外键，本表不再复制该字段，实施时由延迟约束触发器跨 requirement 校验。已发布版本冻结，改班必须生成新版本。
hr,人员、招聘、培训与工时,hr_timesheet_sync_batch,工时同步批次,记录一次 Lark 或其他工时来源同步的窗口、解析版本和完整性。,来源 × 时间窗口 × 一次同步一行,BakeryOps 工时同步任务,BakeryOps | 财务网站 | 分析/BI,Lark工时或批准来源,SOURCE_CONDITIONAL,SOURCE_CONDITIONAL,只有外部来源身份、权限、粒度和重跑稳定性被验证后才实施,CONTROLLED_UPDATE_UNTIL_TERMINAL,运行或同步进入终态前可更新，终态后冻结并以新运行重算,SOURCE_CONDITIONAL,NOT_PHASE1_SOURCE_UNVERIFIED,UNKNOWN_UNTIL_SOURCE_VERIFIED,,DEFER_UNTIL_SOURCE_PROVEN,R5_PHYSICAL_CANDIDATE_REAUDITED_IN_R6,CLAUDE_DEFER_SOURCE,记录一次 Lark 或其他工时来源同步的窗口、解析版本和完整性。；外部来源身份、粒度、权限和重跑契约尚未验证，当前只保留目标契约，不建正式表。,业务存续期内保留；归档规则在实施前确认,timesheet_sync_batch_id,job_run_id → app_job_run.job_run_id | source_system_id → app_source_system.source_system_id,hr_timesheet_entry.timesheet_sync_batch_id,v_hr_timesheet_entry_current,source_system_id + source_batch_id [NULLS DISTINCT：仅非空值去重，允许多条空值] | idempotency_key,,source_system_id + source_batch_id,,window_end > window_start | source_batch_id IS NOT NULL OR payload_sha256 IS NOT NULL,与 POS 增量相同，完全相同的来源输入和 parser_version 必须命中同一 idempotency_key；来源内容变化或解析规则变化才创建新批次。终态后冻结，重跑不得新增重复 entry。
hr,人员、招聘、培训与工时,hr_timesheet_entry,实际工时事实,保存员工在地点、日期和工作区域的实际净工时原值与来源，不把班表当实际工时。,来源工时记录 × 雇佣关系 × 地点 × 工作时段一行,BakeryOps 工时同步任务,BakeryOps | 财务网站 | 分析/BI,Lark工时或批准人工更正,SOURCE_CONDITIONAL,SOURCE_CONDITIONAL,只有外部来源身份、权限、粒度和重跑稳定性被验证后才实施,APPEND_ONLY,写入后不可修改；更正追加新事实或冲销事件,SOURCE_CONDITIONAL,NOT_PHASE1_SOURCE_UNVERIFIED,UNKNOWN_UNTIL_SOURCE_VERIFIED,,DEFER_UNTIL_SOURCE_PROVEN,R5_PHYSICAL_CANDIDATE_REAUDITED_IN_R6,CLAUDE_DEFER_SOURCE,保存员工在地点、日期和工作区域的实际净工时原值与来源，不把班表当实际工时。；外部来源身份、粒度、权限和重跑契约尚未验证，当前只保留目标契约，不建正式表。,按劳动法规保留；普通分析只读取去标识字段,timesheet_entry_id,timesheet_sync_batch_id → hr_timesheet_sync_batch.timesheet_sync_batch_id | employment_id → hr_employment.employment_id | location_id → ops_location.location_id | shift_assignment_id → ops_shift_assignment.shift_assignment_id [DEFERRED:EXTENSION_PACK:SHIFT_AND_WORKFORCE] | role_id → ops_role.role_id | station_id → ops_station.station_id [DEFERRED:EXTENSION_PACK:SHIFT_AND_WORKFORCE],,v_hr_timesheet_entry_current,timesheet_sync_batch_id + source_entry_id,,,,clock_out_at IS NULL OR clock_in_at IS NULL OR clock_out_at >= clock_in_at,"同一幂等批次内 (timesheet_sync_batch_id, source_entry_id) 唯一；完全相同输入重跑会复用批次，因此总行数不增长。来源同一 entry 后续被更正时，新 payload_sha256 产生新批次，由只读 current 视图按来源系统、source_entry_id 和获准批次选版。"
scm,原料、库存、补货、采购与收货,scm_material_unit_conversion,物料单位换算,版本化维护某种原料或包材在采购包装、配方用量和库存基础单位之间的可审核换算。,原料 × 起始单位 × 目标单位 × 生效区间一行,供应链主数据审核,BakeryOps | 财务网站 | 分析/BI,供应商规格、称量验证或批准的成本卡迁移,CORE_BUSINESS,CORE_MIGRATION,承接现有数据/契约或作为无损迁移必需治理底座,DRAFT_MUTABLE_THEN_FROZEN,草稿可编辑；发布、发送或生效后冻结并新建版本,CORE_MASTER_IDENTITY,PASS_MINIMUM_PHYSICAL_FOUNDATION,NO,,KEEP_IN_PHASE1,R5_PHYSICAL_CANDIDATE_REAUDITED_IN_R6,CLAUDE_CORE_KEEP,版本化维护某种原料或包材在采购包装、配方用量和库存基础单位之间的可审核换算。；稳定身份、有效期映射、单位换算或已发布定义无法从交易结果可靠反推。,永久保留；新规格创建新生效区间，不覆盖旧系数,material_unit_conversion_id,material_id → scm_material.material_id | from_unit_id → app_unit.unit_id | to_unit_id → app_unit.unit_id | source_system_id → app_source_system.source_system_id | verified_by_user_id → app_user.user_id | created_by_user_id → app_user.user_id,cost_card_recipe_component.material_unit_conversion_id | scm_inventory_count_line.material_unit_conversion_id | scm_purchase_order_line.material_unit_conversion_id | scm_supplier_item.material_unit_conversion_id | scm_supplier_price_observation.material_unit_conversion_id,v_scm_supplier_item_current_mapping | v_scm_supplier_price_current | v_cost_card_recipe_expanded,material_id + from_unit_id + to_unit_id + valid_from,,,"NO_OVERLAP(material_id, from_unit_id, to_unit_id, tstzrange(valid_from, valid_to, '[)')) WHERE status = 'VERIFIED'",from_unit_id <> to_unit_id | valid_to IS NULL OR valid_to > valid_from | status <> 'VERIFIED' OR verified_at IS NOT NULL,kg↔g 等全局线性换算由 app_unit 管理；CASE、BAG 等与具体物料规格相关的换算必须在本表核验。PENDING 可补证据；VERIFIED、REJECTED 或 RETIRED 后冻结，包装变化新增生效区间。
scm,原料、库存、补货、采购与收货,scm_supplier,供应商主数据,维护供应商稳定身份、采购币种、付款条件和状态。,一个法律或经营供应商一行,供应链主数据流程,BakeryOps | 财务网站 | 分析/BI,采购合同和人工审核,CORE_BUSINESS,CORE_MIGRATION,承接现有数据/契约或作为无损迁移必需治理底座,CONTROLLED_UPDATE,主数据允许受权限、审计和并发控制的更新,CORE_MASTER_IDENTITY,PASS_MINIMUM_PHYSICAL_FOUNDATION,NO,,KEEP_IN_PHASE1,R5_PHYSICAL_CANDIDATE_REAUDITED_IN_R6,CLAUDE_CORE_KEEP,维护供应商稳定身份、采购币种、付款条件和状态。；稳定身份、有效期映射、单位换算或已发布定义无法从交易结果可靠反推。,永久保留；停用不删除,supplier_id,created_by_user_id → app_user.user_id,finance_order_logistics_line.supplier_id | finance_supplier_purchase_monthly.supplier_id | scm_purchase_order_revision.supplier_id | scm_supplier_item.supplier_id,v_scm_supplier_item_current_mapping | v_scm_supplier_price_current,supplier_code,,,,,
scm,原料、库存、补货、采购与收货,scm_supplier_item,供应商商品,以版本行维护供应商 SKU、对应统一物料、包装换算、MOQ和商业条件；规格变化新增版本，不再拆一张一对一映射表。,供应商 × 外部SKU × 生效版本一行,供应链主数据流程,BakeryOps | 财务网站 | 分析/BI,供应商目录和人工审核,CORE_BUSINESS,CORE_MIGRATION,承接现有数据/契约或作为无损迁移必需治理底座,DRAFT_MUTABLE_THEN_FROZEN,草稿可编辑；发布、发送或生效后冻结并新建版本,CORE_MASTER_IDENTITY,PASS_MINIMUM_PHYSICAL_FOUNDATION,PARTIAL_FIELDS_DERIVED_IN_VIEW,base_unit_quantity -> material unit conversion,R6_MERGE_INTO: each row is an effective-dated supplier SKU/material/package version; no separate mapping table,R5_PHYSICAL_CANDIDATE_REAUDITED_IN_R6,CLAUDE_KEEP_PLUS_MERGED_R5_OBJECT,以版本行维护供应商 SKU、对应统一物料、包装换算、MOQ和商业条件；规格变化新增版本，不再拆一张一对一映射表。；稳定身份、有效期映射、单位换算或已发布定义无法从交易结果可靠反推。,永久保留；映射或包装变化新增生效区间，不覆盖旧映射,supplier_item_id,supplier_id → scm_supplier.supplier_id | supersedes_supplier_item_id → scm_supplier_item.supplier_item_id | order_unit_id → app_unit.unit_id | material_id → scm_material.material_id | material_unit_conversion_id → scm_material_unit_conversion.material_unit_conversion_id | confirmed_by_user_id → app_user.user_id | created_by_user_id → app_user.user_id,scm_purchase_order_line.supplier_item_id | scm_replenishment_line.supplier_item_id | scm_supplier_item.supersedes_supplier_item_id | scm_supplier_item_mapping_review.supplier_item_id | scm_supplier_price_observation.supplier_item_id,v_scm_replenishment_trace | v_scm_supplier_item_current_mapping | v_scm_supplier_price_current,supplier_id + supplier_sku + valid_from,,,"NO_OVERLAP(supplier_id, supplier_sku, tstzrange(valid_from, valid_to, '[)')) WHERE mapping_status = 'CONFIRMED'",valid_to IS NULL OR valid_to > valid_from | mapping_status <> 'CONFIRMED' OR (material_id IS NOT NULL AND confirmed_at IS NOT NULL),R6 将目录与其一对一物料/包装版本合并；同一 supplier_sku 规格变化时新增 supplier_item_id 并通过 supersedes 连接，禁止覆盖旧版本。每订购单位基础量不重复保存：order_unit_id 等于物料基础单位时派生为 1，否则由 material_unit_conversion_id 指向的已冻结系数计算。受控确认函数必须验证单位方向与 material_id 一致。
scm,原料、库存、补货、采购与收货,scm_supplier_item_mapping_review,供应商商品映射审核,处理供应商 SKU 无法唯一映射到 material_id 的候选和证据。,一个供应商SKU的一次待审核问题一行,供应链主数据审核,BakeryOps | 财务网站,目录匹配质量检查,EXTENSION_PACK:PROCUREMENT_AND_INVENTORY,PLANNED_MODULE,目标结构已设计，但当前未确认生产写入者；模块获批时才实施,CONTROLLED_WORKFLOW,只允许批准的状态机迁移并记录操作者和时间,EXTENSION_PACK,NOT_PHASE1_EXTENSION_ONLY,NOT_APPLICABLE_UNTIL_MODULE_ENABLED,,DESIGN_ONLY_DO_NOT_CREATE,R5_PHYSICAL_CANDIDATE_REAUDITED_IN_R6,CLAUDE_EXTENSION_LATER,处理供应商 SKU 无法唯一映射到 material_id 的候选和证据。；只有对应模块启用并出现真实写入者、业务副作用或处理历史时才物理实施，首期不建。,永久保留审核结论,supplier_item_mapping_review_id,supplier_item_id → scm_supplier_item.supplier_item_id | candidate_material_id → scm_material.material_id | reviewed_by_user_id → app_user.user_id | created_by_user_id → app_user.user_id,,,,,,,,OPEN 阶段允许补充候选证据；APPROVED、REJECTED 或 DEFERRED 后冻结结论。批准动作创建新的有效 scm_supplier_item 版本，不覆盖旧版本。
scm,原料、库存、补货、采购与收货,scm_inventory_count,库存盘点单,记录某地点某时点的一次完整或抽样盘点及批准状态。,地点 × 盘点时点 × 一次盘点一行,仓库或门店库存流程,BakeryOps | 财务网站 | 分析/BI,人工盘点、WMS或导入,EXTENSION_PACK:PROCUREMENT_AND_INVENTORY,PLANNED_MODULE,目标结构已设计，但当前未确认生产写入者；模块获批时才实施,CONTROLLED_UPDATE,主数据允许受权限、审计和并发控制的更新,EXTENSION_PACK,NOT_PHASE1_EXTENSION_ONLY,NOT_APPLICABLE_UNTIL_MODULE_ENABLED,,DESIGN_ONLY_DO_NOT_CREATE,R5_PHYSICAL_CANDIDATE_REAUDITED_IN_R6,CLAUDE_EXTENSION_LATER,记录某地点某时点的一次完整或抽样盘点及批准状态。；只有对应模块启用并出现真实写入者、业务副作用或处理历史时才物理实施，首期不建。,业务存续期内保留；归档规则在实施前确认,inventory_count_id,location_id → ops_location.location_id | source_system_id → app_source_system.source_system_id | approved_by_user_id → app_user.user_id | created_by_user_id → app_user.user_id,scm_inventory_count_line.inventory_count_id | scm_inventory_movement.inventory_count_id,v_scm_inventory_balance,count_code,,,,,
scm,原料、库存、补货、采购与收货,scm_inventory_count_line,库存盘点行,保存盘点时每种原料的实盘数量、批次和效期。,盘点单 × 原料 × 可选批号一行,仓库或门店库存流程,BakeryOps | 财务网站 | 分析/BI,盘点记录,EXTENSION_PACK:PROCUREMENT_AND_INVENTORY,PLANNED_MODULE,目标结构已设计，但当前未确认生产写入者；模块获批时才实施,APPEND_ONLY,写入后不可修改；更正追加新事实或冲销事件,EXTENSION_PACK,NOT_PHASE1_EXTENSION_ONLY,NOT_APPLICABLE_UNTIL_MODULE_ENABLED,,DESIGN_ONLY_DO_NOT_CREATE,R5_PHYSICAL_CANDIDATE_REAUDITED_IN_R6,CLAUDE_EXTENSION_LATER,保存盘点时每种原料的实盘数量、批次和效期。；只有对应模块启用并出现真实写入者、业务副作用或处理历史时才物理实施，首期不建。,业务存续期内保留；归档规则在实施前确认,inventory_count_line_id,inventory_count_id → scm_inventory_count.inventory_count_id | material_id → scm_material.material_id | raw_unit_id → app_unit.unit_id | material_unit_conversion_id → scm_material_unit_conversion.material_unit_conversion_id,,v_scm_inventory_balance,inventory_count_id + material_id + lot_code [NULLS NOT DISTINCT：空值也参与去重],inventory_count_id + material_id + lot_code,,,,raw_quantity/raw_unit 保留来源原值，counted_quantity 是按当次批准换算与舍入规则形成、随后用于库存调整的正式基础单位数量；它属于获批盘点结果而非随当前换算表变化的缓存。conversion_factor_snapshot 让两者可核对。
scm,原料、库存、补货、采购与收货,scm_inventory_movement,库存移动单,记录收货、领用、生产消耗、调整、报废或地点转移的一次库存事件。,一个业务库存事件一行,供应链库存服务,BakeryOps | 财务网站 | 分析/BI,PO收货、生产、盘点调整或人工批准,EXTENSION_PACK:PROCUREMENT_AND_INVENTORY,PLANNED_MODULE,目标结构已设计，但当前未确认生产写入者；模块获批时才实施,DRAFT_MUTABLE_THEN_FROZEN,草稿可编辑；发布、发送或生效后冻结并新建版本,EXTENSION_PACK,NOT_PHASE1_EXTENSION_ONLY,NOT_APPLICABLE_UNTIL_MODULE_ENABLED,,DESIGN_ONLY_DO_NOT_CREATE,R5_PHYSICAL_CANDIDATE_REAUDITED_IN_R6,CLAUDE_EXTENSION_LATER,记录收货、领用、生产消耗、调整、报废或地点转移的一次库存事件。；只有对应模块启用并出现真实写入者、业务副作用或处理历史时才物理实施，首期不建。,永久保留；已过账事件不更新数量，错误用冲销事件,inventory_movement_id,from_location_id → ops_location.location_id | to_location_id → ops_location.location_id | goods_receipt_id → scm_goods_receipt.goods_receipt_id | production_run_id → ops_production_run.production_run_id [DEFERRED:EXTENSION_PACK:PROCUREMENT_AND_INVENTORY+PRODUCTION_EXECUTION] | inventory_count_id → scm_inventory_count.inventory_count_id | reverses_movement_id → scm_inventory_movement.inventory_movement_id | created_by_user_id → app_user.user_id,scm_inventory_movement.reverses_movement_id | scm_inventory_movement_line.inventory_movement_id,v_scm_inventory_balance,,,,,"from_location_id IS NOT NULL OR to_location_id IS NOT NULL | from_location_id IS NULL OR to_location_id IS NULL OR from_location_id <> to_location_id | num_nonnulls(goods_receipt_id, production_run_id, inventory_count_id) <= 1 | movement_type <> 'RECEIPT' OR goods_receipt_id IS NOT NULL | movement_type <> 'PRODUCTION_CONSUMPTION' OR production_run_id IS NOT NULL | num_nonnulls(goods_receipt_id, production_run_id, inventory_count_id, manual_reason_code) >= 1",删除 source_object_type/source_object_id 多态文本。DRAFT 可编辑；POSTED、REVERSED 或 REJECTED 后单头和行冻结。成品配送不直接作为物料库存来源，除非未来业务确认同一库存账确实管理成品。
scm,原料、库存、补货、采购与收货,scm_inventory_movement_line,库存移动行,保存库存事件中每种原料、批号和数量。,库存移动单 × 原料 × 可选批号一行,供应链库存服务,BakeryOps | 财务网站 | 分析/BI,对应业务来源行,EXTENSION_PACK:PROCUREMENT_AND_INVENTORY,PLANNED_MODULE,目标结构已设计，但当前未确认生产写入者；模块获批时才实施,APPEND_ONLY,写入后不可修改；更正追加新事实或冲销事件,EXTENSION_PACK,NOT_PHASE1_EXTENSION_ONLY,NOT_APPLICABLE_UNTIL_MODULE_ENABLED,,DESIGN_ONLY_DO_NOT_CREATE,R5_PHYSICAL_CANDIDATE_REAUDITED_IN_R6,CLAUDE_EXTENSION_LATER,保存库存事件中每种原料、批号和数量。；只有对应模块启用并出现真实写入者、业务副作用或处理历史时才物理实施，首期不建。,业务存续期内保留；归档规则在实施前确认,inventory_movement_line_id,inventory_movement_id → scm_inventory_movement.inventory_movement_id | material_id → scm_material.material_id,,v_scm_inventory_balance,inventory_movement_id + material_id + lot_code [NULLS NOT DISTINCT：空值也参与去重],inventory_movement_id + material_id + lot_code,,,,
scm,原料、库存、补货、采购与收货,scm_material_requirement_run,原料需求计算运行,把已发布生产计划按生效配方展开成原料需求，并冻结输入版本。,地点 × 计划营业日 × 一次需求计算一行,BakeryOps供应链任务,BakeryOps | 财务网站 | 分析/BI,已发布预估单和配方版本,EXTENSION_PACK:PROCUREMENT_AND_INVENTORY,PLANNED_MODULE,目标结构已设计，但当前未确认生产写入者；模块获批时才实施,CONTROLLED_UPDATE_UNTIL_TERMINAL,运行或同步进入终态前可更新，终态后冻结并以新运行重算,EXTENSION_PACK,NOT_PHASE1_EXTENSION_ONLY,NOT_APPLICABLE_UNTIL_MODULE_ENABLED,,DESIGN_ONLY_DO_NOT_CREATE,R5_PHYSICAL_CANDIDATE_REAUDITED_IN_R6,CLAUDE_EXTENSION_LATER,把已发布生产计划按生效配方展开成原料需求，并冻结输入版本。；只有对应模块启用并出现真实写入者、业务副作用或处理历史时才物理实施，首期不建。,业务存续期内保留；归档规则在实施前确认,material_requirement_run_id,job_run_id → app_job_run.job_run_id | location_id → ops_location.location_id | production_plan_version_id → ops_production_plan_version.production_plan_version_id,scm_material_requirement_component.material_requirement_run_id | scm_replenishment_run.material_requirement_run_id,v_scm_material_requirement_line | v_scm_material_requirement_trace,,,,,,RUNNING 阶段只允许任务服务更新状态和运行元数据；进入 SUCCEEDED、PARTIAL、FAILED 或 REJECTED 后整次运行冻结，重算必须新增 run。
scm,原料、库存、补货、采购与收货,scm_material_requirement_component,原料需求组成血缘,逐项保留需求运行中每个计划产品行展开出的一个原料贡献或一个明确质量阻断；原料总需求只从这些最细行汇总。,需求运行 × 计划产品行 × 展开序号一行,BakeryOps供应链任务,BakeryOps | 财务网站 | 分析/BI,配方展开明细或质量阻断,EXTENSION_PACK:PROCUREMENT_AND_INVENTORY,PLANNED_MODULE,目标结构已设计，但当前未确认生产写入者；模块获批时才实施,APPEND_ONLY,写入后不可修改；更正追加新事实或冲销事件,EXTENSION_PACK,NOT_PHASE1_EXTENSION_ONLY,NOT_APPLICABLE_UNTIL_MODULE_ENABLED,planned product quantity -> immutable ops_production_plan_line | material total/base unit/quality summary -> v_scm_material_requirement_line,DESIGN_ONLY_DO_NOT_CREATE,R5_PHYSICAL_CANDIDATE_REAUDITED_IN_R6,CLAUDE_EXTENSION_LATER,逐项保留需求运行中每个计划产品行展开出的一个原料贡献或一个明确质量阻断；原料总需求只从这些最细行汇总。；只有对应模块启用并出现真实写入者、业务副作用或处理历史时才物理实施，首期不建。,业务存续期内保留；归档规则在实施前确认,material_requirement_component_id,material_requirement_run_id → scm_material_requirement_run.material_requirement_run_id | production_plan_line_id → ops_production_plan_line.production_plan_line_id | material_id → scm_material.material_id | recipe_component_id → cost_card_recipe_component.recipe_component_id,,v_scm_material_requirement_line | v_scm_material_requirement_trace,material_requirement_run_id + production_plan_line_id + component_index,,,,quality_status <> 'COMPLETE' OR (material_id IS NOT NULL AND recipe_component_id IS NOT NULL AND material_quantity IS NOT NULL),scm_material_requirement_line 不再物理保存：gross_required_quantity、base_unit_id、quality_status 和组成行数都由本表与 material 主档派生。planned_product_quantity 也不复制，本行经 production_plan_line_id 读取已冻结计划量；只保存算法实际输出的 material_quantity、采用组件和阻断证据。
scm,原料、库存、补货、采购与收货,scm_replenishment_run,补货建议运行,把原料需求、可用库存、在途、安全量、MOQ和提前期转换为建议订货。,地点 × 需求日期 × 一次补货计算一行,BakeryOps供应链任务,BakeryOps | 财务网站 | 分析/BI,原料需求、库存、PO和供应商条件,EXTENSION_PACK:PROCUREMENT_AND_INVENTORY,PLANNED_MODULE,目标结构已设计，但当前未确认生产写入者；模块获批时才实施,CONTROLLED_UPDATE_UNTIL_TERMINAL,运行或同步进入终态前可更新，终态后冻结并以新运行重算,EXTENSION_PACK,NOT_PHASE1_EXTENSION_ONLY,NOT_APPLICABLE_UNTIL_MODULE_ENABLED,,DESIGN_ONLY_DO_NOT_CREATE,R5_PHYSICAL_CANDIDATE_REAUDITED_IN_R6,CLAUDE_EXTENSION_LATER,把原料需求、可用库存、在途、安全量、MOQ和提前期转换为建议订货。；只有对应模块启用并出现真实写入者、业务副作用或处理历史时才物理实施，首期不建。,业务存续期内保留；归档规则在实施前确认,replenishment_run_id,job_run_id → app_job_run.job_run_id | location_id → ops_location.location_id | material_requirement_run_id → scm_material_requirement_run.material_requirement_run_id,scm_replenishment_line.replenishment_run_id,v_scm_material_requirement_reconciliation | v_scm_replenishment_trace,,,,,,RUNNING 阶段只允许任务服务更新；任何终态后冻结输入清单和结果，算法或输入变化必须新增 replenishment_run。
scm,原料、库存、补货、采购与收货,scm_replenishment_line,补货建议行,保存原料建议量、批准量、库存构成、MOQ取整和调整原因。,补货运行 × 原料 × 供应商商品版本候选一行,BakeryOps计算；采购人员批准,BakeryOps | 财务网站 | 分析/BI,补货计算和人工审批,EXTENSION_PACK:PROCUREMENT_AND_INVENTORY,PLANNED_MODULE,目标结构已设计，但当前未确认生产写入者；模块获批时才实施,CONTROLLED_WORKFLOW,只允许批准的状态机迁移并记录操作者和时间,EXTENSION_PACK,NOT_PHASE1_EXTENSION_ONLY,NOT_APPLICABLE_UNTIL_MODULE_ENABLED,approved minus suggested delta -> v_scm_replenishment_trace,DESIGN_ONLY_DO_NOT_CREATE,R5_PHYSICAL_CANDIDATE_REAUDITED_IN_R6,CLAUDE_EXTENSION_LATER,保存原料建议量、批准量、库存构成、MOQ取整和调整原因。；只有对应模块启用并出现真实写入者、业务副作用或处理历史时才物理实施，首期不建。,业务存续期内保留；归档规则在实施前确认,replenishment_line_id,replenishment_run_id → scm_replenishment_run.replenishment_run_id | material_id → scm_material.material_id | supplier_item_id → scm_supplier_item.supplier_item_id | approved_by_user_id → app_user.user_id | created_by_user_id → app_user.user_id,scm_purchase_order_line.replenishment_line_id,v_scm_material_requirement_reconciliation | v_scm_replenishment_trace,replenishment_run_id + material_id + supplier_item_id [NULLS NOT DISTINCT：空值也参与去重],replenishment_run_id + material_id + supplier_item_id,,,"status NOT IN ('APPROVED','ORDERED') OR (approved_quantity IS NOT NULL AND approved_by_user_id IS NOT NULL AND approved_at IS NOT NULL) | approved_quantity IS NULL OR approved_quantity = suggested_quantity OR adjustment_reason_code IS NOT NULL",需求、库存、在途、安全量和 suggested_quantity 是该算法运行的冻结输入/输出，不是当前库存镜像；人工只填写批准量、原因和审批信息。delta_quantity 由 v_scm_replenishment_trace 计算。进入 ORDERED 后冻结。
scm,原料、库存、补货、采购与收货,scm_purchase_order_revision,采购订单版本,直接保留某采购单号每次草稿、审批、发送、供应商确认或取消，不再另建空壳采购主单。,采购单号 × 版本号一行,采购流程；审批人改变状态,BakeryOps | 财务网站 | 分析/BI,补货批准或上一版本,EXTENSION_PACK:PROCUREMENT_AND_INVENTORY,PLANNED_MODULE,目标结构已设计，但当前未确认生产写入者；模块获批时才实施,DRAFT_MUTABLE_THEN_FROZEN,草稿可编辑；发布、发送或生效后冻结并新建版本,EXTENSION_PACK,NOT_PHASE1_EXTENSION_ONLY,NOT_APPLICABLE_UNTIL_MODULE_ENABLED,header/line reconciliation -> v_scm_purchase_order_reconciliation,DESIGN_ONLY_DO_NOT_CREATE; R6_MERGE_INTO: absorb scm_purchase_order; purchase_order_code groups immutable supplier-confirmed revisions,R5_PHYSICAL_CANDIDATE_REAUDITED_IN_R6,CLAUDE_EXTENSION_LATER; CODEX_FURTHER_MERGED_REDUNDANT_EXTENSION_SHELL,直接保留某采购单号每次草稿、审批、发送、供应商确认或取消，不再另建空壳采购主单。；只有对应模块启用并出现真实写入者、业务副作用或处理历史时才物理实施，首期不建。,业务存续期内保留；归档规则在实施前确认,purchase_order_revision_id,supplier_id → scm_supplier.supplier_id | deliver_to_location_id → ops_location.location_id | based_on_revision_id → scm_purchase_order_revision.purchase_order_revision_id | approved_by_user_id → app_user.user_id | created_by_user_id → app_user.user_id,scm_goods_receipt.purchase_order_revision_id | scm_purchase_order_line.purchase_order_revision_id | scm_purchase_order_revision.based_on_revision_id,v_scm_replenishment_trace | v_scm_purchase_order_reconciliation | v_business_timeline,purchase_order_code + revision_no,,,,abs(total_amount - subtotal_amount - tax_amount) <= 0.01,R6 终审将 scm_purchase_order 合并到本表：没有业务事实应只引用抽象采购主单，收货必须指向供应商确认的具体版本。DRAFT 可编辑；提交审批后仅允许受控状态迁移。SENT、CONFIRMED、REJECTED、CANCELLED 或 SUPERSEDED 后本版本及其行冻结。已发送前的内容调整新增 revision_no；一旦任一版本已发送，变更供应商、交付地点或币种必须使用新 purchase_order_code，不能冒充原单修订。
scm,原料、库存、补货、采购与收货,scm_purchase_order_line,采购订单行,保存采购版本中已确认的供应商商品版本、订购包装数量、单位价格和来源补货行。,采购版本 × 供应商商品版本一行,采购流程,BakeryOps | 财务网站 | 分析/BI,批准补货或人工添加,EXTENSION_PACK:PROCUREMENT_AND_INVENTORY,PLANNED_MODULE,目标结构已设计，但当前未确认生产写入者；模块获批时才实施,APPEND_ONLY,写入后不可修改；更正追加新事实或冲销事件,EXTENSION_PACK,NOT_PHASE1_EXTENSION_ONLY,NOT_APPLICABLE_UNTIL_MODULE_ENABLED,base unit quantity -> order quantity × unit conversion | line currency -> referenced purchase-order revision,DESIGN_ONLY_DO_NOT_CREATE,R5_PHYSICAL_CANDIDATE_REAUDITED_IN_R6,CLAUDE_EXTENSION_LATER,保存采购版本中已确认的供应商商品版本、订购包装数量、单位价格和来源补货行。；只有对应模块启用并出现真实写入者、业务副作用或处理历史时才物理实施，首期不建。,业务存续期内保留；归档规则在实施前确认,purchase_order_line_id,purchase_order_revision_id → scm_purchase_order_revision.purchase_order_revision_id | supplier_item_id → scm_supplier_item.supplier_item_id | replenishment_line_id → scm_replenishment_line.replenishment_line_id | order_unit_id → app_unit.unit_id | material_unit_conversion_id → scm_material_unit_conversion.material_unit_conversion_id,scm_goods_receipt_line.purchase_order_line_id | scm_supplier_price_observation.purchase_order_line_id,v_scm_replenishment_trace | v_scm_purchase_order_reconciliation | v_finance_purchase_reconciliation,purchase_order_revision_id + supplier_item_id,,,,,基础单位总数量不重复保存；由 order_quantity 与 material_unit_conversion_id 的冻结系数确定性派生。币种直接读取采购版本，不在行上复制。line_amount 仍保留，因为它是经批准并发送给供应商的舍入后单据行金额快照，必须由采购核对视图持续验证。
scm,原料、库存、补货、采购与收货,scm_goods_receipt,采购收货单,记录针对供应商确认采购版本的一次实际到货、验收和入库。,采购版本 × 一次收货一行,仓库或门店收货流程,BakeryOps | 财务网站 | 分析/BI,现场验收或WMS,EXTENSION_PACK:PROCUREMENT_AND_INVENTORY,PLANNED_MODULE,目标结构已设计，但当前未确认生产写入者；模块获批时才实施,CONTROLLED_UPDATE,主数据允许受权限、审计和并发控制的更新,EXTENSION_PACK,NOT_PHASE1_EXTENSION_ONLY,NOT_APPLICABLE_UNTIL_MODULE_ENABLED,,DESIGN_ONLY_DO_NOT_CREATE,R5_PHYSICAL_CANDIDATE_REAUDITED_IN_R6,CLAUDE_EXTENSION_LATER,记录针对供应商确认采购版本的一次实际到货、验收和入库。；只有对应模块启用并出现真实写入者、业务副作用或处理历史时才物理实施，首期不建。,业务存续期内保留；归档规则在实施前确认,goods_receipt_id,purchase_order_revision_id → scm_purchase_order_revision.purchase_order_revision_id | location_id → ops_location.location_id | received_by_employment_id → hr_employment.employment_id | created_by_user_id → app_user.user_id,scm_goods_receipt_line.goods_receipt_id | scm_inventory_movement.goods_receipt_id,v_finance_purchase_reconciliation | v_business_timeline,receipt_code,,,,,收货头直接引用具体 purchase_order_revision_id；实施迁移必须创建可延迟约束触发器，逐行确认 goods_receipt_line.purchase_order_line_id 所属版本等于本头 purchase_order_revision_id，禁止把不同采购版本混在一张收货单。为保持最小粒度，不在收货行重复保存 purchase_order_revision_id。
scm,原料、库存、补货、采购与收货,scm_goods_receipt_line,采购收货行,保存每个采购行的实收、拒收、批号、效期和实际价格。,收货单 × 采购行 × 可选批号一行,仓库或门店收货流程,BakeryOps | 财务网站 | 分析/BI,现场验收,EXTENSION_PACK:PROCUREMENT_AND_INVENTORY,PLANNED_MODULE,目标结构已设计，但当前未确认生产写入者；模块获批时才实施,APPEND_ONLY,写入后不可修改；更正追加新事实或冲销事件,EXTENSION_PACK,NOT_PHASE1_EXTENSION_ONLY,NOT_APPLICABLE_UNTIL_MODULE_ENABLED,,DESIGN_ONLY_DO_NOT_CREATE,R5_PHYSICAL_CANDIDATE_REAUDITED_IN_R6,CLAUDE_EXTENSION_LATER,保存每个采购行的实收、拒收、批号、效期和实际价格。；只有对应模块启用并出现真实写入者、业务副作用或处理历史时才物理实施，首期不建。,业务存续期内保留；归档规则在实施前确认,goods_receipt_line_id,goods_receipt_id → scm_goods_receipt.goods_receipt_id | purchase_order_line_id → scm_purchase_order_line.purchase_order_line_id | material_id → scm_material.material_id,scm_supplier_price_observation.goods_receipt_line_id,v_scm_replenishment_trace | v_finance_purchase_reconciliation,goods_receipt_id + purchase_order_line_id + lot_code [NULLS NOT DISTINCT：空值也参与去重],goods_receipt_id + purchase_order_line_id + lot_code,,,,
scm,原料、库存、补货、采购与收货,scm_supplier_price_observation,供应商市场价观察,沉淀报价、PO或收货形成的原始和归一化采购价，供成本卡选择生效价格。,供应商商品 × 观察时间 × 来源记录一行,采购或收货流程,BakeryOps | 财务网站 | 分析/BI,供应商报价、PO或实际收货,CORE_BUSINESS,CORE_MIGRATION,承接现有数据/契约或作为无损迁移必需治理底座,CONTROLLED_UPDATE_UNTIL_TERMINAL,运行或同步进入终态前可更新，终态后冻结并以新运行重算,CORE_BASE_FACT,PASS_MINIMUM_PHYSICAL_FOUNDATION,PARTIAL_FIELDS_DERIVED_IN_VIEW,normalized_price_myr -> raw price × FX rate ÷ unit conversion,KEEP_IN_PHASE1,R5_PHYSICAL_CANDIDATE_REAUDITED_IN_R6,CLAUDE_CORE_KEEP,沉淀报价、PO或收货形成的原始和归一化采购价，供成本卡选择生效价格。；这是来源原值或最小业务事件，是多种派生分析的不可替代输入。,业务存续期内保留；归档规则在实施前确认,supplier_price_observation_id,supplier_item_id → scm_supplier_item.supplier_item_id | source_system_id → app_source_system.source_system_id | goods_receipt_line_id → scm_goods_receipt_line.goods_receipt_line_id [DEFERRED:EXTENSION_PACK:PROCUREMENT_AND_INVENTORY] | purchase_order_line_id → scm_purchase_order_line.purchase_order_line_id [DEFERRED:EXTENSION_PACK:PROCUREMENT_AND_INVENTORY] | raw_price_unit_id → app_unit.unit_id | material_unit_conversion_id → scm_material_unit_conversion.material_unit_conversion_id | verified_by_user_id → app_user.user_id,cost_card_material_price.supplier_price_observation_id,v_scm_supplier_price_current,source_system_id + source_record_id [NULLS DISTINCT：仅非空值去重，允许多条空值] | goods_receipt_line_id + observation_type [NULLS DISTINCT：仅非空值去重，允许多条空值] | purchase_order_line_id + observation_type [NULLS DISTINCT：仅非空值去重，允许多条空值],,source_system_id + source_record_id | goods_receipt_line_id + observation_type | purchase_order_line_id + observation_type,,"num_nonnulls(goods_receipt_line_id, purchase_order_line_id, source_record_id) >= 1 | currency = 'MYR' OR fx_rate_to_myr IS NOT NULL | quality_status <> 'VERIFIED' OR verified_at IS NOT NULL","normalized_price_myr 不作为独立事实保存；视图按 raw_unit_price × COALESCE(fx_rate_to_myr,1) ÷ 已核验单位换算系数确定性计算。supplier_item_id 已指向有效期版本；只有该版本 material_id、包装换算、单位和证据齐全时才允许 VERIFIED，该跨表门禁由受控写入函数执行。原始价格和来源键一经写入不得修改；正式价格更正追加新 observation。"
cost,配方、采购价、成本快照与毛利,cost_card_recipe_version,配方版本,一行冻结一个配方代码版本的名称、产出对象、批产量、生效区间、售价参考和发布状态；不再为只有版本表引用的配方另建主档。,配方代码 × 版本号一行,财务成本卡网站,财务网站 | BakeryOps | 分析/BI,成本卡编辑和发布,CORE_BUSINESS,CORE_MIGRATION,承接现有数据/契约或作为无损迁移必需治理底座,DRAFT_MUTABLE_THEN_FROZEN,草稿可编辑；发布、发送或生效后冻结并新建版本,CORE_MASTER_IDENTITY,PASS_MINIMUM_PHYSICAL_FOUNDATION,NO,,R6_MERGE_INTO: absorb cost_card_recipe; recipe_code groups immutable versions,R5_PHYSICAL_CANDIDATE_REAUDITED_IN_R6,CLAUDE_CORE_KEEP; CODEX_FURTHER_MERGED_REDUNDANT_CORE_SHELL,一行冻结一个配方代码版本的名称、产出对象、批产量、生效区间、售价参考和发布状态；不再为只有版本表引用的配方另建主档。；稳定身份、有效期映射、单位换算或已发布定义无法从交易结果可靠反推。,业务存续期内保留；归档规则在实施前确认,recipe_version_id,output_product_id → ops_product.product_id | output_material_id → scm_material.material_id | yield_unit_id → app_unit.unit_id | approved_by_user_id → app_user.user_id | created_by_user_id → app_user.user_id,cost_card_recipe_component.recipe_version_id,v_scm_material_requirement_trace | v_cost_card_recipe_current | v_cost_card_product_cost_component | v_cost_card_recipe_expanded,recipe_code + version_no,,,"NO_OVERLAP(recipe_code, tstzrange(effective_from, effective_to, '[)')) WHERE status = 'PUBLISHED'",(output_product_id IS NOT NULL) <> (output_material_id IS NOT NULL) | effective_to IS NULL OR effective_to > effective_from | effective_from IS NOT NULL OR (status = 'DRAFT' AND effective_to IS NULL),R6 终审将 cost_card_recipe 合并到本表：没有任何业务事实只引用配方主档，所有生产、需求和成本都必须引用具体 recipe_version_id；recipe_code 已足够跨版本分组。历史迁移中唯一尚未生效的 DRAFT 可以保留 effective_from=NULL；非 DRAFT 不允许缺失生效时间。DRAFT 可编辑，PUBLISHED、ARCHIVED 或 REJECTED 后冻结，修改只新增 version_no。
cost,配方、采购价、成本快照与毛利,cost_card_recipe_component,配方原料组件,逐项保存配方版本的统一原料用量、损耗和净得率。,配方版本 × 原料 × 序号一行,财务成本卡网站,财务网站 | BakeryOps | 分析/BI,成本卡配方输入,CORE_BUSINESS,CORE_MIGRATION,承接现有数据/契约或作为无损迁移必需治理底座,APPEND_ONLY,写入后不可修改；更正追加新事实或冲销事件,CORE_MASTER_IDENTITY,PASS_MINIMUM_PHYSICAL_FOUNDATION,PARTIAL_FIELDS_DERIVED_IN_VIEW,base_unit_quantity -> input quantity × unit conversion,KEEP_IN_PHASE1,R5_PHYSICAL_CANDIDATE_REAUDITED_IN_R6,CLAUDE_CORE_KEEP,逐项保存配方版本的统一原料用量、损耗和净得率。；稳定身份、有效期映射、单位换算或已发布定义无法从交易结果可靠反推。,业务存续期内保留；归档规则在实施前确认,recipe_component_id,recipe_version_id → cost_card_recipe_version.recipe_version_id | material_id → scm_material.material_id | input_unit_id → app_unit.unit_id | material_unit_conversion_id → scm_material_unit_conversion.material_unit_conversion_id,scm_material_requirement_component.recipe_component_id,v_scm_material_requirement_trace | v_cost_card_recipe_expanded,recipe_version_id + sequence_no,,,,(condition_rule IS NULL) = (condition_schema_version IS NULL) | is_optional = (condition_rule IS NOT NULL),base_unit_quantity 不重复保存；input_unit_id 等于物料基础单位时等于 input_quantity，否则由 material_unit_conversion_id 的冻结系数确定性派生。net_yield_rate 表示清洗/去皮后的可用比例，loss_rate 表示后续生产过程额外损耗，两者不是 1-x 的同一字段；可选组件必须按 condition_schema_version 经受控函数校验 condition_rule 并拒绝未知键；物料需求和成本视图按版本化公式顺序应用。
cost,配方、采购价、成本快照与毛利,cost_card_material_price,成本采用价,从供应商价格观察或人工批准值中选择某地点、原料的有效成本价格。,地点或全局 × 原料 × 生效区间一行,财务成本卡网站,财务网站 | BakeryOps | 分析/BI,收货价、PO价、报价或人工批准,CORE_BUSINESS,CORE_MIGRATION,承接现有数据/契约或作为无损迁移必需治理底座,DRAFT_MUTABLE_THEN_FROZEN,草稿可编辑；发布、发送或生效后冻结并新建版本,CORE_MASTER_IDENTITY,PASS_MINIMUM_PHYSICAL_FOUNDATION,NO,,KEEP_IN_PHASE1,R5_PHYSICAL_CANDIDATE_REAUDITED_IN_R6,CLAUDE_CORE_KEEP,从供应商价格观察或人工批准值中选择某地点、原料的有效成本价格。；稳定身份、有效期映射、单位换算或已发布定义无法从交易结果可靠反推。,业务存续期内保留；归档规则在实施前确认,material_price_id,material_id → scm_material.material_id | location_id → ops_location.location_id | supplier_price_observation_id → scm_supplier_price_observation.supplier_price_observation_id | approved_by_user_id → app_user.user_id | created_by_user_id → app_user.user_id,,v_cost_card_product_cost_component | v_cost_card_material_price_current,material_id + location_id + effective_from [NULLS NOT DISTINCT：空值也参与去重],material_id + location_id + effective_from,,"NO_OVERLAP(material_id, COALESCE(location_id, NIL_UUID), tstzrange(effective_from, effective_to, '[)')) WHERE quality_status IN ('VERIFIED','ESTIMATED','STALE')",effective_to IS NULL OR effective_to > effective_from,DRAFT 可补充证据；一旦质量状态进入可用或终态即冻结。迁移首日允许将现有 cost_card_item_price 作为 MIGRATED_MANUAL 启动价，但必须保留旧 price_id、原单位、换算和核验状态于 evidence；实际收货价出现后生成新生效区间，不原地改写历史。
finance,财务来源事实与核对,finance_import_batch,财务导入批次,记录财务模板、银行文件或人工数据每次导入的文件、期间、校验值和批准状态。,来源文件或数据集 × 一次导入一行,财务网站,财务网站 | 分析/BI,批准的财务模板或文件,CORE_BUSINESS,CORE_MIGRATION,承接现有数据/契约或作为无损迁移必需治理底座,CONTROLLED_UPDATE_UNTIL_TERMINAL,运行或同步进入终态前可更新，终态后冻结并以新运行重算,CORE_BASE_FACT,PASS_MINIMUM_PHYSICAL_FOUNDATION,NO,,KEEP_IN_PHASE1,R5_PHYSICAL_CANDIDATE_REAUDITED_IN_R6,CLAUDE_CORE_KEEP,记录财务模板、银行文件或人工数据每次导入的文件、期间、校验值和批准状态。；这是来源原值或最小业务事件，是多种派生分析的不可替代输入。,业务存续期内保留；归档规则在实施前确认,finance_import_batch_id,source_system_id → app_source_system.source_system_id | job_run_id → app_job_run.job_run_id | scope_location_id → ops_location.location_id | supersedes_finance_import_batch_id → finance_import_batch.finance_import_batch_id | approved_by_user_id → app_user.user_id | created_by_user_id → app_user.user_id,finance_cashflow_line.finance_import_batch_id | finance_import_batch.supersedes_finance_import_batch_id | finance_inventory_flow_line.finance_import_batch_id | finance_inventory_snapshot_line.finance_import_batch_id | finance_item_sales_monthly.finance_import_batch_id | finance_monthly_cost_line.finance_import_batch_id | finance_monthly_metric.finance_import_batch_id | finance_order_logistics_line.finance_import_batch_id | finance_sales_daily.finance_import_batch_id | finance_supplier_purchase_monthly.finance_import_batch_id,v_business_timeline | v_finance_import_batch_current,dataset_code + file_sha256 [NULLS DISTINCT：仅非空值去重，允许多条空值],,dataset_code + file_sha256,,period_end >= period_start | supersedes_finance_import_batch_id IS NULL OR supersedes_finance_import_batch_id <> finance_import_batch_id,status 表示导入技术流程，recognition_status 表示财务可用层级。治理视图同一数据集/地点/期间只选一个获准批次；被 supersedes 的批次仍保留但不得重复汇总。
finance,财务来源事实与核对,finance_sales_daily,财务日销售事实,保存财务模板口径的门店日销售，保持与 POS 事实独立用于核对。,财务批次 × 地点 × 日期一行,财务网站,财务网站 | 分析/BI,财务销售模板,CORE_BUSINESS,CORE_MIGRATION,承接现有数据/契约或作为无损迁移必需治理底座,APPEND_ONLY,写入后不可修改；更正追加新事实或冲销事件,CORE_BASE_FACT,PASS_MINIMUM_PHYSICAL_FOUNDATION,NO,,KEEP_IN_PHASE1,R5_PHYSICAL_CANDIDATE_REAUDITED_IN_R6,CLAUDE_CORE_KEEP,保存财务模板口径的门店日销售，保持与 POS 事实独立用于核对。；这是来源原值或最小业务事件，是多种派生分析的不可替代输入。,业务存续期内保留；归档规则在实施前确认,finance_sales_daily_id,finance_import_batch_id → finance_import_batch.finance_import_batch_id | location_id → ops_location.location_id,,v_finance_sales_reconciliation | v_finance_margin_reconciliation,finance_import_batch_id + location_id + business_date,,,,,财务日销售是与 POS 独立的来源观察。gross_sales、discount_amount、net_sales、order_count 未提供时保持 NULL；只有来源明确报告零值才写 0。折扣率和平均客单价从本表分子分母派生，不重复存储。
finance,财务来源事实与核对,finance_item_sales_monthly,财务单品月销售,保存财务模板中月度单品数量和金额，作为 POS 聚合的独立核对来源。,财务批次 × 地点 × 月份 × 来源商品一行,财务网站,财务网站 | 分析/BI,财务单品销售模板,CORE_BUSINESS,CORE_MIGRATION,承接现有数据/契约或作为无损迁移必需治理底座,APPEND_ONLY,写入后不可修改；更正追加新事实或冲销事件,CORE_BASE_FACT,PASS_MINIMUM_PHYSICAL_FOUNDATION,NO,,KEEP_IN_PHASE1,R5_PHYSICAL_CANDIDATE_REAUDITED_IN_R6,CLAUDE_CORE_KEEP,保存财务模板中月度单品数量和金额，作为 POS 聚合的独立核对来源。；这是来源原值或最小业务事件，是多种派生分析的不可替代输入。,业务存续期内保留；归档规则在实施前确认,finance_item_sales_monthly_id,finance_import_batch_id → finance_import_batch.finance_import_batch_id | location_id → ops_location.location_id | product_id → ops_product.product_id,,,finance_import_batch_id + location_id + business_month + source_item_name,,,,EXTRACT(DAY FROM business_month) = 1,
finance,财务来源事实与核对,finance_monthly_cost_line,财务月成本费用行,用统一粒度保存材料、人工、仓运和期间费用，同时保留类别和组织来源。,财务批次 × 地点 × 月份 × 成本域 × 类别 × 子类 × 组织或来源一行,财务网站,财务网站 | 分析/BI,利润表、费用表和人工成本模板,CORE_BUSINESS,CORE_MIGRATION,承接现有数据/契约或作为无损迁移必需治理底座,APPEND_ONLY,写入后不可修改；更正追加新事实或冲销事件,CORE_BASE_FACT,PASS_MINIMUM_PHYSICAL_FOUNDATION,NO,,KEEP_IN_PHASE1,R5_PHYSICAL_CANDIDATE_REAUDITED_IN_R6,CLAUDE_CORE_KEEP,用统一粒度保存材料、人工、仓运和期间费用，同时保留类别和组织来源。；这是来源原值或最小业务事件，是多种派生分析的不可替代输入。,业务存续期内保留；归档规则在实施前确认,finance_monthly_cost_line_id,finance_import_batch_id → finance_import_batch.finance_import_batch_id | location_id → ops_location.location_id,,v_finance_labor_reconciliation,finance_import_batch_id + source_row_ref,,,,EXTRACT(DAY FROM business_month) = 1,
finance,财务来源事实与核对,finance_cashflow_line,财务现金流行,保存门店月度现金流项目和金额，不与收入或利润混用。,财务批次 × 地点 × 月份 × 现金流项目一行,财务网站,财务网站 | 分析/BI,现金流模板,CORE_BUSINESS,CORE_MIGRATION,承接现有数据/契约或作为无损迁移必需治理底座,APPEND_ONLY,写入后不可修改；更正追加新事实或冲销事件,CORE_BASE_FACT,PASS_MINIMUM_PHYSICAL_FOUNDATION,NO,,KEEP_IN_PHASE1,R5_PHYSICAL_CANDIDATE_REAUDITED_IN_R6,CLAUDE_CORE_KEEP,保存门店月度现金流项目和金额，不与收入或利润混用。；这是来源原值或最小业务事件，是多种派生分析的不可替代输入。,业务存续期内保留；归档规则在实施前确认,finance_cashflow_line_id,finance_import_batch_id → finance_import_batch.finance_import_batch_id | location_id → ops_location.location_id,,,finance_import_batch_id + location_id + business_month + cashflow_code,,,,EXTRACT(DAY FROM business_month) = 1,
finance,财务来源事实与核对,finance_order_logistics_line,财务物流订货行,保留财务模板中包含订货、付款、发货、到港、交付和入库日期的历史物流行。,财务批次 × 来源订货单 × 来源商品行一行,财务网站,财务网站 | 供应链 | 分析/BI,财务库存/物流模板,CORE_BUSINESS,CORE_MIGRATION,承接现有数据/契约或作为无损迁移必需治理底座,APPEND_ONLY,写入后不可修改；更正追加新事实或冲销事件,CORE_BASE_FACT,PASS_MINIMUM_PHYSICAL_FOUNDATION,NO,,KEEP_IN_PHASE1,R5_PHYSICAL_CANDIDATE_REAUDITED_IN_R6,CLAUDE_CORE_KEEP,保留财务模板中包含订货、付款、发货、到港、交付和入库日期的历史物流行。；这是来源原值或最小业务事件，是多种派生分析的不可替代输入。,业务存续期内保留；归档规则在实施前确认,finance_order_logistics_line_id,finance_import_batch_id → finance_import_batch.finance_import_batch_id | location_id → ops_location.location_id | supplier_id → scm_supplier.supplier_id | material_id → scm_material.material_id,,v_finance_purchase_reconciliation,finance_import_batch_id + source_row_ref,,,,,
finance,财务来源事实与核对,finance_inventory_snapshot_line,财务月库存快照行,保存财务模板月末现存、在途、用量、规格和采购类型。,财务批次 × 地点 × 月份 × 来源物料一行,财务网站,财务网站 | 供应链 | 分析/BI,财务库存模板,CORE_BUSINESS,CORE_MIGRATION,承接现有数据/契约或作为无损迁移必需治理底座,APPEND_ONLY,写入后不可修改；更正追加新事实或冲销事件,CORE_BASE_FACT,PASS_MINIMUM_PHYSICAL_FOUNDATION,NO,,KEEP_IN_PHASE1,R5_PHYSICAL_CANDIDATE_REAUDITED_IN_R6,CLAUDE_CORE_KEEP,保存财务模板月末现存、在途、用量、规格和采购类型。；这是来源原值或最小业务事件，是多种派生分析的不可替代输入。,业务存续期内保留；归档规则在实施前确认,finance_inventory_snapshot_line_id,finance_import_batch_id → finance_import_batch.finance_import_batch_id | location_id → ops_location.location_id | material_id → scm_material.material_id,,,finance_import_batch_id + source_row_ref,,,,EXTRACT(DAY FROM business_month) = 1,
finance,财务来源事实与核对,finance_inventory_flow_line,财务月进销存行,保存财务模板按仓别的期初、入库、领用和期末数量。,财务批次 × 地点 × 月份 × 仓别 × 来源物料一行,财务网站,财务网站 | 供应链 | 分析/BI,财务进销存模板,CORE_BUSINESS,CORE_MIGRATION,承接现有数据/契约或作为无损迁移必需治理底座,APPEND_ONLY,写入后不可修改；更正追加新事实或冲销事件,CORE_BASE_FACT,PASS_MINIMUM_PHYSICAL_FOUNDATION,NO,,KEEP_IN_PHASE1,R5_PHYSICAL_CANDIDATE_REAUDITED_IN_R6,CLAUDE_CORE_KEEP,保存财务模板按仓别的期初、入库、领用和期末数量。；这是来源原值或最小业务事件，是多种派生分析的不可替代输入。,业务存续期内保留；归档规则在实施前确认,finance_inventory_flow_line_id,finance_import_batch_id → finance_import_batch.finance_import_batch_id | location_id → ops_location.location_id | material_id → scm_material.material_id,,,finance_import_batch_id + source_row_ref,,,,EXTRACT(DAY FROM business_month) = 1,
finance,财务来源事实与核对,finance_supplier_purchase_monthly,财务供应商月采购,保存财务模板按月、供应商、物料和规格聚合的采购数量、单价和金额。,财务批次 × 地点 × 月份 × 来源供应商 × 来源物料 × 规格一行,财务网站,财务网站 | 供应链 | 分析/BI,财务供应价格与进销存模板,CORE_BUSINESS,CORE_MIGRATION,承接现有数据/契约或作为无损迁移必需治理底座,APPEND_ONLY,写入后不可修改；更正追加新事实或冲销事件,CORE_BASE_FACT,PASS_MINIMUM_PHYSICAL_FOUNDATION,NO,,KEEP_IN_PHASE1,R5_PHYSICAL_CANDIDATE_REAUDITED_IN_R6,CLAUDE_CORE_KEEP,保存财务模板按月、供应商、物料和规格聚合的采购数量、单价和金额。；这是来源原值或最小业务事件，是多种派生分析的不可替代输入。,业务存续期内保留；归档规则在实施前确认,finance_supplier_purchase_monthly_id,finance_import_batch_id → finance_import_batch.finance_import_batch_id | location_id → ops_location.location_id | supplier_id → scm_supplier.supplier_id | material_id → scm_material.material_id,,v_finance_purchase_reconciliation,finance_import_batch_id + source_row_ref,,,,EXTRACT(DAY FROM business_month) = 1,
finance,财务来源事实与核对,finance_target,财务经营目标,保存地点、月份和指标的目标值及版本。,地点 × 月份 × 指标代码 × 版本一行,财务网站,财务网站 | BakeryOps | 分析/BI,管理层批准目标,CORE_BUSINESS,CORE_MIGRATION,承接现有数据/契约或作为无损迁移必需治理底座,DRAFT_MUTABLE_THEN_FROZEN,草稿可编辑；发布、发送或生效后冻结并新建版本,CORE_MASTER_IDENTITY,PASS_MINIMUM_PHYSICAL_FOUNDATION,NO,,KEEP_IN_PHASE1,R5_PHYSICAL_CANDIDATE_REAUDITED_IN_R6,CLAUDE_CORE_KEEP,保存地点、月份和指标的目标值及版本。；稳定身份、有效期映射、单位换算或已发布定义无法从交易结果可靠反推。,业务存续期内保留；归档规则在实施前确认,finance_target_id,location_id → ops_location.location_id | approved_by_user_id → app_user.user_id | created_by_user_id → app_user.user_id,,v_finance_target_current,location_id + business_month + metric_code + version_no [NULLS NOT DISTINCT：空值也参与去重],location_id + business_month + metric_code + version_no,,,EXTRACT(DAY FROM business_month) = 1,DRAFT 可编辑；APPROVED、ACTIVE 或 SUPERSEDED 后本版本冻结。正式读取通过 v_finance_target_current 确定唯一当前版本，调整目标新增 version_no。
finance,财务来源事实与核对,finance_monthly_metric,财务月度指标值,保存财务模板提供的营业利润、净利润、摊销费、储值净额等标准月指标。,财务批次 × 地点 × 月份 × 指标代码一行,财务网站,财务网站 | 分析/BI,财务利润表模板,CORE_BUSINESS,CORE_MIGRATION,承接现有数据/契约或作为无损迁移必需治理底座,APPEND_ONLY,写入后不可修改；更正追加新事实或冲销事件,CORE_BASE_FACT,PASS_MINIMUM_PHYSICAL_FOUNDATION,NO,,KEEP_IN_PHASE1,R5_PHYSICAL_CANDIDATE_REAUDITED_IN_R6,CLAUDE_CORE_KEEP,保存财务模板提供的营业利润、净利润、摊销费、储值净额等标准月指标。；这是来源原值或最小业务事件，是多种派生分析的不可替代输入。,业务存续期内保留；归档规则在实施前确认,finance_monthly_metric_id,finance_import_batch_id → finance_import_batch.finance_import_batch_id | location_id → ops_location.location_id,,v_finance_margin_reconciliation,finance_import_batch_id + location_id + business_month + metric_code,,,,EXTRACT(DAY FROM business_month) = 1,这里只保存财务模板或已批准管理报表明确给出的来源指标，不把可由本库销售、成本行或工时确定性计算的 KPI 再复制进来。即使同名指标可由运营事实估算，两侧仍作为独立来源用于核对，禁止相加或互相覆盖。
finance,财务来源事实与核对,finance_period_category_map,期间费用归类规则,版本化维护财务来源类别到销售、管理、财务、研发等期间费用口径的映射。,来源大类 × 来源子类 × 生效区间一行,财务网站,财务网站 | 分析/BI,财务人员批准,CORE_BUSINESS,CORE_MIGRATION,承接现有数据/契约或作为无损迁移必需治理底座,DRAFT_MUTABLE_THEN_FROZEN,草稿可编辑；发布、发送或生效后冻结并新建版本,CORE_MASTER_IDENTITY,PASS_MINIMUM_PHYSICAL_FOUNDATION,NO,,KEEP_IN_PHASE1,R5_PHYSICAL_CANDIDATE_REAUDITED_IN_R6,CLAUDE_CORE_KEEP,版本化维护财务来源类别到销售、管理、财务、研发等期间费用口径的映射。；稳定身份、有效期映射、单位换算或已发布定义无法从交易结果可靠反推。,业务存续期内保留；归档规则在实施前确认,period_category_map_id,approved_by_user_id → app_user.user_id | created_by_user_id → app_user.user_id,,,source_major + source_sub + valid_from [NULLS NOT DISTINCT：空值也参与去重],source_major + source_sub + valid_from,,"NO_OVERLAP(source_major, COALESCE(source_sub, WILDCARD), daterange(valid_from, valid_to, '[)')) WHERE status = 'ACTIVE'",valid_to IS NULL OR valid_to > valid_from | source_sub IS NULL OR source_sub <> '__HOTCRUSH_ALL__',DRAFT 可编辑；ACTIVE 或 RETIRED 后冻结。归类变化新增生效区间，不能回写改变已出具期间的历史口径。
mkt,营销、HBTI问卷与奖励,mkt_campaign_version,营销活动版本,一行冻结一个活动代码版本的名称、类型、时间窗、适用地点、参与规则、问卷算法和奖励政策；不再为只有版本表引用的活动另建主档。,活动代码 × 版本号一行,营销/HBTI后台,HBTI | 财务网站 | BakeryOps | 分析/BI,营销配置和批准,CORE_BUSINESS,CORE_MIGRATION,承接现有数据/契约或作为无损迁移必需治理底座,DRAFT_MUTABLE_THEN_FROZEN,草稿可编辑；发布、发送或生效后冻结并新建版本,CORE_MASTER_IDENTITY,PASS_MINIMUM_PHYSICAL_FOUNDATION,NO,,R6_MERGE_INTO: absorb mkt_campaign; campaign_code groups immutable versions,R5_PHYSICAL_CANDIDATE_REAUDITED_IN_R6,CLAUDE_CORE_KEEP; CODEX_FURTHER_MERGED_REDUNDANT_CORE_SHELL,一行冻结一个活动代码版本的名称、类型、时间窗、适用地点、参与规则、问卷算法和奖励政策；不再为只有版本表引用的活动另建主档。；稳定身份、有效期映射、单位换算或已发布定义无法从交易结果可靠反推。,永久保留活动版本、参与、作答、结果和奖励连接,campaign_version_id,location_id → ops_location.location_id | approved_by_user_id → app_user.user_id | created_by_user_id → app_user.user_id,mkt_campaign_member.campaign_version_id | mkt_reward_stock.campaign_version_id | mkt_survey_question.campaign_version_id,v_mkt_campaign_performance,campaign_code + version_no,,,"NO_OVERLAP(campaign_code, tstzrange(starts_at, ends_at, '[)')) WHERE status = 'PUBLISHED'",ends_at IS NULL OR ends_at > starts_at | starts_at IS NOT NULL OR (status = 'ARCHIVED' AND ends_at IS NULL),R6 终审将 mkt_campaign 合并到本表：没有任何业务事实只引用活动主档，所有参与、问卷与奖励都必须引用具体 campaign_version_id；campaign_code 已足够跨版本分组。只有历史迁移且无法证明开始时点的 ARCHIVED 版本允许 starts_at=NULL 且 ends_at=NULL，活跃或可参与版本必须有开始时点。DRAFT 写入函数必须按 campaign_type + rule_schema_version 校验三类规则并拒绝未知键；DRAFT 以外规则冻结，任何规则变化都新增 version_no。
mkt,营销、HBTI问卷与奖励,mkt_campaign_member,活动会员参与,记录会员在某活动版本中的资格、邀请、开始、完成和取消历史，不再把活动状态覆盖在 pos_member 当前快照上。,活动版本 × 会员一行,营销/HBTI后台,HBTI | 财务网站 | 分析/BI,资格评估、邀请链接和会员操作,CORE_BUSINESS,CORE_MIGRATION,承接现有数据/契约或作为无损迁移必需治理底座,CONTROLLED_WORKFLOW,只允许批准的状态机迁移并记录操作者和时间,CORE_WORKFLOW_FACT,PASS_MINIMUM_PHYSICAL_FOUNDATION,NO,,KEEP_IN_PHASE1,R5_PHYSICAL_CANDIDATE_REAUDITED_IN_R6,CLAUDE_CORE_KEEP,记录会员在某活动版本中的资格、邀请、开始、完成和取消历史，不再把活动状态覆盖在 pos_member 当前快照上。；人工决定、批准、状态转换或业务副作用本身就是事实，不能从最终结果倒推。,业务存续期内保留；归档规则在实施前确认,campaign_member_id,campaign_version_id → mkt_campaign_version.campaign_version_id | member_id → pos_member.member_id,app_one_time_token.campaign_member_id | mkt_reward_claim.campaign_member_id | mkt_survey_response.campaign_member_id | msg_outbound_message.campaign_member_id,v_mkt_campaign_performance | v_business_timeline,campaign_version_id + member_id,,,,,本表保存参与流程的当前状态，因此允许受控状态更新；每次作答和测评结果分别在 response/result 表追加，不覆盖历史结果。
mkt,营销、HBTI问卷与奖励,mkt_survey_question,问卷题目,版本化保存活动问卷题目、类型、顺序和必答规则。,活动版本 × 题目代码一行,营销/HBTI后台,HBTI | 分析/BI,活动问卷配置,CORE_BUSINESS,CORE_MIGRATION,承接现有数据/契约或作为无损迁移必需治理底座,DRAFT_MUTABLE_THEN_FROZEN,草稿可编辑；发布、发送或生效后冻结并新建版本,CORE_MASTER_IDENTITY,PASS_MINIMUM_PHYSICAL_FOUNDATION,NO,,KEEP_IN_PHASE1,R5_PHYSICAL_CANDIDATE_REAUDITED_IN_R6,CLAUDE_CORE_KEEP,版本化保存活动问卷题目、类型、顺序和必答规则。；稳定身份、有效期映射、单位换算或已发布定义无法从交易结果可靠反推。,业务存续期内保留；归档规则在实施前确认,survey_question_id,campaign_version_id → mkt_campaign_version.campaign_version_id | created_by_user_id → app_user.user_id,mkt_survey_answer.survey_question_id | mkt_survey_question_option.survey_question_id,,campaign_version_id + question_code | campaign_version_id + sequence_no,,,,,所属 campaign_version 处于 DRAFT 时可编辑；受控写入函数按 question_type + validation_schema_version 校验 validation_rule 并拒绝未知键；发布后题目冻结，任何改文案、类型、顺序或校验规则都必须创建新的活动版本。
mkt,营销、HBTI问卷与奖励,mkt_survey_question_option,问卷选项,保存选择题选项代码、文本、顺序和可选分析标签。,题目 × 选项代码一行,营销/HBTI后台,HBTI | 分析/BI,活动问卷配置,CORE_BUSINESS,CORE_MIGRATION,承接现有数据/契约或作为无损迁移必需治理底座,DRAFT_MUTABLE_THEN_FROZEN,草稿可编辑；发布、发送或生效后冻结并新建版本,CORE_MASTER_IDENTITY,PASS_MINIMUM_PHYSICAL_FOUNDATION,NO,,KEEP_IN_PHASE1,R5_PHYSICAL_CANDIDATE_REAUDITED_IN_R6,CLAUDE_CORE_KEEP,保存选择题选项代码、文本、顺序和可选分析标签。；稳定身份、有效期映射、单位换算或已发布定义无法从交易结果可靠反推。,业务存续期内保留；归档规则在实施前确认,survey_question_option_id,survey_question_id → mkt_survey_question.survey_question_id | created_by_user_id → app_user.user_id,mkt_survey_answer.selected_option_id,,survey_question_id + option_code | survey_question_id + sequence_no,,,,,所属 campaign_version 处于 DRAFT 时可编辑；发布后选项冻结，避免历史答案连接到被改写的选项。
mkt,营销、HBTI问卷与奖励,mkt_survey_response,问卷作答,保存会员对某活动版本的一次完整、部分或仅有历史结果锚点的问卷尝试。,活动会员 × 尝试次数一行,HBTI应用,HBTI | 分析/BI,会员提交,CORE_BUSINESS,CORE_MIGRATION,承接现有数据/契约或作为无损迁移必需治理底座,CONTROLLED_UPDATE_UNTIL_TERMINAL,运行或同步进入终态前可更新，终态后冻结并以新运行重算,CORE_BASE_FACT,PASS_MINIMUM_PHYSICAL_FOUNDATION,NO,,KEEP_IN_PHASE1,R5_PHYSICAL_CANDIDATE_REAUDITED_IN_R6,CLAUDE_CORE_KEEP,保存会员对某活动版本的一次完整、部分或仅有历史结果锚点的问卷尝试。；这是来源原值或最小业务事件，是多种派生分析的不可替代输入。,业务存续期内保留；归档规则在实施前确认,survey_response_id,campaign_member_id → mkt_campaign_member.campaign_member_id | source_system_id → app_source_system.source_system_id,mkt_survey_answer.survey_response_id | mkt_survey_result.survey_response_id,v_mkt_campaign_performance,campaign_member_id + attempt_no [NULLS NOT DISTINCT：空值也参与去重] | source_system_id + source_response_id,campaign_member_id + attempt_no,,,"started_at IS NOT NULL OR (submitted_at IS NOT NULL AND status IN ('SUBMITTED','VALIDATED','REJECTED'))",新作答必须记录真实 started_at、真实来源作答ID和正数 attempt_no。历史迁移若只有已提交或已计算结果，可保留 started_at=NULL、attempt_no=NULL，并使用登记 legacy source_system + migration-only:typed-JCS UUIDv5 锚点；迁移清单必须保存公式、哈希和非来源观察标志。result-only 响应固定 SUBMITTED、validation_result=SOURCE_ANSWERS_UNAVAILABLE；它不等于证明完整问卷答案存在。
mkt,营销、HBTI问卷与奖励,mkt_survey_answer,问卷题目答案,逐个原子值保存选项、评分、布尔或文本答案；多选题每个被选选项各占一行，不把多个外键塞进数组。,作答 × 题目 × 原子答案值一行,HBTI应用,HBTI | 分析/BI,会员提交,CORE_BUSINESS,CORE_MIGRATION,承接现有数据/契约或作为无损迁移必需治理底座,APPEND_ONLY,写入后不可修改；更正追加新事实或冲销事件,CORE_BASE_FACT,PASS_MINIMUM_PHYSICAL_FOUNDATION,NO,,KEEP_IN_PHASE1,R5_PHYSICAL_CANDIDATE_REAUDITED_IN_R6,CLAUDE_CORE_KEEP,逐个原子值保存选项、评分、布尔或文本答案；多选题每个被选选项各占一行，不把多个外键塞进数组。；这是来源原值或最小业务事件，是多种派生分析的不可替代输入。,业务存续期内保留；归档规则在实施前确认,survey_answer_id,survey_response_id → mkt_survey_response.survey_response_id | survey_question_id → mkt_survey_question.survey_question_id | selected_option_id → mkt_survey_question_option.survey_question_option_id,,,survey_response_id + survey_question_id + value_index,,,,"num_nonnulls(selected_option_id, rating_value, boolean_value, text_value) = 1",多选题按 value_index 写多行；单选、评分、布尔和文本题只能写 value_index=1。受控写入函数还必须确认 selected_option_id 属于 survey_question_id，并按 question_type 限制允许的值类型。
mkt,营销、HBTI问卷与奖励,mkt_survey_result,问卷测评结果,保存一次问卷作答锚点经具体算法版本计算或由历史来源迁入的 HBTI 类型及其他测评结果；历史结果可能缺少原答案，不能冒充可复算。,问卷作答 × 结果类型 × 算法版本一行,HBTI结果计算服务,HBTI | 财务网站 | 分析/BI,已验证问卷答案、批准的评分算法或明确标记不完整的历史结果,CORE_BUSINESS,CORE_MIGRATION,承接现有数据/契约或作为无损迁移必需治理底座,APPEND_ONLY,写入后不可修改；更正追加新事实或冲销事件,CORE_DECISION_OUTPUT,PASS_HISTORICAL_DECISION_FACT,CALCULABLE_BUT_CURRENT_INPUTS_CANNOT_RECREATE_PAST_DECISION,,KEEP_IN_PHASE1,R5_PHYSICAL_CANDIDATE_REAUDITED_IN_R6,CLAUDE_CORE_KEEP,保存一次问卷作答锚点经具体算法版本计算或由历史来源迁入的 HBTI 类型及其他测评结果；历史结果可能缺少原答案，不能冒充可复算。；虽然数值可计算，但该版本曾被提出、批准或用于触发行动，历史决定本身不可从当前输入反推。,按活动分析与会员隐私政策保留；删除联系信息不应破坏去标识结果统计,survey_result_id,survey_response_id → mkt_survey_response.survey_response_id | source_system_id → app_source_system.source_system_id,mkt_reward_claim.survey_result_id,v_mkt_campaign_performance,survey_response_id + result_type + algorithm_version | source_system_id + source_result_id [NULLS DISTINCT：仅非空值去重，允许多条空值],,source_system_id + source_result_id,,(source_system_id IS NULL) = (source_result_id IS NULL) | input_sha256 IS NOT NULL OR quality_status = 'INCOMPLETE_INPUT',结果是不可变事实，不反写 pos_member 当前列。只有存在真实答案且 input_sha256 非空的结果才可称为可复算；历史 result-only 迁移必须使用 quality_status='INCOMPLETE_INPUT'、input_sha256=NULL 和明确的历史算法版本，且不得反推答案。算法重跑追加新 algorithm_version；当前业务结果由 campaign_version.result_algorithm_version 明确选择，不回写旧结果为 SUPERSEDED。若新算法要改变会员展示或奖励规则，必须发布新活动版本。
mkt,营销、HBTI问卷与奖励,mkt_reward,活动奖励主数据,维护礼品、优惠券或权益的稳定身份。,一个可发放奖励一行,营销后台,HBTI | 财务网站 | 分析/BI,营销配置,CORE_BUSINESS,CORE_MIGRATION,承接现有数据/契约或作为无损迁移必需治理底座,CONTROLLED_UPDATE,主数据允许受权限、审计和并发控制的更新,CORE_MASTER_IDENTITY,PASS_MINIMUM_PHYSICAL_FOUNDATION,NO,,KEEP_IN_PHASE1,R5_PHYSICAL_CANDIDATE_REAUDITED_IN_R6,CLAUDE_CORE_KEEP,维护礼品、优惠券或权益的稳定身份。；稳定身份、有效期映射、单位换算或已发布定义无法从交易结果可靠反推。,业务存续期内保留；归档规则在实施前确认,reward_id,product_id → ops_product.product_id | created_by_user_id → app_user.user_id,mkt_reward_claim.reward_id | mkt_reward_stock.reward_id,,reward_code,,,,,
mkt,营销、HBTI问卷与奖励,mkt_reward_stock,活动奖励库存,保存活动版本、地点和奖励的可用、预留和已发数量。,活动版本 × 地点 × 奖励一行,HBTI/营销库存服务,HBTI | 财务网站 | 分析/BI,营销分配和奖励发放,CORE_BUSINESS,CORE_MIGRATION,承接现有数据/契约或作为无损迁移必需治理底座,CONTROLLED_WORKFLOW,只允许批准的状态机迁移并记录操作者和时间,CORE_WORKFLOW_FACT,PASS_MINIMUM_PHYSICAL_FOUNDATION,PARTIAL_FIELDS_DERIVED_IN_VIEW,available quantity and counter reconciliation -> v_mkt_reward_stock_reconciliation,KEEP_IN_PHASE1,R5_PHYSICAL_CANDIDATE_REAUDITED_IN_R6,CLAUDE_CORE_KEEP,保存活动版本、地点和奖励的可用、预留和已发数量。；人工决定、批准、状态转换或业务副作用本身就是事实，不能从最终结果倒推。,业务存续期内保留；归档规则在实施前确认,reward_stock_id,campaign_version_id → mkt_campaign_version.campaign_version_id | location_id → ops_location.location_id | reward_id → mkt_reward.reward_id,mkt_reward_claim(reward_stock_id+reward_id),v_mkt_campaign_performance | v_mkt_reward_stock_reconciliation,campaign_version_id + location_id + reward_id [NULLS NOT DISTINCT：空值也参与去重] | reward_stock_id + reward_id,campaign_version_id + location_id + reward_id,,,reserved_quantity + redeemed_quantity + damaged_quantity <= allocated_quantity | (unit_cost_estimate IS NULL) = (currency IS NULL),unit_cost_estimate 是活动分配时不可反推的批准预算快照，因此放在本粒度，不放奖励主档；没有成本时 currency 也必须为空。四个数量虽可由分配/领取事实核算，但本表是并发预留的事务控制行，不是分析快照；更新必须使用 version_no 乐观锁并与有 reward_stock_id 的 reward_claim 同事务。stockless 外部履约不扣本表库存。v_mkt_reward_stock_reconciliation 持续检查缓存计数与有库存领取事实是否漂移。
mkt,营销、HBTI问卷与奖励,mkt_reward_claim,活动奖励领取,记录会员选择、预留、发放、到期或取消一份奖励的完整状态。,活动会员 × 一次奖励领取一行,HBTI/营销库存服务,HBTI | 财务网站 | 分析/BI,会员选择和现场核销,CORE_BUSINESS,CORE_MIGRATION,承接现有数据/契约或作为无损迁移必需治理底座,CONTROLLED_WORKFLOW,只允许批准的状态机迁移并记录操作者和时间,CORE_WORKFLOW_FACT,PASS_MINIMUM_PHYSICAL_FOUNDATION,NO,,KEEP_IN_PHASE1,R5_PHYSICAL_CANDIDATE_REAUDITED_IN_R6,CLAUDE_CORE_KEEP,记录会员选择、预留、发放、到期或取消一份奖励的完整状态。；人工决定、批准、状态转换或业务副作用本身就是事实，不能从最终结果倒推。,业务存续期内保留；归档规则在实施前确认,reward_claim_id,campaign_member_id → mkt_campaign_member.campaign_member_id | reward_id → mkt_reward.reward_id | survey_result_id → mkt_survey_result.survey_result_id | redeemed_by_user_id → app_user.user_id | source_system_id → app_source_system.source_system_id | (reward_stock_id + reward_id) → mkt_reward_stock(reward_stock_id + reward_id) MATCH SIMPLE,,v_mkt_campaign_performance | v_mkt_reward_stock_reconciliation,idempotency_key | source_system_id + source_fulfillment_id [NULLS DISTINCT：仅非空值去重，允许多条空值],,source_system_id + source_fulfillment_id,,expires_at IS NULL OR (reserved_at IS NOT NULL AND expires_at > reserved_at) | (source_system_id IS NULL) = (source_fulfillment_id IS NULL) | reward_stock_id IS NOT NULL OR (source_system_id IS NOT NULL AND source_fulfillment_id IS NOT NULL) | status <> 'REDEEMED' OR redeemed_at IS NOT NULL,"有 reward_stock_id 的 claim 必须通过 (reward_stock_id,reward_id) 复合外键证明库存与奖励一致，并与 reward_stock 预留计数在同一事务内用 version_no 乐观锁更新；stockless 外部履约必须保存 source_system_id + source_fulfillment_id。REDEEMED 只证明实物/数字权益已发放，绝不证明 POS 消费。同一 idempotency_key 重跑只返回原 claim。"
msg,消息、会话与投递,msg_conversation,消息会话,统一表示内部助手、候选人 WhatsApp 或会员活动的一段会话，并用类型化外键连接业务对象。,一个渠道会话一行,BakeryOps消息服务,BakeryOps | HBTI | 分析/BI,WhatsApp、应用聊天或活动入口,CORE_PLATFORM,CORE_MIGRATION,承接现有数据/契约或作为无损迁移必需治理底座,CONTROLLED_UPDATE,主数据允许受权限、审计和并发控制的更新,CORE_PLATFORM_STATE,PASS_PLATFORM_SIDECAR_NOT_BUSINESS_FACT,NOT_DERIVABLE_FOR_RECOVERY_OR_SECURITY,last message display -> ordered msg_message,KEEP_IN_PHASE1,R5_PHYSICAL_CANDIDATE_REAUDITED_IN_R6,CLAUDE_CORE_KEEP,统一表示内部助手、候选人 WhatsApp 或会员活动的一段会话，并用类型化外键连接业务对象。；身份权限、幂等、安全、任务恢复、审计或投递恢复需要持久技术状态；它不是业务分析表。,业务存续期内保留；归档规则在实施前确认,conversation_id,application_id → hr_application.application_id | person_id → hr_person.person_id | member_id → pos_member.member_id | app_user_id → app_user.user_id,msg_conversation_state.conversation_id | msg_message.conversation_id | msg_outbound_message.conversation_id,,channel_code + external_conversation_id [NULLS DISTINCT：仅非空值去重，允许多条空值],,channel_code + external_conversation_id,,"closed_at IS NULL OR closed_at >= opened_at | num_nonnulls(application_id, person_id, member_id, app_user_id) >= 1",last_message_at 不重复保存；待跟进排序从 msg_message.occurred_at 的最大值派生并按性能证据决定是否建立物化索引视图。
msg,消息、会话与投递,msg_message,会话消息,只追加保存会话中的入站、出站和系统消息及经过审核的正文。,会话 × 一条消息一行,BakeryOps消息服务,BakeryOps | HBTI,渠道入站或应用生成,CORE_PLATFORM,CORE_MIGRATION,承接现有数据/契约或作为无损迁移必需治理底座,APPEND_ONLY,写入后不可修改；更正追加新事实或冲销事件,CORE_PLATFORM_STATE,PASS_PLATFORM_SIDECAR_NOT_BUSINESS_FACT,NOT_DERIVABLE_FOR_RECOVERY_OR_SECURITY,,KEEP_IN_PHASE1,R5_PHYSICAL_CANDIDATE_REAUDITED_IN_R6,CLAUDE_CORE_KEEP,只追加保存会话中的入站、出站和系统消息及经过审核的正文。；身份权限、幂等、安全、任务恢复、审计或投递恢复需要持久技术状态；它不是业务分析表。,按招聘、会员和内部会话类型分别设置；普通聊天不能无限期保留,message_id,conversation_id → msg_conversation.conversation_id | outbound_message_id → msg_outbound_message.outbound_message_id,msg_delivery_event.message_id,v_msg_delivery_current,conversation_id + external_message_id [NULLS DISTINCT：仅非空值去重，允许多条空值] | outbound_message_id [NULLS DISTINCT：仅非空值去重，允许多条空值],,conversation_id + external_message_id | outbound_message_id,,,"conversation_id 已提供渠道命名空间，因此 (conversation_id, external_message_id) 阻止重复入站；同一 outbound_message_id 只形成一条语义消息，渠道重试只写 msg_delivery_attempt，不复制正文。两种外键为空的内部 SYSTEM 消息仍由 message_id 区分。"
msg,消息、会话与投递,msg_conversation_state,会话流程状态,保存招聘或助手多轮流程的当前节点、已收集参数和到期时间；完成后仍保留最终状态摘要。,会话 × 工作流代码一行,BakeryOps编排器,BakeryOps,会话状态机,CORE_PLATFORM,CORE_MIGRATION,承接现有数据/契约或作为无损迁移必需治理底座,CONTROLLED_WORKFLOW,只允许批准的状态机迁移并记录操作者和时间,CORE_PLATFORM_STATE,PASS_PLATFORM_SIDECAR_NOT_BUSINESS_FACT,NOT_DERIVABLE_FOR_RECOVERY_OR_SECURITY,,KEEP_IN_PHASE1,R5_PHYSICAL_CANDIDATE_REAUDITED_IN_R6,CLAUDE_CORE_KEEP,保存招聘或助手多轮流程的当前节点、已收集参数和到期时间；完成后仍保留最终状态摘要。；身份权限、幂等、安全、任务恢复、审计或投递恢复需要持久技术状态；它不是业务分析表。,业务存续期内保留；归档规则在实施前确认,conversation_state_id,conversation_id → msg_conversation.conversation_id,,,conversation_id + workflow_code,,,,,这是为恢复多轮会话而保存的当前检查点，不是完整状态历史；业务事实仍写各自业务表，消息过程写 msg_message，关键状态变更写 app_audit_event。
msg,消息、会话与投递,msg_outbound_message,外发消息队列,保存待发送消息、业务推送自然键、最早发送时间、幂等键和队列状态；投递次数、最后错误和成功去重结论从投递事实派生。,一次计划外发消息一行,BakeryOps消息服务,BakeryOps | HBTI,招聘、运营推送或活动通知,CORE_PLATFORM,CORE_MIGRATION,承接现有数据/契约或作为无损迁移必需治理底座,CONTROLLED_QUEUE_STATE,只允许消息队列声明的状态迁移；尝试次数和最后错误从投递事实派生,CORE_PLATFORM_STATE,PASS_PLATFORM_SIDECAR_NOT_BUSINESS_FACT,NOT_DERIVABLE_FOR_RECOVERY_OR_SECURITY,attempt count and last error -> ordered msg_delivery_attempt | successful daily-push deduplication -> queue natural key + delivery facts,R6_MERGE_INTO: absorb msg_push_deduplication; queue natural key plus delivery facts determines success,R5_PHYSICAL_CANDIDATE_REAUDITED_IN_R6,CLAUDE_CORE_KEEP; CODEX_FURTHER_MERGED_REDUNDANT_CORE_SHELL,保存待发送消息、业务推送自然键、最早发送时间、幂等键和队列状态；投递次数、最后错误和成功去重结论从投递事实派生。；身份权限、幂等、安全、任务恢复、审计或投递恢复需要持久技术状态；它不是业务分析表。,业务存续期内保留；归档规则在实施前确认,outbound_message_id,conversation_id → msg_conversation.conversation_id | job_run_id → app_job_run.job_run_id | review_action_id → ops_review_action.review_action_id | ai_call_id → ai_call.ai_call_id | appointment_id → hr_appointment.appointment_id | campaign_member_id → mkt_campaign_member.campaign_member_id | queued_by_user_id → app_user.user_id,msg_delivery_attempt.outbound_message_id | msg_delivery_event.outbound_message_id | msg_message.outbound_message_id,v_msg_delivery_current,idempotency_key | push_kind + recipient_ref + business_date [NULLS DISTINCT：仅非空值去重，允许多条空值],,push_kind + recipient_ref + business_date,,"expires_at IS NULL OR expires_at > earliest_send_at | (push_kind IS NULL) = (business_date IS NULL) | (template_code IS NULL) = (template_version IS NULL) | num_nonnulls(conversation_id, job_run_id, review_action_id, ai_call_id, appointment_id, campaign_member_id, queued_by_user_id) >= 1",R6 终审将 msg_push_deduplication 合并到本表：push_kind + recipient_ref + business_date 是业务去重自然键，idempotency_key 是执行去重键；是否成功、尝试次数和最后错误分别从 msg_delivery_attempt 与可选 msg_delivery_event 确定性派生。payload 必须按 template_code + template_version 的固定 schema 经受控入队函数校验，未知键拒绝。失败重跑必须恢复同一 outbound_message，不新增重复消息。新模块要发消息时必须先增加明确 UUID 外键或专用关联表；禁止使用 extension_source_type/id 多态文本绕过稳定关系。
msg,消息、会话与投递,msg_delivery_attempt,消息投递尝试,只追加记录外发消息每次调用渠道、结果、外部消息ID和脱敏错误。,外发消息 × 一次发送尝试一行,BakeryOps消息worker,BakeryOps | 分析/BI,渠道发送结果,CORE_PLATFORM,CORE_MIGRATION,承接现有数据/契约或作为无损迁移必需治理底座,APPEND_ONLY,写入后不可修改；更正追加新事实或冲销事件,CORE_PLATFORM_STATE,PASS_PLATFORM_SIDECAR_NOT_BUSINESS_FACT,NOT_DERIVABLE_FOR_RECOVERY_OR_SECURITY,,KEEP_IN_PHASE1,R5_PHYSICAL_CANDIDATE_REAUDITED_IN_R6,CLAUDE_CORE_KEEP,只追加记录外发消息每次调用渠道、结果、外部消息ID和脱敏错误。；身份权限、幂等、安全、任务恢复、审计或投递恢复需要持久技术状态；它不是业务分析表。,业务存续期内保留；归档规则在实施前确认,delivery_attempt_id,outbound_message_id → msg_outbound_message.outbound_message_id,msg_delivery_event.delivery_attempt_id,v_msg_delivery_current,outbound_message_id + attempt_no,,,,finished_at IS NULL OR finished_at >= started_at,
msg,消息、会话与投递,msg_delivery_event,消息投递状态事件,只追加保存渠道回执中的 SENT、DELIVERED、READ、FAILED 等状态变化，避免覆盖消息历史状态。,外发消息 × 一次渠道状态事件一行,BakeryOps消息回执服务,BakeryOps | HBTI | 分析/BI,WhatsApp、邮件或其他渠道 webhook/轮询回执,EXTENSION_PACK:CHANNEL_RECEIPTS,PLANNED_MODULE,目标结构已设计，但当前未确认生产写入者；模块获批时才实施,APPEND_ONLY,写入后不可修改；更正追加新事实或冲销事件,EXTENSION_PACK,NOT_PHASE1_EXTENSION_ONLY,NOT_APPLICABLE_UNTIL_MODULE_ENABLED,,DESIGN_ONLY_DO_NOT_CREATE,R5_PHYSICAL_CANDIDATE_REAUDITED_IN_R6,CLAUDE_EXTENSION_LATER,只追加保存渠道回执中的 SENT、DELIVERED、READ、FAILED 等状态变化，避免覆盖消息历史状态。；只有对应模块启用并出现真实写入者、业务副作用或处理历史时才物理实施，首期不建。,按消息类型的保留策略保存；不得因清理正文而破坏投递审计,delivery_event_id,outbound_message_id → msg_outbound_message.outbound_message_id | message_id → msg_message.message_id | delivery_attempt_id → msg_delivery_attempt.delivery_attempt_id | source_system_id → app_source_system.source_system_id,,v_msg_delivery_current,source_system_id + source_event_id,,,,received_at >= occurred_at,当前状态由事件时间、状态优先级和 delivery_event_id 确定性派生；迟到回执不会覆盖或删除旧事件。
ai,Prompt版本与AI调用,ai_prompt_segment,Prompt片段版本,一行冻结一个可复用 Prompt 片段版本的内容、变量结构和校验值；不在每个模板关联中重复复制内容。,Prompt片段代码 × 版本号一行,BakeryOps AI配置,BakeryOps | 分析/BI,AI管理员配置,CORE_PLATFORM,CORE_MIGRATION,承接现有数据/契约或作为无损迁移必需治理底座,DRAFT_MUTABLE_THEN_FROZEN,草稿可编辑；发布、发送或生效后冻结并新建版本,CORE_PLATFORM_STATE,PASS_PLATFORM_SIDECAR_NOT_BUSINESS_FACT,NOT_DERIVABLE_FOR_RECOVERY_OR_SECURITY,,KEEP_IN_PHASE1,R5_PHYSICAL_CANDIDATE_REAUDITED_IN_R6,CLAUDE_CORE_KEEP,一行冻结一个可复用 Prompt 片段版本的内容、变量结构和校验值；不在每个模板关联中重复复制内容。；身份权限、幂等、安全、任务恢复、审计或投递恢复需要持久技术状态；它不是业务分析表。,业务存续期内保留；归档规则在实施前确认,prompt_segment_id,approved_by_user_id → app_user.user_id | created_by_user_id → app_user.user_id,ai_prompt_template_segment.prompt_segment_id,,segment_code + version_no,,,,,同一 segment_code 的内容变化只新增 version_no；模板关联只保存片段版本外键和组合顺序，不重复存 content、hash 或 variable_schema。
ai,Prompt版本与AI调用,ai_prompt_template,Prompt模板版本,一行冻结一个 AI 场景模板版本的模型、参数、输出 schema 和安全策略；不再为稳定模板头另拆版本表。,AI场景代码 × 版本号一行,BakeryOps AI配置,BakeryOps | 分析/BI,AI管理员发布,CORE_PLATFORM,CORE_MIGRATION,承接现有数据/契约或作为无损迁移必需治理底座,DRAFT_MUTABLE_THEN_FROZEN,草稿可编辑；发布、发送或生效后冻结并新建版本,CORE_PLATFORM_STATE,PASS_PLATFORM_SIDECAR_NOT_BUSINESS_FACT,NOT_DERIVABLE_FOR_RECOVERY_OR_SECURITY,,R6_MERGE_INTO: each row is one immutable template version; no separate template-version table,R5_PHYSICAL_CANDIDATE_REAUDITED_IN_R6,CLAUDE_KEEP_PLUS_MERGED_R5_OBJECT,一行冻结一个 AI 场景模板版本的模型、参数、输出 schema 和安全策略；不再为稳定模板头另拆版本表。；身份权限、幂等、安全、任务恢复、审计或投递恢复需要持久技术状态；它不是业务分析表。,业务存续期内保留；归档规则在实施前确认,prompt_template_id,approved_by_user_id → app_user.user_id | created_by_user_id → app_user.user_id,ai_call.prompt_template_id | ai_prompt_template_segment.prompt_template_id,,template_code + version_no,,,,,同一 template_code 的新配置只新增 version_no；ai_call 与片段行直接引用本版本主键。
ai,Prompt版本与AI调用,ai_prompt_template_segment,模板片段组合,按顺序连接模板版本和已冻结片段版本，只保存组合关系及消息角色。,模板版本 × 顺序一行,BakeryOps AI配置,BakeryOps | 分析/BI,批准的Prompt片段内容,CORE_PLATFORM,CORE_MIGRATION,承接现有数据/契约或作为无损迁移必需治理底座,APPEND_ONLY,写入后不可修改；更正追加新事实或冲销事件,CORE_PLATFORM_STATE,PASS_PLATFORM_SIDECAR_NOT_BUSINESS_FACT,NOT_DERIVABLE_FOR_RECOVERY_OR_SECURITY,content/hash/variable schema -> referenced ai_prompt_segment version,KEEP_IN_PHASE1,R5_PHYSICAL_CANDIDATE_REAUDITED_IN_R6,CLAUDE_CORE_KEEP,按顺序连接模板版本和已冻结片段版本，只保存组合关系及消息角色。；身份权限、幂等、安全、任务恢复、审计或投递恢复需要持久技术状态；它不是业务分析表。,业务存续期内保留；归档规则在实施前确认,prompt_template_segment_id,prompt_template_id → ai_prompt_template.prompt_template_id | prompt_segment_id → ai_prompt_segment.prompt_segment_id,,,prompt_template_id + sequence_no,,,,,最终 Prompt 内容由本行顺序连接 ai_prompt_segment.content 确定；禁止在关联表再复制片段文本、哈希或变量结构。
ai,Prompt版本与AI调用,ai_call,AI调用流水,记录一次模型调用的模板版本、调用方、输入引用、输出、token、成本、延迟和验证结果。,一次模型请求一行,BakeryOps AI服务,BakeryOps | 安全管理员 | 分析/BI,应用AI调用,CORE_PLATFORM,CORE_MIGRATION,承接现有数据/契约或作为无损迁移必需治理底座,CONTROLLED_UPDATE_UNTIL_TERMINAL,运行或同步进入终态前可更新，终态后冻结并以新运行重算,CORE_PLATFORM_STATE,PASS_PLATFORM_SIDECAR_NOT_BUSINESS_FACT,NOT_DERIVABLE_FOR_RECOVERY_OR_SECURITY,,KEEP_IN_PHASE1,R5_PHYSICAL_CANDIDATE_REAUDITED_IN_R6,CLAUDE_CORE_KEEP,记录一次模型调用的模板版本、调用方、输入引用、输出、token、成本、延迟和验证结果。；身份权限、幂等、安全、任务恢复、审计或投递恢复需要持久技术状态；它不是业务分析表。,脱敏正文按最短必要期限保留；结构化指标可长期保留,ai_call_id,prompt_template_id → ai_prompt_template.prompt_template_id | job_run_id → app_job_run.job_run_id | actor_user_id → app_user.user_id,msg_outbound_message.ai_call_id | ops_daily_review.ai_call_id | ops_production_plan_line.suggested_by_ai_call_id,,,,,,completed_at IS NULL OR completed_at >= started_at,
